"Sampling_date","Site","Replicate_number","Chlorophyll.A","Velocity","Sample.Type","Algae_Type","Concentration"
2023-01-15,"C1.5",1,3.7,NA,"Top rock","Diatoms",3.18
2023-01-15,"C1.5",2,1.6,NA,"Top rock","Diatoms",1.31
2023-01-15,"C1.5",3,1.8,NA,"Top rock","Diatoms",1.5
2023-01-15,"C1.5",4,3.9,NA,"Top rock","Diatoms",1.65
2023-01-15,"C1.5",5,0.8,NA,"Top rock","Diatoms",0.12
2023-01-15,"C1.5",6,0.3,NA,"Top rock","Diatoms",0.17
2023-01-15,"C1.5",7,2.9,NA,"Top rock","Diatoms",2.23
2023-01-15,"C1.5",8,3.3,NA,"Top rock","Diatoms",2.49
2023-01-15,"C1.5",9,1.3,NA,"Top rock","Diatoms",0.66
2023-01-15,"C1.5",10,0.7,NA,"Top rock","Diatoms",0.15
2023-01-15,"C1.5",11,7.6,NA,"Top rock","Diatoms",5.88
2023-01-15,"C1.5",12,0.9,NA,"Top rock","Diatoms",0.56
2023-01-15,"C1.5",13,0.5,NA,"Top rock","Diatoms",0.04
2023-01-15,"C1.5",14,1.1,NA,"Top rock","Diatoms",0.72
2023-01-15,"C1.5",15,5,NA,"Top rock","Diatoms",3.81
2023-01-15,"C1.5",16,2.6,NA,"Top rock","Diatoms",2.11
2023-01-15,"C1.5",17,1.2,NA,"Top rock","Diatoms",0.7
2023-01-15,"C1.5",18,1.8,NA,"Top rock","Diatoms",1.33
2023-01-15,"C1.5",19,2.7,NA,"Top rock","Diatoms",2.32
2023-01-15,"C1.5",20,3,NA,"Top rock","Diatoms",2.21
2023-01-15,"C2",1,0.5,NA,"Top rock","Diatoms",0.18
2023-01-15,"C2",2,2.3,NA,"Top rock","Diatoms",1.6
2023-01-15,"C2",3,1,NA,"Top rock","Diatoms",0.39
2023-01-15,"C2",4,1.2,NA,"Top rock","Diatoms",0.86
2023-01-15,"C2",5,1.5,NA,"Top rock","Diatoms",0.89
2023-01-15,"C2",6,2.2,NA,"Top rock","Diatoms",0.92
2023-01-15,"C2",7,1.1,NA,"Top rock","Diatoms",0.44
2023-01-15,"C2",8,1.3,NA,"Top rock","Diatoms",0.68
2023-01-15,"C2",9,6.3,NA,"Top rock","Diatoms",4.64
2023-01-15,"C2",10,0.8,NA,"Top rock","Diatoms",0.04
2023-01-15,"C2",11,1.2,NA,"Top rock","Diatoms",0.64
2023-01-15,"C2",12,2.9,NA,"Top rock","Diatoms",1.89
2023-01-15,"C2",13,2.9,NA,"Top rock","Diatoms",2.11
2023-01-15,"C2",14,3.7,NA,"Top rock","Diatoms",1.81
2023-01-15,"C2",15,1.9,NA,"Top rock","Diatoms",1.05
2023-01-15,"C2",16,1.9,NA,"Top rock","Diatoms",1
2023-01-15,"C2",17,0.6,NA,"Top rock","Diatoms",0.18
2023-01-15,"C2",18,0.8,NA,"Top rock","Diatoms",0.07
2023-01-15,"C2",19,2.1,NA,"Top rock","Diatoms",0.89
2023-01-15,"C2",20,1.1,NA,"Top rock","Diatoms",0.65
2023-01-15,"T1",1,0.7,NA,"Top rock","Diatoms",0.31
2023-01-15,"T1",2,1.6,NA,"Top rock","Diatoms",1.24
2023-01-15,"T1",3,0.5,NA,"Top rock","Diatoms",0.29
2023-01-15,"T1",4,2,NA,"Top rock","Diatoms",1.29
2023-01-15,"T1",5,1.3,NA,"Top rock","Diatoms",0.79
2023-01-15,"T1",6,0.4,NA,"Top rock","Diatoms",0.04
2023-01-15,"T1",7,0.3,NA,"Top rock","Diatoms",0.09
2023-01-15,"T1",8,0.5,NA,"Top rock","Diatoms",0.14
2023-01-15,"T1",9,0.2,NA,"Top rock","Diatoms",0.02
2023-01-15,"T1",10,0.9,NA,"Top rock","Diatoms",0.22
2023-01-15,"T1",11,8,NA,"Top rock","Diatoms",6.41
2023-01-15,"T1",12,0.5,NA,"Top rock","Diatoms",0
2023-01-15,"T1",13,0.3,NA,"Top rock","Diatoms",0
2023-01-15,"T1",14,1.7,NA,"Top rock","Diatoms",1.23
2023-01-15,"T1",15,1.1,NA,"Top rock","Diatoms",0.31
2023-01-15,"T1",16,0.7,NA,"Top rock","Diatoms",0.28
2023-01-15,"T1",17,0.3,NA,"Top rock","Diatoms",0
2023-01-15,"T1",18,0.4,NA,"Top rock","Diatoms",0.03
2023-01-15,"T1",19,0.2,NA,"Top rock","Diatoms",0
2023-01-15,"T1",20,0.3,NA,"Top rock","Diatoms",0
2023-01-15,"T2",1,5.6,NA,"Top rock","Diatoms",4.53
2023-01-15,"T2",2,6,NA,"Top rock","Diatoms",4.74
2023-01-15,"T2",3,1.4,NA,"Top rock","Diatoms",1.17
2023-01-15,"T2",4,5.5,NA,"Top rock","Diatoms",1.58
2023-01-15,"T2",5,6.3,NA,"Top rock","Diatoms",5.26
2023-01-15,"T2",6,10.7,NA,"Top rock","Diatoms",8.92
2023-01-15,"T2",7,0.3,NA,"Top rock","Diatoms",0.16
2023-01-15,"T2",8,4.5,NA,"Top rock","Diatoms",3.59
2023-01-15,"T2",9,1.3,NA,"Top rock","Diatoms",0.67
2023-01-15,"T2",10,6.4,NA,"Top rock","Diatoms",1.8
2023-01-15,"T2",11,4.5,NA,"Top rock","Diatoms",3.55
2023-01-15,"T2",12,3.1,NA,"Top rock","Diatoms",2.44
2023-01-15,"T2",13,5.1,NA,"Top rock","Diatoms",4.04
2023-01-15,"T2",14,3.3,NA,"Top rock","Diatoms",2.67
2023-01-15,"T2",15,6.8,NA,"Top rock","Diatoms",5.18
2023-01-15,"T2",16,0.9,NA,"Top rock","Diatoms",0.33
2023-01-15,"T2",17,3.1,NA,"Top rock","Diatoms",2.55
2023-01-15,"T2",18,5.8,NA,"Top rock","Diatoms",4.42
2023-01-15,"T2",19,1.5,NA,"Top rock","Diatoms",1.28
2023-01-15,"T2",20,8.1,NA,"Top rock","Diatoms",6.44
2023-01-15,"T3",1,0.4,NA,"Top rock","Diatoms",0
2023-01-15,"T3",2,0.7,NA,"Top rock","Diatoms",0
2023-01-15,"T3",3,0.3,NA,"Top rock","Diatoms",0
2023-01-15,"T3",4,0.4,NA,"Top rock","Diatoms",0
2023-01-15,"T3",5,0.2,NA,"Top rock","Diatoms",0
2023-01-15,"T3",6,2.3,NA,"Top rock","Diatoms",0.94
2023-01-15,"T3",7,0.5,NA,"Top rock","Diatoms",0
2023-01-15,"T3",8,0.3,NA,"Top rock","Diatoms",0
2023-01-15,"T3",9,0.7,NA,"Top rock","Diatoms",0
2023-01-15,"T3",10,0.3,NA,"Top rock","Diatoms",0
2023-01-15,"T3",11,0.6,NA,"Top rock","Diatoms",0
2023-01-15,"T3",12,0.8,NA,"Top rock","Diatoms",0.1
2023-01-15,"T3",13,1.7,NA,"Top rock","Diatoms",1.36
2023-01-15,"T3",14,0.6,NA,"Top rock","Diatoms",0.1
2023-01-15,"T3",15,0.7,NA,"Top rock","Diatoms",0
2023-01-15,"T3",16,0.7,NA,"Top rock","Diatoms",0.53
2023-01-15,"T3",17,0.8,NA,"Top rock","Diatoms",0.02
2023-01-15,"T3",18,0.4,NA,"Top rock","Diatoms",0.05
2023-01-15,"T3",19,1.1,NA,"Top rock","Diatoms",0.5
2023-01-15,"T3",20,1.1,NA,"Top rock","Diatoms",0.81
2023-03-21,"C1.5",1,0.2,NA,"Top rock","Diatoms",0
2023-03-21,"C1.5",2,0.6,NA,"Top rock","Diatoms",0
2023-03-21,"C1.5",3,0.2,NA,"Top rock","Diatoms",0
2023-03-21,"C1.5",4,0.5,NA,"Top rock","Diatoms",0
2023-03-21,"C1.5",5,0.3,NA,"Top rock","Diatoms",0
2023-03-21,"C1.5",6,4.8,NA,"Top rock","Diatoms",3.42
2023-03-21,"C1.5",7,0.2,NA,"Top rock","Diatoms",0
2023-03-21,"C1.5",8,4.6,NA,"Top rock","Diatoms",3.18
2023-03-21,"C1.5",9,1.7,NA,"Top rock","Diatoms",0.99
2023-03-21,"C1.5",10,0.1,NA,"Top rock","Diatoms",0
2023-03-21,"C1.5",11,0.2,NA,"Tile","Diatoms",0.14
2023-03-21,"C1.5",12,0,NA,"Tile","Diatoms",0
2023-03-21,"C1.5",13,0,NA,"Tile","Diatoms",0
2023-03-21,"C1.5",14,0.3,NA,"Top rock","Diatoms",0
2023-03-21,"C1.5",15,3.1,NA,"Top rock","Diatoms",2.26
2023-03-21,"C1.5",16,1,NA,"Top rock","Diatoms",0.72
2023-03-21,"C1.5",17,6.2,NA,"Top rock","Diatoms",4.91
2023-03-21,"C1.5",18,0.8,NA,"Top rock","Diatoms",0.39
2023-03-21,"C1.5",19,1.9,NA,"Top rock","Diatoms",1.1
2023-03-21,"C1.5",20,7.9,NA,"Top rock","Diatoms",6.12
2023-03-21,"C1.5",21,1.1,NA,"Top rock","Diatoms",0.58
2023-03-21,"C1.5",22,1.4,NA,"Top rock","Diatoms",0.97
2023-03-21,"C1.5",23,2.2,NA,"Top rock","Diatoms",1.52
2023-03-21,"C1.5",24,0,NA,"Tile","Diatoms",0
2023-03-21,"C1.5",25,0,NA,"Tile","Diatoms",0
2023-03-21,"C1.5",26,0,NA,"Tile","Diatoms",0
2023-03-21,"C2",1,0.5,NA,"Top rock","Diatoms",0
2023-03-21,"C2",2,0.2,NA,"Top rock","Diatoms",0
2023-03-21,"C2",3,0.3,NA,"Top rock","Diatoms",0
2023-03-21,"C2",4,0.9,NA,"Top rock","Diatoms",0
2023-03-21,"C2",5,0.4,NA,"Top rock","Diatoms",0
2023-03-21,"C2",6,2.6,NA,"Top rock","Diatoms",1.78
2023-03-21,"C2",7,5.8,NA,"Top rock","Diatoms",4.36
2023-03-21,"C2",8,3.6,NA,"Top rock","Diatoms",2.44
2023-03-21,"C2",9,0.3,NA,"Top rock","Diatoms",0
2023-03-21,"C2",10,9.9,NA,"Top rock","Diatoms",7.68
2023-03-21,"C2",11,0,NA,"Tile","Diatoms",0
2023-03-21,"C2",12,0,NA,"Tile","Diatoms",0
2023-03-21,"C2",13,0,NA,"Tile","Diatoms",0
2023-03-21,"C2",14,0.3,NA,"Top rock","Diatoms",0
2023-03-21,"C2",15,0.5,NA,"Top rock","Diatoms",0.02
2023-03-21,"C2",16,0.8,NA,"Top rock","Diatoms",0.54
2023-03-21,"C2",17,2.3,NA,"Top rock","Diatoms",1.66
2023-03-21,"C2",18,3.9,NA,"Top rock","Diatoms",2.87
2023-03-21,"C2",19,4.1,NA,"Top rock","Diatoms",3.07
2023-03-21,"C2",20,1.1,NA,"Top rock","Diatoms",0.74
2023-03-21,"C2",21,0.6,NA,"Top rock","Diatoms",0.45
2023-03-21,"C2",22,3.5,NA,"Top rock","Diatoms",2.56
2023-03-21,"C2",23,14.6,NA,"Top rock","Diatoms",11.84
2023-03-21,"C2",24,0,NA,"Tile","Diatoms",0
2023-03-21,"C2",25,0,NA,"Tile","Diatoms",0
2023-03-21,"T1",1,0.6,NA,"Top rock","Diatoms",0.08
2023-03-21,"T1",2,1.3,NA,"Top rock","Diatoms",0.97
2023-03-21,"T1",3,0.4,NA,"Top rock","Diatoms",0
2023-03-21,"T1",4,0.1,NA,"Top rock","Diatoms",0
2023-03-21,"T1",5,0.1,NA,"Top rock","Diatoms",0
2023-03-21,"T1",6,0,NA,"Top rock","Diatoms",0
2023-03-21,"T1",7,0.4,NA,"Top rock","Diatoms",0.14
2023-03-21,"T1",8,0.1,NA,"Top rock","Diatoms",0
2023-03-21,"T1",9,0.2,NA,"Top rock","Diatoms",0
2023-03-21,"T1",10,0,NA,"Top rock","Diatoms",0
2023-03-21,"T1",11,0,NA,"Tile","Diatoms",0
2023-03-21,"T1",12,0,NA,"Tile","Diatoms",0
2023-03-21,"T1",13,0,NA,"Tile","Diatoms",0
2023-03-21,"T1",14,1.9,NA,"Top rock","Diatoms",1.32
2023-03-21,"T1",15,3.5,NA,"Top rock","Diatoms",2.58
2023-03-21,"T1",16,2.1,NA,"Top rock","Diatoms",1.62
2023-03-21,"T1",17,1,NA,"Top rock","Diatoms",0.47
2023-03-21,"T1",18,3.6,NA,"Top rock","Diatoms",2.67
2023-03-21,"T1",19,4,NA,"Top rock","Diatoms",3.25
2023-03-21,"T1",20,12.4,NA,"Top rock","Diatoms",10.37
2023-03-21,"T1",21,0.3,NA,"Top rock","Diatoms",0
2023-03-21,"T1",22,0.2,NA,"Top rock","Diatoms",0
2023-03-21,"T1",23,0.1,NA,"Top rock","Diatoms",0
2023-03-21,"T1",24,0.1,NA,"Tile","Diatoms",0
2023-03-21,"T1",25,0,NA,"Tile","Diatoms",0
2023-03-21,"T1",25,0.1,NA,"Tile","Diatoms",0
2023-03-21,"T2",1,1.8,NA,"Top rock","Diatoms",1.19
2023-03-21,"T2",2,2.4,NA,"Top rock","Diatoms",1.77
2023-03-21,"T2",3,7.4,NA,"Top rock","Diatoms",4.5
2023-03-21,"T2",4,1.7,NA,"Top rock","Diatoms",0.54
2023-03-21,"T2",5,3.8,NA,"Top rock","Diatoms",1.83
2023-03-21,"T2",6,2.4,NA,"Top rock","Diatoms",1.08
2023-03-21,"T2",7,2.9,NA,"Top rock","Diatoms",0.6
2023-03-21,"T2",8,3.7,NA,"Top rock","Diatoms",0.8
2023-03-21,"T2",9,7.5,NA,"Top rock","Diatoms",6.2
2023-03-21,"T2",10,2.7,NA,"Top rock","Diatoms",1.87
2023-03-21,"T2",11,0,NA,"Tile","Diatoms",0
2023-03-21,"T2",12,0.1,NA,"Tile","Diatoms",0
2023-03-21,"T2",13,0.1,NA,"Tile","Diatoms",0.08
2023-03-21,"T2",14,3.2,NA,"Top rock","Diatoms",1.86
2023-03-21,"T2",15,2.7,NA,"Top rock","Diatoms",1.92
2023-03-21,"T2",16,2.6,NA,"Top rock","Diatoms",1.67
2023-03-21,"T2",17,3.5,NA,"Top rock","Diatoms",1.18
2023-03-21,"T2",18,3.2,NA,"Top rock","Diatoms",2.34
2023-03-21,"T2",19,9.9,NA,"Top rock","Diatoms",8.29
2023-03-21,"T2",20,0.3,NA,"Top rock","Diatoms",0.17
2023-03-21,"T2",21,13.4,NA,"Top rock","Diatoms",11.48
2023-03-21,"T2",22,0.1,NA,"Top rock","Diatoms",0
2023-03-21,"T2",23,0.1,NA,"Top rock","Diatoms",0
2023-03-21,"T2",24,0,NA,"Tile","Diatoms",0
2023-03-21,"T2",25,0,NA,"Tile","Diatoms",0
2023-03-21,"T2",26,0,NA,"Tile","Diatoms",0
2023-03-21,"T3",1,0.1,NA,"Top rock","Diatoms",0
2023-03-21,"T3",2,0.2,NA,"Top rock","Diatoms",0
2023-03-21,"T3",3,1.5,NA,"Top rock","Diatoms",0.82
2023-03-21,"T3",4,0.2,NA,"Top rock","Diatoms",0
2023-03-21,"T3",5,0.2,NA,"Top rock","Diatoms",0
2023-03-21,"T3",6,0.2,NA,"Top rock","Diatoms",0
2023-03-21,"T3",7,0.7,NA,"Top rock","Diatoms",0.45
2023-03-21,"T3",8,0.4,NA,"Top rock","Diatoms",0
2023-03-21,"T3",9,0.2,NA,"Top rock","Diatoms",0
2023-03-21,"T3",10,0.2,NA,"Top rock","Diatoms",0
2023-03-21,"T3",11,0,NA,"Tile","Diatoms",0
2023-03-21,"T3",12,0,NA,"Tile","Diatoms",0
2023-03-21,"T3",13,0,NA,"Tile","Diatoms",0
2023-03-21,"T3",14,0.1,NA,"Top rock","Diatoms",0
2023-03-21,"T3",15,0.1,NA,"Top rock","Diatoms",0
2023-03-21,"T3",16,0.8,NA,"Top rock","Diatoms",0.37
2023-03-21,"T3",17,0.2,NA,"Top rock","Diatoms",0
2023-03-21,"T3",18,0.2,NA,"Top rock","Diatoms",0
2023-03-21,"T3",19,0.1,NA,"Top rock","Diatoms",0
2023-03-21,"T3",20,0.2,NA,"Top rock","Diatoms",0
2023-03-21,"T3",21,0.2,NA,"Top rock","Diatoms",0
2023-03-21,"T3",22,0.1,NA,"Top rock","Diatoms",0
2023-03-21,"T3",23,0.1,NA,"Top rock","Diatoms",0
2023-03-21,"T3",24,0,NA,"Tile","Diatoms",0
2023-03-21,"T3",25,0,NA,"Tile","Diatoms",0
2023-03-21,"T3",26,0,NA,"Tile","Diatoms",0
2023-05-12,"C1.5",1,0.4,NA,"Top rock","Diatoms",0
2023-05-12,"C1.5",2,2.5,NA,"Top rock","Diatoms",1.79
2023-05-12,"C1.5",3,4.6,NA,"Top rock","Diatoms",3.58
2023-05-12,"C1.5",4,6.1,NA,"Top rock","Diatoms",4.73
2023-05-12,"C1.5",5,3,NA,"Top rock","Diatoms",2.32
2023-05-12,"C1.5",6,1.9,NA,"Top rock","Diatoms",1.46
2023-05-12,"C1.5",7,0.8,NA,"Top rock","Diatoms",0.51
2023-05-12,"C1.5",8,0.6,NA,"Top rock","Diatoms",0.39
2023-05-12,"C1.5",9,6,NA,"Top rock","Diatoms",4.9
2023-05-12,"C1.5",10,4.9,NA,"Top rock","Diatoms",3.78
2023-05-12,"C1.5",11,3.9,NA,"Top rock","Diatoms",2.95
2023-05-12,"C1.5",12,4.8,NA,"Top rock","Diatoms",3.61
2023-05-12,"C1.5",13,4.5,NA,"Top rock","Diatoms",3.44
2023-05-12,"C1.5",14,6.5,NA,"Top rock","Diatoms",5.12
2023-05-12,"C1.5",15,0.3,NA,"Top rock","Diatoms",0
2023-05-12,"C1.5",16,2.4,NA,"Top rock","Diatoms",1.92
2023-05-12,"C1.5",17,5.5,NA,"Top rock","Diatoms",4.03
2023-05-12,"C1.5",18,1.7,NA,"Top rock","Diatoms",1.32
2023-05-12,"C1.5",19,5.1,NA,"Top rock","Diatoms",3.94
2023-05-12,"C1.5",20,1.4,NA,"Top rock","Diatoms",0.83
2023-05-12,"C2",1,2.5,NA,"Top rock","Diatoms",1.99
2023-05-12,"C2",2,0.3,NA,"Top rock","Diatoms",0
2023-05-12,"C2",3,0.5,NA,"Top rock","Diatoms",0
2023-05-12,"C2",4,0.5,NA,"Top rock","Diatoms",0
2023-05-12,"C2",5,0.4,NA,"Top rock","Diatoms",0
2023-05-12,"C2",6,0.4,NA,"Top rock","Diatoms",0
2023-05-12,"C2",7,2.4,NA,"Top rock","Diatoms",1.86
2023-05-12,"C2",8,0.7,NA,"Top rock","Diatoms",0
2023-05-12,"C2",9,0.8,NA,"Top rock","Diatoms",0.35
2023-05-12,"C2",10,2.9,NA,"Top rock","Diatoms",1.15
2023-05-12,"C2",11,0.6,NA,"Top rock","Diatoms",0
2023-05-12,"C2",12,0.5,NA,"Top rock","Diatoms",0
2023-05-12,"C2",13,11.1,NA,"Top rock","Diatoms",8.71
2023-05-12,"C2",14,2.1,NA,"Top rock","Diatoms",1.39
2023-05-12,"C2",15,11.2,NA,"Top rock","Diatoms",8.86
2023-05-12,"C2",16,0.5,NA,"Top rock","Diatoms",0
2023-05-12,"C2",17,2.6,NA,"Top rock","Diatoms",1.52
2023-05-12,"C2",18,0.7,NA,"Top rock","Diatoms",0.11
2023-05-12,"C2",19,0.4,NA,"Top rock","Diatoms",0.02
2023-05-12,"C2",20,7.2,NA,"Top rock","Diatoms",5.43
2023-05-12,"T1",1,0.4,NA,"Top rock","Diatoms",0
2023-05-12,"T1",2,0.6,NA,"Top rock","Diatoms",0.2
2023-05-12,"T1",3,0.6,NA,"Top rock","Diatoms",0.05
2023-05-12,"T1",4,0.8,NA,"Top rock","Diatoms",0.03
2023-05-12,"T1",5,0.4,NA,"Top rock","Diatoms",0.3
2023-05-12,"T1",6,1.7,NA,"Top rock","Diatoms",1.26
2023-05-12,"T1",7,0.9,NA,"Top rock","Diatoms",0.18
2023-05-12,"T1",8,0.8,NA,"Top rock","Diatoms",0.24
2023-05-12,"T1",9,0.6,NA,"Top rock","Diatoms",0
2023-05-12,"T1",10,1.7,NA,"Top rock","Diatoms",1.38
2023-05-12,"T1",11,0.6,NA,"Top rock","Diatoms",0.19
2023-05-12,"T1",12,0.5,NA,"Top rock","Diatoms",0
2023-05-12,"T1",13,1.4,NA,"Top rock","Diatoms",0.31
2023-05-12,"T1",14,1.5,NA,"Top rock","Diatoms",0.47
2023-05-12,"T1",15,1.3,NA,"Top rock","Diatoms",0.93
2023-05-12,"T1",16,0.6,NA,"Top rock","Diatoms",0.16
2023-05-12,"T1",17,0.7,NA,"Top rock","Diatoms",0.2
2023-05-12,"T1",18,0.4,NA,"Top rock","Diatoms",0.04
2023-05-12,"T1",19,7.8,NA,"Top rock","Diatoms",2.37
2023-05-12,"T1",20,1.2,NA,"Top rock","Diatoms",0.38
2023-05-12,"T2",1,2.8,NA,"Top rock","Diatoms",1.37
2023-05-12,"T2",2,2.3,NA,"Top rock","Diatoms",1.53
2023-05-12,"T2",3,1.6,NA,"Top rock","Diatoms",1.26
2023-05-12,"T2",4,8.1,NA,"Top rock","Diatoms",3.85
2023-05-12,"T2",5,2.2,NA,"Top rock","Diatoms",0.69
2023-05-12,"T2",6,1.6,NA,"Top rock","Diatoms",1.25
2023-05-12,"T2",7,1.6,NA,"Top rock","Diatoms",1.2
2023-05-12,"T2",8,2.1,NA,"Top rock","Diatoms",1.63
2023-05-12,"T2",9,2,NA,"Top rock","Diatoms",1.17
2023-05-12,"T2",10,2.2,NA,"Top rock","Diatoms",1.69
2023-05-12,"T2",11,7.4,NA,"Top rock","Diatoms",5.89
2023-05-12,"T2",12,1.9,NA,"Top rock","Diatoms",1.42
2023-05-12,"T2",13,4.7,NA,"Top rock","Diatoms",3.74
2023-05-12,"T2",14,2.1,NA,"Top rock","Diatoms",1.71
2023-05-12,"T2",15,6.1,NA,"Top rock","Diatoms",4.86
2023-05-12,"T2",16,6,NA,"Top rock","Diatoms",2.88
2023-05-12,"T2",17,4.5,NA,"Top rock","Diatoms",3.5
2023-05-12,"T2",18,2.5,NA,"Top rock","Diatoms",2.04
2023-05-12,"T2",19,1.5,NA,"Top rock","Diatoms",1.16
2023-05-12,"T2",20,13.6,NA,"Top rock","Diatoms",10.38
2023-05-12,"T3",1,5.2,NA,"Top rock","Diatoms",3.95
2023-05-12,"T3",2,0.9,NA,"Top rock","Diatoms",0.46
2023-05-12,"T3",3,0.4,NA,"Top rock","Diatoms",0
2023-05-12,"T3",4,0.5,NA,"Top rock","Diatoms",0
2023-05-12,"T3",5,0.6,NA,"Top rock","Diatoms",0
2023-05-12,"T3",6,1.7,NA,"Top rock","Diatoms",1.4
2023-05-12,"T3",7,0.4,NA,"Top rock","Diatoms",0
2023-05-12,"T3",8,0.5,NA,"Top rock","Diatoms",0
2023-05-12,"T3",9,0.5,NA,"Top rock","Diatoms",0
2023-05-12,"T3",10,1.2,NA,"Top rock","Diatoms",0.86
2023-05-12,"T3",11,1,NA,"Top rock","Diatoms",0.7
2023-05-12,"T3",12,0.3,NA,"Top rock","Diatoms",0
2023-05-12,"T3",13,0.6,NA,"Top rock","Diatoms",0.07
2023-05-12,"T3",14,0.7,NA,"Top rock","Diatoms",0.15
2023-05-12,"T3",15,0.4,NA,"Top rock","Diatoms",0
2023-05-12,"T3",16,0.7,NA,"Top rock","Diatoms",0.11
2023-05-12,"T3",17,3.3,NA,"Top rock","Diatoms",2.63
2023-05-12,"T3",18,2.7,NA,"Top rock","Diatoms",2.11
2023-05-12,"T3",19,0.5,NA,"Top rock","Diatoms",0
2023-05-12,"T3",20,0.2,NA,"Top rock","Diatoms",0
2023-05-24,"C1.5",1,0.1,NA,"Tile","Diatoms",0
2023-05-24,"C1.5",2,0.1,NA,"Tile","Diatoms",0.1
2023-05-24,"C1.5",3,0.1,NA,"Tile","Diatoms",0
2023-05-24,"C2",1,0,NA,"Tile","Diatoms",0
2023-05-24,"C2",2,0.1,NA,"Tile","Diatoms",0
2023-05-24,"C2",3,0.1,NA,"Tile","Diatoms",0
2023-05-24,"C2",4,0.5,NA,"Tile","Diatoms",0.4
2023-05-24,"C2",5,0,NA,"Tile","Diatoms",0
2023-05-24,"C2",6,0.1,NA,"Tile","Diatoms",0
2023-05-24,"T1",1,0.1,NA,"Tile","Diatoms",0
2023-05-24,"T1",2,0.2,NA,"Tile","Diatoms",0.07
2023-05-24,"T1",3,0.1,NA,"Tile","Diatoms",0.02
2023-05-24,"T1",4,0.3,NA,"Tile","Diatoms",0
2023-05-24,"T1",5,0.2,NA,"Tile","Diatoms",0
2023-05-24,"T1",6,0.3,NA,"Tile","Diatoms",0
2023-05-24,"T2",1,0.6,NA,"Tile","Diatoms",0.29
2023-05-24,"T2",2,1.4,NA,"Tile","Diatoms",1.17
2023-05-24,"T2",3,0.8,NA,"Tile","Diatoms",0.54
2023-05-24,"T2",4,0.2,NA,"Tile","Diatoms",0.01
2023-05-24,"T2",5,0.2,NA,"Tile","Diatoms",0.03
2023-05-24,"T2",6,0.2,NA,"Tile","Diatoms",0.04
2023-05-24,"T3",1,0.9,NA,"Tile","Diatoms",0.15
2023-05-24,"T3",2,3.9,NA,"Tile","Diatoms",1.19
2023-05-24,"T3",3,1.9,NA,"Tile","Diatoms",0.39
2023-05-24,"T3",4,0.1,NA,"Tile","Diatoms",0.05
2023-05-24,"T3",5,1.6,NA,"Tile","Diatoms",1.06
2023-05-24,"T3",6,2.2,NA,"Tile","Diatoms",1.68
2023-06-27,"C1.5",1,1,NA,"Top rock","Diatoms",0.27
2023-06-27,"C1.5",2,0.8,NA,"Top rock","Diatoms",0.57
2023-06-27,"C1.5",3,1.4,NA,"Top rock","Diatoms",0.96
2023-06-27,"C1.5",4,2.4,NA,"Top rock","Diatoms",1.84
2023-06-27,"C1.5",5,1.3,NA,"Top rock","Diatoms",1
2023-06-27,"C1.5",6,1.6,NA,"Top rock","Diatoms",1.11
2023-06-27,"C1.5",7,1.4,NA,"Top rock","Diatoms",0.79
2023-06-27,"C1.5",8,1.2,NA,"Top rock","Diatoms",0.94
2023-06-27,"C1.5",9,1.4,NA,"Top rock","Diatoms",0.94
2023-06-27,"C1.5",10,0.3,NA,"Top rock","Diatoms",0
2023-06-27,"C1.5",11,4.9,NA,"Top rock","Diatoms",3.71
2023-06-27,"C1.5",12,0.3,NA,"Top rock","Diatoms",0.23
2023-06-27,"C1.5",13,5.2,NA,"Top rock","Diatoms",4.02
2023-06-27,"C1.5",14,1,NA,"Top rock","Diatoms",0.3
2023-06-27,"C1.5",15,0.9,NA,"Top rock","Diatoms",0.55
2023-06-27,"C1.5",16,0.5,NA,"Top rock","Diatoms",0.24
2023-06-27,"C1.5",17,0.8,NA,"Top rock","Diatoms",0
2023-06-27,"C1.5",18,0.1,NA,"Top rock","Diatoms",0
2023-06-27,"C1.5",19,2.5,NA,"Top rock","Diatoms",1.63
2023-06-27,"C1.5",20,2.8,NA,"Top rock","Diatoms",2.22
2023-06-27,"C2",1,1.7,NA,"Top rock","Diatoms",1.42
2023-06-27,"C2",2,0.7,NA,"Top rock","Diatoms",0.44
2023-06-27,"C2",3,2.2,NA,"Top rock","Diatoms",0.91
2023-06-27,"C2",4,3.6,NA,"Top rock","Diatoms",2.69
2023-06-27,"C2",5,1.3,NA,"Top rock","Diatoms",1.13
2023-06-27,"C2",6,1.2,NA,"Top rock","Diatoms",0.81
2023-06-27,"C2",7,3.1,NA,"Top rock","Diatoms",2.6
2023-06-27,"C2",8,1.9,NA,"Top rock","Diatoms",1.32
2023-06-27,"C2",9,2.1,NA,"Top rock","Diatoms",1.58
2023-06-27,"C2",10,1.6,NA,"Top rock","Diatoms",1.29
2023-06-27,"C2",11,3.5,NA,"Top rock","Diatoms",1.91
2023-06-27,"C2",12,2.5,NA,"Top rock","Diatoms",1.93
2023-06-27,"C2",13,3.5,NA,"Top rock","Diatoms",2.61
2023-06-27,"C2",14,2.5,NA,"Top rock","Diatoms",2.24
2023-06-27,"C2",15,2.2,NA,"Top rock","Diatoms",1.58
2023-06-27,"C2",16,3.7,NA,"Top rock","Diatoms",3.13
2023-06-27,"C2",17,2.1,NA,"Top rock","Diatoms",1.78
2023-06-27,"C2",18,3.4,NA,"Top rock","Diatoms",2.71
2023-06-27,"C2",19,3.3,NA,"Top rock","Diatoms",3.01
2023-06-27,"C2",20,8.4,NA,"Top rock","Diatoms",6.66
2023-06-27,"T1",1,0.6,NA,"Top rock","Diatoms",0.04
2023-06-27,"T1",2,2.8,NA,"Top rock","Diatoms",2.17
2023-06-27,"T1",3,2.6,NA,"Top rock","Diatoms",1.99
2023-06-27,"T1",4,4.2,NA,"Top rock","Diatoms",1.95
2023-06-27,"T1",5,2.6,NA,"Top rock","Diatoms",2.2
2023-06-27,"T1",6,3.7,NA,"Top rock","Diatoms",2.91
2023-06-27,"T1",7,0.4,NA,"Top rock","Diatoms",0
2023-06-27,"T1",8,3,NA,"Top rock","Diatoms",2.14
2023-06-27,"T1",9,1.4,NA,"Top rock","Diatoms",0.58
2023-06-27,"T1",10,2.5,NA,"Top rock","Diatoms",1.84
2023-06-27,"T1",11,10.5,NA,"Top rock","Diatoms",8.56
2023-06-27,"T1",12,1.4,NA,"Top rock","Diatoms",0.98
2023-06-27,"T1",13,5.7,NA,"Top rock","Diatoms",4.06
2023-06-27,"T1",14,0.1,NA,"Top rock","Diatoms",0
2023-06-27,"T1",15,1.6,NA,"Top rock","Diatoms",0.84
2023-06-27,"T1",16,2,NA,"Top rock","Diatoms",1.57
2023-06-27,"T1",17,3.3,NA,"Top rock","Diatoms",2.7
2023-06-27,"T1",18,2.7,NA,"Top rock","Diatoms",1.47
2023-06-27,"T1",19,2.7,NA,"Top rock","Diatoms",2.09
2023-06-27,"T1",20,1.9,NA,"Top rock","Diatoms",1.59
2023-06-27,"T2",1,4,NA,"Top rock","Diatoms",3.22
2023-06-27,"T2",2,2.6,NA,"Top rock","Diatoms",2.09
2023-06-27,"T2",3,6.8,NA,"Top rock","Diatoms",5.43
2023-06-27,"T2",4,2.3,NA,"Top rock","Diatoms",1.84
2023-06-27,"T2",5,10.5,NA,"Top rock","Diatoms",8.51
2023-06-27,"T2",6,12.2,NA,"Top rock","Diatoms",9.88
2023-06-27,"T2",7,1.8,NA,"Top rock","Diatoms",1.47
2023-06-27,"T2",8,14.4,NA,"Top rock","Diatoms",12.05
2023-06-27,"T2",9,9.9,NA,"Top rock","Diatoms",8.12
2023-06-27,"T2",10,2.1,NA,"Top rock","Diatoms",1.6
2023-06-27,"T2",11,3.6,NA,"Top rock","Diatoms",3.01
2023-06-27,"T2",12,6.1,NA,"Top rock","Diatoms",4.91
2023-06-27,"T2",13,2.5,NA,"Top rock","Diatoms",1.89
2023-06-27,"T2",14,6.6,NA,"Top rock","Diatoms",5.04
2023-06-27,"T2",15,3.5,NA,"Top rock","Diatoms",2.8
2023-06-27,"T2",16,5.8,NA,"Top rock","Diatoms",4.56
2023-06-27,"T2",17,10.7,NA,"Top rock","Diatoms",8.55
2023-06-27,"T2",18,8.4,NA,"Top rock","Diatoms",6.55
2023-06-27,"T2",19,4.7,NA,"Top rock","Diatoms",3.61
2023-06-27,"T2",20,4.1,NA,"Top rock","Diatoms",2.98
2023-06-27,"T3",1,0.7,NA,"Top rock","Diatoms",0.33
2023-06-27,"T3",2,2.1,NA,"Top rock","Diatoms",1.42
2023-06-27,"T3",3,1.7,NA,"Top rock","Diatoms",1.45
2023-06-27,"T3",4,3,NA,"Top rock","Diatoms",1.94
2023-06-27,"T3",5,2.6,NA,"Top rock","Diatoms",2.15
2023-06-27,"T3",6,1.1,NA,"Top rock","Diatoms",0.81
2023-06-27,"T3",7,3.9,NA,"Top rock","Diatoms",3.17
2023-06-27,"T3",8,3,NA,"Top rock","Diatoms",2.36
2023-06-27,"T3",9,1,NA,"Top rock","Diatoms",0.01
2023-06-27,"T3",10,0.3,NA,"Top rock","Diatoms",0
2023-06-27,"T3",11,0.3,NA,"Top rock","Diatoms",0.05
2023-06-27,"T3",12,0.4,NA,"Top rock","Diatoms",0.24
2023-06-27,"T3",13,3.5,NA,"Top rock","Diatoms",2.64
2023-06-27,"T3",14,0.4,NA,"Top rock","Diatoms",0
2023-06-27,"T3",15,4.7,NA,"Top rock","Diatoms",3.56
2023-06-27,"T3",16,2.8,NA,"Top rock","Diatoms",2.27
2023-06-27,"T3",17,10.1,NA,"Top rock","Diatoms",8.6
2023-06-27,"T3",18,6.8,NA,"Top rock","Diatoms",5.52
2023-06-27,"T3",19,4.6,NA,"Top rock","Diatoms",3.66
2023-06-27,"T3",20,6.1,NA,"Top rock","Diatoms",4.82
2023-07-31,"C1.5",1,1.7,NA,"Top rock","Diatoms",0.97
2023-07-31,"C1.5",2,0.4,NA,"Top rock","Diatoms",0
2023-07-31,"C1.5",3,0.3,NA,"Top rock","Diatoms",0
2023-07-31,"C1.5",4,0.6,NA,"Top rock","Diatoms",0
2023-07-31,"C1.5",5,0.3,NA,"Top rock","Diatoms",0
2023-07-31,"C1.5",6,0.7,NA,"Top rock","Diatoms",0.39
2023-07-31,"C1.5",7,0.6,NA,"Top rock","Diatoms",0
2023-07-31,"C1.5",8,0.3,NA,"Top rock","Diatoms",0
2023-07-31,"C1.5",9,0.9,NA,"Top rock","Diatoms",0.31
2023-07-31,"C1.5",10,2,NA,"Top rock","Diatoms",0.92
2023-07-31,"C1.5",11,0.3,NA,"Top rock","Diatoms",0.01
2023-07-31,"C1.5",12,0.9,NA,"Top rock","Diatoms",0.61
2023-07-31,"C1.5",13,0.5,NA,"Top rock","Diatoms",0.03
2023-07-31,"C1.5",14,0.3,NA,"Top rock","Diatoms",0
2023-07-31,"C1.5",15,0.2,NA,"Top rock","Diatoms",0
2023-07-31,"C1.5",16,1.2,NA,"Top rock","Diatoms",0.37
2023-07-31,"C1.5",17,0.2,NA,"Top rock","Diatoms",0
2023-07-31,"C1.5",18,2.6,NA,"Top rock","Diatoms",0.64
2023-07-31,"C1.5",19,0.6,NA,"Top rock","Diatoms",0.34
2023-07-31,"C1.5",20,2.4,NA,"Top rock","Diatoms",1.86
2023-07-31,"C2",1,0.4,NA,"Top rock","Diatoms",0.01
2023-07-31,"C2",2,0.4,NA,"Top rock","Diatoms",0.02
2023-07-31,"C2",3,0.5,NA,"Top rock","Diatoms",0.29
2023-07-31,"C2",4,0.3,NA,"Top rock","Diatoms",0
2023-07-31,"C2",5,0.6,NA,"Top rock","Diatoms",0.04
2023-07-31,"C2",6,2.6,NA,"Top rock","Diatoms",1.97
2023-07-31,"C2",7,0.9,NA,"Top rock","Diatoms",0.47
2023-07-31,"C2",8,1,NA,"Top rock","Diatoms",0.53
2023-07-31,"C2",9,0.7,NA,"Top rock","Diatoms",0.23
2023-07-31,"C2",10,0.7,NA,"Top rock","Diatoms",0
2023-07-31,"C2",11,0.7,NA,"Top rock","Diatoms",0
2023-07-31,"C2",12,0.2,NA,"Top rock","Diatoms",0
2023-07-31,"C2",13,0.4,NA,"Top rock","Diatoms",0
2023-07-31,"C2",14,0.5,NA,"Top rock","Diatoms",0
2023-07-31,"C2",15,0.5,NA,"Top rock","Diatoms",0
2023-07-31,"C2",16,0.4,NA,"Top rock","Diatoms",0.11
2023-07-31,"C2",17,0.8,NA,"Top rock","Diatoms",0
2023-07-31,"C2",18,0.5,NA,"Top rock","Diatoms",0.19
2023-07-31,"C2",19,1.6,NA,"Top rock","Diatoms",0.92
2023-07-31,"C2",20,0.6,NA,"Top rock","Diatoms",0.31
2023-07-31,"T1",1,0.6,NA,"Top rock","Diatoms",0.07
2023-07-31,"T1",2,2.1,NA,"Top rock","Diatoms",1.31
2023-07-31,"T1",3,1.3,NA,"Top rock","Diatoms",0.48
2023-07-31,"T1",4,2.1,NA,"Top rock","Diatoms",0.97
2023-07-31,"T1",5,0.4,NA,"Top rock","Diatoms",0.13
2023-07-31,"T1",6,1.7,NA,"Top rock","Diatoms",1.23
2023-07-31,"T1",7,1.6,NA,"Top rock","Diatoms",1.16
2023-07-31,"T1",8,2.9,NA,"Top rock","Diatoms",2.18
2023-07-31,"T1",9,2.4,NA,"Top rock","Diatoms",1.68
2023-07-31,"T1",10,6,NA,"Top rock","Diatoms",3.24
2023-07-31,"T1",11,0.9,NA,"Top rock","Diatoms",0.14
2023-07-31,"T1",12,0.9,NA,"Top rock","Diatoms",0.46
2023-07-31,"T1",13,0.5,NA,"Top rock","Diatoms",0
2023-07-31,"T1",14,1.6,NA,"Top rock","Diatoms",0.87
2023-07-31,"T1",15,1.5,NA,"Top rock","Diatoms",1.2
2023-07-31,"T1",16,0.7,NA,"Top rock","Diatoms",0.24
2023-07-31,"T1",17,0.3,NA,"Top rock","Diatoms",0
2023-07-31,"T1",18,1.7,NA,"Top rock","Diatoms",1.23
2023-07-31,"T1",19,1.9,NA,"Top rock","Diatoms",1.36
2023-07-31,"T1",20,4.5,NA,"Top rock","Diatoms",3.21
2023-07-31,"T2",1,0.3,NA,"Top rock","Diatoms",0.06
2023-07-31,"T2",2,1.5,NA,"Top rock","Diatoms",1.22
2023-07-31,"T2",3,1.3,NA,"Top rock","Diatoms",1
2023-07-31,"T2",4,3.2,NA,"Top rock","Diatoms",2.15
2023-07-31,"T2",5,0.5,NA,"Top rock","Diatoms",0.08
2023-07-31,"T2",6,3.6,NA,"Top rock","Diatoms",2.83
2023-07-31,"T2",7,1.4,NA,"Top rock","Diatoms",1
2023-07-31,"T2",8,3.7,NA,"Top rock","Diatoms",2.91
2023-07-31,"T2",9,3.4,NA,"Top rock","Diatoms",1.18
2023-07-31,"T2",10,2.7,NA,"Top rock","Diatoms",1.03
2023-07-31,"T2",11,0.4,NA,"Top rock","Diatoms",0.16
2023-07-31,"T2",12,1.6,NA,"Top rock","Diatoms",0.64
2023-07-31,"T2",13,0.3,NA,"Top rock","Diatoms",0
2023-07-31,"T2",14,4.2,NA,"Top rock","Diatoms",1.33
2023-07-31,"T2",15,2.8,NA,"Top rock","Diatoms",2.21
2023-07-31,"T2",16,1.5,NA,"Top rock","Diatoms",1.14
2023-07-31,"T2",17,0.9,NA,"Top rock","Diatoms",0.49
2023-07-31,"T2",18,2.9,NA,"Top rock","Diatoms",1.82
2023-07-31,"T2",19,2.9,NA,"Top rock","Diatoms",1.74
2023-07-31,"T2",20,3.7,NA,"Top rock","Diatoms",2.75
2023-07-31,"T3",1,1.9,NA,"Top rock","Diatoms",1.31
2023-07-31,"T3",2,2.9,NA,"Top rock","Diatoms",2.29
2023-07-31,"T3",3,2.3,NA,"Top rock","Diatoms",1.26
2023-07-31,"T3",4,2.8,NA,"Top rock","Diatoms",2.25
2023-07-31,"T3",5,0.5,NA,"Top rock","Diatoms",0.25
2023-07-31,"T3",6,2.1,NA,"Top rock","Diatoms",1.63
2023-07-31,"T3",7,0.4,NA,"Top rock","Diatoms",0.16
2023-07-31,"T3",8,2.7,NA,"Top rock","Diatoms",1.32
2023-07-31,"T3",9,5.4,NA,"Top rock","Diatoms",2.82
2023-07-31,"T3",10,0.5,NA,"Top rock","Diatoms",0
2023-07-31,"T3",11,0.7,NA,"Top rock","Diatoms",0.44
2023-07-31,"T3",12,3.8,NA,"Top rock","Diatoms",2.67
2023-07-31,"T3",13,2.6,NA,"Top rock","Diatoms",1.85
2023-07-31,"T3",14,1.1,NA,"Top rock","Diatoms",0.8
2023-07-31,"T3",15,2.2,NA,"Top rock","Diatoms",1.44
2023-07-31,"T3",16,3.4,NA,"Top rock","Diatoms",2.06
2023-07-31,"T3",17,3.9,NA,"Top rock","Diatoms",2.59
2023-07-31,"T3",18,3.1,NA,"Top rock","Diatoms",2.11
2023-07-31,"T3",19,4.6,NA,"Top rock","Diatoms",3.43
2023-07-31,"T3",20,2.7,NA,"Top rock","Diatoms",1.17
2023-10-04,"C1.5",1,0.9,NA,"Top rock","Diatoms",0.73
2023-10-04,"C1.5",2,1,NA,"Top rock","Diatoms",0.96
2023-10-04,"C1.5",3,0.4,NA,"Top rock","Diatoms",0.33
2023-10-04,"C1.5",4,0.6,NA,"Top rock","Diatoms",0.41
2023-10-04,"C1.5",5,1.1,NA,"Top rock","Diatoms",0.65
2023-10-04,"C1.5",6,1,NA,"Top rock","Diatoms",0.7
2023-10-04,"C1.5",7,4.9,NA,"Top rock","Diatoms",1.49
2023-10-04,"C1.5",8,0.9,NA,"Top rock","Diatoms",0.71
2023-10-04,"C1.5",9,0.3,NA,"Top rock","Diatoms",0.32
2023-10-04,"C1.5",10,1.1,NA,"Top rock","Diatoms",0.57
2023-10-04,"C1.5",11,0.9,NA,"Top rock","Diatoms",0.61
2023-10-04,"C1.5",12,1,NA,"Top rock","Diatoms",0.71
2023-10-04,"C1.5",13,0.5,NA,"Top rock","Diatoms",0.47
2023-10-04,"C1.5",14,2.5,NA,"Top rock","Diatoms",1.7
2023-10-04,"C1.5",15,1.2,NA,"Top rock","Diatoms",0.92
2023-10-04,"C1.5",16,0.6,NA,"Top rock","Diatoms",0.55
2023-10-04,"C1.5",17,0.6,NA,"Top rock","Diatoms",0.5
2023-10-04,"C1.5",18,0.9,NA,"Top rock","Diatoms",0.51
2023-10-04,"C1.5",19,0.6,NA,"Top rock","Diatoms",0.51
2023-10-04,"C1.5",20,3.6,NA,"Top rock","Diatoms",0.68
2023-10-04,"C2",1,1.6,NA,"Top rock","Diatoms",1.2
2023-10-04,"C2",2,1.1,NA,"Top rock","Diatoms",0.9
2023-10-04,"C2",3,1.1,NA,"Top rock","Diatoms",0.8
2023-10-04,"C2",4,2.4,NA,"Top rock","Diatoms",1.02
2023-10-04,"C2",5,1.3,NA,"Top rock","Diatoms",1.04
2023-10-04,"C2",6,0.7,NA,"Top rock","Diatoms",0.63
2023-10-04,"C2",7,1.1,NA,"Top rock","Diatoms",0.77
2023-10-04,"C2",8,1.9,NA,"Top rock","Diatoms",1.22
2023-10-04,"C2",9,1.8,NA,"Top rock","Diatoms",1.51
2023-10-04,"C2",10,8.3,NA,"Top rock","Diatoms",6.69
2023-10-04,"C2",11,1.1,NA,"Top rock","Diatoms",1.01
2023-10-04,"C2",12,2.4,NA,"Top rock","Diatoms",1.72
2023-10-04,"C2",13,2.6,NA,"Top rock","Diatoms",1.82
2023-10-04,"C2",14,3,NA,"Top rock","Diatoms",1.32
2023-10-04,"C2",15,1.8,NA,"Top rock","Diatoms",1.55
2023-10-04,"C2",16,1.5,NA,"Top rock","Diatoms",1.39
2023-10-04,"C2",17,0.9,NA,"Top rock","Diatoms",0.77
2023-10-04,"C2",18,1.7,NA,"Top rock","Diatoms",0.76
2023-10-04,"C2",19,1.3,NA,"Top rock","Diatoms",0.6
2023-10-04,"C2",20,3.1,NA,"Top rock","Diatoms",1.54
2023-10-04,"T1",1,1.1,NA,"Top rock","Diatoms",0.67
2023-10-04,"T1",2,2.1,NA,"Top rock","Diatoms",0.77
2023-10-04,"T1",3,2.3,NA,"Top rock","Diatoms",1.14
2023-10-04,"T1",4,1.1,NA,"Top rock","Diatoms",0.91
2023-10-04,"T1",5,1.4,NA,"Top rock","Diatoms",0.69
2023-10-04,"T1",6,1.3,NA,"Top rock","Diatoms",0.76
2023-10-04,"T1",7,2.5,NA,"Top rock","Diatoms",1.24
2023-10-04,"T1",8,1,NA,"Top rock","Diatoms",0.69
2023-10-04,"T1",9,1,NA,"Top rock","Diatoms",0.84
2023-10-04,"T1",10,1.2,NA,"Top rock","Diatoms",1.05
2023-10-04,"T1",11,3.1,NA,"Top rock","Diatoms",1.44
2023-10-04,"T1",12,1.9,NA,"Top rock","Diatoms",0.95
2023-10-04,"T1",13,1.7,NA,"Top rock","Diatoms",0.89
2023-10-04,"T1",14,1.2,NA,"Top rock","Diatoms",0.94
2023-10-04,"T1",15,2.1,NA,"Top rock","Diatoms",0.29
2023-10-04,"T1",16,0.9,NA,"Top rock","Diatoms",0.14
2023-10-04,"T1",17,1.8,NA,"Top rock","Diatoms",0.68
2023-10-04,"T1",18,1.7,NA,"Top rock","Diatoms",1.11
2023-10-04,"T1",19,2.3,NA,"Top rock","Diatoms",1.08
2023-10-04,"T1",20,1.1,NA,"Top rock","Diatoms",0.86
2023-10-04,"T2",1,0.4,NA,"Top rock","Diatoms",0.26
2023-10-04,"T2",2,0.5,NA,"Top rock","Diatoms",0.3
2023-10-04,"T2",3,1.4,NA,"Top rock","Diatoms",0.49
2023-10-04,"T2",4,0.3,NA,"Top rock","Diatoms",0.26
2023-10-04,"T2",5,3.5,NA,"Top rock","Diatoms",2.15
2023-10-04,"T2",6,1,NA,"Top rock","Diatoms",0.27
2023-10-04,"T2",7,0.9,NA,"Top rock","Diatoms",0.62
2023-10-04,"T2",8,0.9,NA,"Top rock","Diatoms",0.68
2023-10-04,"T2",9,5.2,NA,"Top rock","Diatoms",1.04
2023-10-04,"T2",10,2.7,NA,"Top rock","Diatoms",0.65
2023-10-04,"T2",11,0.8,NA,"Top rock","Diatoms",0.3
2023-10-04,"T2",12,0.8,NA,"Top rock","Diatoms",0.29
2023-10-04,"T2",13,2.1,NA,"Top rock","Diatoms",0.37
2023-10-04,"T2",14,0.7,NA,"Top rock","Diatoms",0.24
2023-10-04,"T2",15,0.6,NA,"Top rock","Diatoms",0.29
2023-10-04,"T2",16,1.2,NA,"Top rock","Diatoms",0.29
2023-10-04,"T2",17,4.7,NA,"Top rock","Diatoms",1.23
2023-10-04,"T2",18,1.2,NA,"Top rock","Diatoms",0.59
2023-10-04,"T2",19,0.4,NA,"Top rock","Diatoms",0.34
2023-10-04,"T2",20,6.1,NA,"Top rock","Diatoms",4.92
2023-10-04,"T3",1,2.3,NA,"Top rock","Diatoms",0.52
2023-10-04,"T3",2,1.1,NA,"Top rock","Diatoms",0.75
2023-10-04,"T3",3,0.9,NA,"Top rock","Diatoms",0.44
2023-10-04,"T3",4,0.6,NA,"Top rock","Diatoms",0.33
2023-10-04,"T3",5,4.2,NA,"Top rock","Diatoms",0.57
2023-10-04,"T3",6,0.3,NA,"Top rock","Diatoms",0.34
2023-10-04,"T3",7,4.9,NA,"Top rock","Diatoms",3.76
2023-10-04,"T3",8,1.3,NA,"Top rock","Diatoms",0.31
2023-10-04,"T3",9,3.2,NA,"Top rock","Diatoms",1.87
2023-10-04,"T3",10,5.4,NA,"Top rock","Diatoms",1.26
2023-10-04,"T3",11,0.4,NA,"Top rock","Diatoms",0.29
2023-10-04,"T3",12,0.3,NA,"Top rock","Diatoms",0.28
2023-10-04,"T3",13,1,NA,"Top rock","Diatoms",0.92
2023-10-04,"T3",14,0.7,NA,"Top rock","Diatoms",0.63
2023-10-04,"T3",15,3.1,NA,"Top rock","Diatoms",0.79
2023-10-04,"T3",16,0.8,NA,"Top rock","Diatoms",0.38
2023-10-04,"T3",17,0.5,NA,"Top rock","Diatoms",0.36
2023-10-04,"T3",18,0.5,NA,"Top rock","Diatoms",0.29
2023-10-04,"T3",19,0.7,NA,"Top rock","Diatoms",0.37
2023-10-04,"T3",20,0.7,NA,"Top rock","Diatoms",0.32
2024-05-13,"T1",1,0.5,NA,"Top rock","Diatoms",0.34
2024-05-13,"T1",2,0.3,NA,"Top rock","Diatoms",0
2024-05-13,"T1",3,0.1,NA,"Top rock","Diatoms",0
2024-05-13,"T1",4,0.1,NA,"Top rock","Diatoms",0
2024-05-13,"T1",5,0.2,NA,"Top rock","Diatoms",0
2024-05-13,"T1",6,1,NA,"Top rock","Diatoms",0.54
2024-05-13,"T1",7,0.2,NA,"Top rock","Diatoms",0
2024-05-13,"T1",8,0.8,NA,"Top rock","Diatoms",0.14
2024-05-13,"T1",9,0.5,NA,"Top rock","Diatoms",0
2024-05-13,"T1",10,0.3,NA,"Top rock","Diatoms",0.01
2024-05-13,"T1",11,2.5,NA,"Top rock","Diatoms",0.92
2024-05-13,"T1",12,0.6,NA,"Top rock","Diatoms",0.5
2024-05-13,"T1",13,1.2,NA,"Top rock","Diatoms",0.47
2024-05-13,"T1",14,1,NA,"Top rock","Diatoms",0.73
2024-05-13,"T1",15,0.2,NA,"Top rock","Diatoms",0
2024-05-13,"T1",16,1.6,NA,"Top rock","Diatoms",1.08
2024-05-13,"T1",17,0.3,NA,"Top rock","Diatoms",0
2024-05-13,"T1",18,12.6,NA,"Top rock","Diatoms",10.38
2024-05-13,"T1",19,0.2,NA,"Top rock","Diatoms",0
2024-05-13,"T1",20,0.4,NA,"Top rock","Diatoms",0
2024-05-14,"T3",1,4,NA,"Top rock","Diatoms",2.99
2024-05-14,"T3",2,3.1,NA,"Top rock","Diatoms",2.54
2024-05-14,"T3",3,2.3,NA,"Top rock","Diatoms",1.37
2024-05-14,"T3",4,1.5,NA,"Top rock","Diatoms",0.81
2024-05-14,"T3",5,1.7,NA,"Top rock","Diatoms",1.3
2024-05-14,"T3",6,3.3,NA,"Top rock","Diatoms",2.71
2024-05-14,"T3",7,2.3,NA,"Top rock","Diatoms",1.64
2024-05-14,"T3",8,3.4,NA,"Top rock","Diatoms",2.41
2024-05-14,"T3",9,6.3,NA,"Top rock","Diatoms",3.87
2024-05-14,"T3",10,3.2,NA,"Top rock","Diatoms",2.42
2024-05-14,"T3",11,1.1,NA,"Top rock","Diatoms",0.69
2024-05-14,"T3",12,0.1,NA,"Top rock","Diatoms",0
2024-05-14,"T3",13,0.6,NA,"Top rock","Diatoms",0.03
2024-05-14,"T3",14,0.2,NA,"Top rock","Diatoms",0
2024-05-14,"T3",15,0.9,NA,"Top rock","Diatoms",0.51
2024-05-14,"T3",16,0.5,NA,"Top rock","Diatoms",0.33
2024-05-14,"T3",17,2.4,NA,"Top rock","Diatoms",1.8
2024-05-14,"T3",18,1.9,NA,"Top rock","Diatoms",1.35
2024-05-14,"T3",19,5.6,NA,"Top rock","Diatoms",4.39
2024-05-14,"T3",20,1,NA,"Top rock","Diatoms",0.71
2024-05-15,"T2",1,1.3,NA,"Top rock","Diatoms",0.32
2024-05-15,"T2",2,0.3,NA,"Top rock","Diatoms",0
2024-05-15,"T2",3,0.5,NA,"Top rock","Diatoms",0.33
2024-05-15,"T2",4,5,NA,"Top rock","Diatoms",0.97
2024-05-15,"T2",5,2.1,NA,"Top rock","Diatoms",1.08
2024-05-15,"T2",6,3.1,NA,"Top rock","Diatoms",0.71
2024-05-15,"T2",7,2.5,NA,"Top rock","Diatoms",1.97
2024-05-15,"T2",8,3.9,NA,"Top rock","Diatoms",3.29
2024-05-15,"T2",9,2.8,NA,"Top rock","Diatoms",2.34
2024-05-15,"T2",10,1.9,NA,"Top rock","Diatoms",1.55
2024-05-15,"T2",11,2.8,NA,"Top rock","Diatoms",2.21
2024-05-15,"T2",12,1.6,NA,"Top rock","Diatoms",1.32
2024-05-15,"T2",13,3.9,NA,"Top rock","Diatoms",0.74
2024-05-15,"T2",14,0.2,NA,"Top rock","Diatoms",0
2024-05-15,"T2",15,0.8,NA,"Top rock","Diatoms",0.62
2024-05-15,"T2",16,3.8,NA,"Top rock","Diatoms",2.5
2024-05-15,"T2",17,0.2,NA,"Top rock","Diatoms",0
2024-05-15,"T2",18,0.4,NA,"Top rock","Diatoms",0
2024-05-15,"T2",19,1.3,NA,"Top rock","Diatoms",0.97
2024-05-15,"T2",20,3.6,NA,"Top rock","Diatoms",2.54
2024-05-16,"C1.5",1,2.2,NA,"Top rock","Diatoms",1.7
2024-05-16,"C1.5",2,0,NA,"Top rock","Diatoms",0
2024-05-16,"C1.5",3,1.7,NA,"Top rock","Diatoms",1.03
2024-05-16,"C1.5",4,0.1,NA,"Top rock","Diatoms",0
2024-05-16,"C1.5",5,0.8,NA,"Top rock","Diatoms",0.08
2024-05-16,"C1.5",6,0.3,NA,"Top rock","Diatoms",0
2024-05-16,"C1.5",7,0.1,NA,"Top rock","Diatoms",0
2024-05-16,"C1.5",8,1.7,NA,"Top rock","Diatoms",1.19
2024-05-16,"C1.5",9,4.1,NA,"Top rock","Diatoms",3.3
2024-05-16,"C1.5",10,1.4,NA,"Top rock","Diatoms",1.07
2024-05-16,"C1.5",11,0.5,NA,"Top rock","Diatoms",0.03
2024-05-16,"C1.5",12,0.3,NA,"Top rock","Diatoms",0.18
2024-05-16,"C1.5",13,2.7,NA,"Top rock","Diatoms",2.12
2024-05-16,"C1.5",14,0.1,NA,"Top rock","Diatoms",0
2024-05-16,"C1.5",15,0.1,NA,"Top rock","Diatoms",0
2024-05-16,"C1.5",16,0.2,NA,"Top rock","Diatoms",0
2024-05-16,"C1.5",17,0.2,NA,"Top rock","Diatoms",0
2024-05-16,"C1.5",18,0.1,NA,"Top rock","Diatoms",0
2024-05-16,"C1.5",19,0.5,NA,"Top rock","Diatoms",0.21
2024-05-16,"C1.5",20,0,NA,"Top rock","Diatoms",0
2024-05-17,"C2",1,2.1,NA,"Top rock","Diatoms",0.81
2024-05-17,"C2",2,0,NA,"Top rock","Diatoms",0
2024-05-17,"C2",3,0.1,NA,"Top rock","Diatoms",0
2024-05-17,"C2",4,0.1,NA,"Top rock","Diatoms",0
2024-05-17,"C2",5,0.1,NA,"Top rock","Diatoms",0
2024-05-17,"C2",6,1.4,NA,"Top rock","Diatoms",0.49
2024-05-17,"C2",7,0.3,NA,"Top rock","Diatoms",0
2024-05-17,"C2",8,0.3,NA,"Top rock","Diatoms",0
2024-05-17,"C2",9,0.1,NA,"Top rock","Diatoms",0
2024-05-17,"C2",10,0.1,NA,"Top rock","Diatoms",0
2024-05-17,"C2",11,0.2,NA,"Top rock","Diatoms",0
2024-05-17,"C2",12,0,NA,"Top rock","Diatoms",0
2024-05-17,"C2",13,1.7,NA,"Top rock","Diatoms",0.84
2024-05-17,"C2",14,0.1,NA,"Top rock","Diatoms",0
2024-05-17,"C2",15,0.1,NA,"Top rock","Diatoms",0
2024-05-17,"C2",16,1.3,NA,"Top rock","Diatoms",0.59
2024-05-17,"C2",17,0.5,NA,"Top rock","Diatoms",0.14
2024-05-17,"C2",18,0.2,NA,"Top rock","Diatoms",0
2024-05-17,"C2",19,0.1,NA,"Top rock","Diatoms",0
2024-05-17,"C2",20,1.1,NA,"Top rock","Diatoms",0.19
2024-07-24,"C1.5",1,0.51,0.18,"Top rock","Diatoms",0
2024-07-24,"C1.5",2,1.3,0.157,"Top rock","Diatoms",0.91
2024-07-24,"C1.5",3,0.51,0.192,"Top rock","Diatoms",0
2024-07-24,"C1.5",4,0.49,0.212,"Top rock","Diatoms",0.05
2024-07-24,"C1.5",5,0.5,0.225,"Top rock","Diatoms",0.01
2024-07-24,"C1.5",6,0.44,0.18,"Top rock","Diatoms",0.05
2024-07-24,"C1.5",7,0.38,0.132,"Top rock","Diatoms",0.16
2024-07-24,"C1.5",8,0.94,0.15,"Top rock","Diatoms",0.1
2024-07-24,"C1.5",9,0.55,0.145,"Top rock","Diatoms",0.12
2024-07-24,"C1.5",10,0.37,0.155,"Top rock","Diatoms",0
2024-07-24,"C1.5",11,0.67,0.089,"Top rock","Diatoms",0.17
2024-07-24,"C1.5",12,0.51,0.15,"Top rock","Diatoms",0.04
2024-07-24,"C1.5",13,0.37,0.18,"Top rock","Diatoms",0.11
2024-07-24,"C1.5",14,0.4,0.147,"Top rock","Diatoms",0
2024-07-24,"C1.5",15,1.43,0.082,"Top rock","Diatoms",0.56
2024-07-24,"C1.5",16,0.37,0.205,"Top rock","Diatoms",0.01
2024-07-24,"C1.5",17,0.41,0.175,"Top rock","Diatoms",0.02
2024-07-24,"C1.5",18,0.33,0.15,"Top rock","Diatoms",0.14
2024-07-24,"C1.5",19,0.4,0.345,"Top rock","Diatoms",0.06
2024-07-24,"C1.5",20,0.52,0.269,"Top rock","Diatoms",0.06
2024-07-24,"C2",1,0.88,0.107,"Top rock","Diatoms",0.18
2024-07-24,"C2",2,0.48,0.132,"Top rock","Diatoms",0.08
2024-07-24,"C2",3,1.33,0.125,"Top rock","Diatoms",0.2
2024-07-24,"C2",4,0.36,0.312,"Top rock","Diatoms",0.03
2024-07-24,"C2",5,0.24,0.232,"Top rock","Diatoms",0.01
2024-07-24,"C2",6,0.31,0.302,"Top rock","Diatoms",0
2024-07-24,"C2",7,0.8,0.17,"Top rock","Diatoms",0.38
2024-07-24,"C2",8,0.83,0.355,"Top rock","Diatoms",0
2024-07-24,"C2",9,0.57,0.11,"Top rock","Diatoms",0
2024-07-24,"C2",10,0.18,0.117,"Top rock","Diatoms",0
2024-07-24,"C2",11,0.49,0.22,"Top rock","Diatoms",0.18
2024-07-24,"C2",12,0.51,0.235,"Top rock","Diatoms",0.04
2024-07-24,"C2",13,0.25,0.23,"Top rock","Diatoms",0
2024-07-24,"C2",14,0.26,0.217,"Top rock","Diatoms",0
2024-07-24,"C2",15,0.65,0.077,"Top rock","Diatoms",0.21
2024-07-24,"C2",16,0.45,0.292,"Top rock","Diatoms",0.18
2024-07-24,"C2",17,0.2,0.207,"Top rock","Diatoms",0
2024-07-24,"C2",18,0.18,0.325,"Top rock","Diatoms",0
2024-07-24,"C2",19,0.41,0.242,"Top rock","Diatoms",0.09
2024-07-24,"C2",20,0.21,0.225,"Top rock","Diatoms",0
2024-07-24,"T1",1,0.29,0.245,"Top rock","Diatoms",0.01
2024-07-24,"T1",2,0.14,0.267,"Top rock","Diatoms",0
2024-07-24,"T1",3,0.75,0.222,"Top rock","Diatoms",0.25
2024-07-24,"T1",4,0.82,0.217,"Top rock","Diatoms",0.49
2024-07-24,"T1",5,1.84,0.087,"Top rock","Diatoms",1.4
2024-07-24,"T1",6,0.55,0.245,"Top rock","Diatoms",0
2024-07-24,"T1",7,2.31,0.207,"Top rock","Diatoms",1.87
2024-07-24,"T1",8,1.36,0.112,"Top rock","Diatoms",1.08
2024-07-24,"T1",9,0.29,0.14,"Top rock","Diatoms",0
2024-07-24,"T1",10,1.2,0.16,"Top rock","Diatoms",0.52
2024-07-24,"T1",11,1.6,0.08,"Top rock","Diatoms",1.07
2024-07-24,"T1",12,1.79,0.114,"Top rock","Diatoms",1.42
2024-07-24,"T1",13,1.28,0.105,"Top rock","Diatoms",1.01
2024-07-24,"T1",14,0.73,0.107,"Top rock","Diatoms",0.18
2024-07-24,"T1",15,1.25,0.152,"Top rock","Diatoms",0.93
2024-07-24,"T1",16,0.15,0.269,"Top rock","Diatoms",0
2024-07-24,"T1",17,0.18,0.132,"Top rock","Diatoms",0
2024-07-24,"T1",18,0.81,0.145,"Top rock","Diatoms",0.49
2024-07-24,"T1",19,0.14,0.25,"Top rock","Diatoms",0
2024-07-24,"T1",20,0.73,0.21,"Top rock","Diatoms",0.16
2024-07-24,"T2",1,0.3,0.132,"Top rock","Diatoms",0
2024-07-24,"T2",2,0.39,0.187,"Top rock","Diatoms",0.15
2024-07-24,"T2",3,0.61,0.227,"Top rock","Diatoms",0
2024-07-24,"T2",4,0.38,0.282,"Top rock","Diatoms",0
2024-07-24,"T2",5,0.35,0.177,"Top rock","Diatoms",0
2024-07-24,"T2",6,0.47,0.074,"Top rock","Diatoms",0.18
2024-07-24,"T2",7,0.25,0.142,"Top rock","Diatoms",0
2024-07-24,"T2",8,0.29,0.112,"Top rock","Diatoms",0.03
2024-07-24,"T2",9,1.35,0.157,"Top rock","Diatoms",0.78
2024-07-24,"T2",10,0.68,0.12,"Top rock","Diatoms",0.18
2024-07-24,"T2",11,0.59,0.18,"Top rock","Diatoms",0.36
2024-07-24,"T2",12,0.51,0.132,"Top rock","Diatoms",0
2024-07-24,"T2",13,1.09,0.082,"Top rock","Diatoms",0.78
2024-07-24,"T2",14,0.99,0.95,"Top rock","Diatoms",0.5
2024-07-24,"T2",15,0.57,0.135,"Top rock","Diatoms",0
2024-07-24,"T2",16,0.42,0.13,"Top rock","Diatoms",0
2024-07-24,"T2",17,0.76,0.105,"Top rock","Diatoms",0.34
2024-07-24,"T2",18,0.39,0.097,"Top rock","Diatoms",0
2024-07-24,"T2",19,0.52,0.08,"Top rock","Diatoms",0.09
2024-07-24,"T2",20,0.59,0.089,"Top rock","Diatoms",0.07
2024-07-24,"T3",1,1.61,0.26,"Top rock","Diatoms",1.31
2024-07-24,"T3",2,0.27,0.175,"Top rock","Diatoms",0
2024-07-24,"T3",3,1.51,0.195,"Top rock","Diatoms",1.19
2024-07-24,"T3",4,0.4,0.195,"Top rock","Diatoms",0.03
2024-07-24,"T3",5,0.3,0.105,"Top rock","Diatoms",0.13
2024-07-24,"T3",6,1.2,0.142,"Top rock","Diatoms",0.93
2024-07-24,"T3",7,0.21,0.097,"Top rock","Diatoms",0
2024-07-24,"T3",8,1.29,0.122,"Top rock","Diatoms",1.01
2024-07-24,"T3",9,0.2,0.087,"Top rock","Diatoms",0
2024-07-24,"T3",10,1.6,0.185,"Top rock","Diatoms",1
2024-07-24,"T3",11,0.74,0.122,"Top rock","Diatoms",0.44
2024-07-24,"T3",12,0.17,0.172,"Top rock","Diatoms",0
2024-07-24,"T3",13,0.27,0.185,"Top rock","Diatoms",0
2024-07-24,"T3",14,0.2,0.2,"Top rock","Diatoms",0
2024-07-24,"T3",15,0.18,0.195,"Top rock","Diatoms",0
2024-07-24,"T3",16,0.36,0.17,"Top rock","Diatoms",0
2024-07-24,"T3",17,0.98,0.155,"Top rock","Diatoms",0.36
2024-07-24,"T3",18,0.31,0.222,"Top rock","Diatoms",0.05
2024-07-24,"T3",19,1.26,0.13,"Top rock","Diatoms",0.93
2024-07-24,"T3",20,0.74,0.085,"Top rock","Diatoms",0
2024-07-29,"T3",1,0.3,NA,"Top rock","Diatoms",0.07
2024-07-29,"T3",2,0.4,NA,"Top rock","Diatoms",0.16
2024-07-29,"T3",3,0.7,NA,"Top rock","Diatoms",0.44
2024-07-29,"T3",4,0.4,NA,"Top rock","Diatoms",0.09
2024-07-29,"T3",5,0.6,NA,"Top rock","Diatoms",0.23
2024-07-29,"T3",6,0.6,NA,"Top rock","Diatoms",0.3
2024-07-29,"T3",7,0.7,NA,"Top rock","Diatoms",0
2024-07-29,"T3",8,1.1,NA,"Top rock","Diatoms",0.82
2024-07-29,"T3",9,0.4,NA,"Top rock","Diatoms",0
2024-07-29,"T3",10,0.3,NA,"Top rock","Diatoms",0
2024-07-29,"T3",11,0.5,NA,"Top rock","Diatoms",0
2024-07-29,"T3",12,0.4,NA,"Top rock","Diatoms",0.04
2024-07-29,"T3",13,0.4,NA,"Top rock","Diatoms",0.05
2024-07-29,"T3",14,0.3,NA,"Top rock","Diatoms",0
2024-07-29,"T3",15,0.3,NA,"Top rock","Diatoms",0.09
2024-07-29,"T3",16,0.3,NA,"Top rock","Diatoms",0.03
2024-07-29,"T3",17,0.2,NA,"Top rock","Diatoms",0
2024-07-29,"T3",18,0.2,NA,"Top rock","Diatoms",0
2024-07-29,"T3",19,0.4,NA,"Top rock","Diatoms",0.07
2024-07-29,"T3",20,0.2,NA,"Top rock","Diatoms",0
2024-07-30,"T1",1,0.1,NA,"Top rock","Diatoms",0
2024-07-30,"T1",2,1.1,NA,"Top rock","Diatoms",0.67
2024-07-30,"T1",3,0.1,NA,"Top rock","Diatoms",0
2024-07-30,"T1",4,0.4,NA,"Top rock","Diatoms",0.01
2024-07-30,"T1",5,0.1,NA,"Top rock","Diatoms",0
2024-07-30,"T1",6,0.6,NA,"Top rock","Diatoms",0
2024-07-30,"T1",7,0.2,NA,"Top rock","Diatoms",0
2024-07-30,"T1",8,0.1,NA,"Top rock","Diatoms",0
2024-07-30,"T1",9,0.6,NA,"Top rock","Diatoms",0.24
2024-07-30,"T1",10,0.3,NA,"Top rock","Diatoms",0
2024-07-30,"T1",11,0.4,NA,"Top rock","Diatoms",0
2024-07-30,"T1",12,2.2,NA,"Top rock","Diatoms",1.38
2024-07-30,"T1",13,0.4,NA,"Top rock","Diatoms",0.19
2024-07-30,"T1",14,0.8,NA,"Top rock","Diatoms",0.44
2024-07-30,"T1",15,0.2,NA,"Top rock","Diatoms",0
2024-07-30,"T1",16,0.2,NA,"Top rock","Diatoms",0
2024-07-30,"T1",17,0.5,NA,"Top rock","Diatoms",0.11
2024-07-30,"T1",18,0.4,NA,"Top rock","Diatoms",0
2024-07-30,"T1",19,0.3,NA,"Top rock","Diatoms",0
2024-07-30,"T1",20,0.2,NA,"Top rock","Diatoms",0
2024-07-31,"C1.5",1,0.9,NA,"Top rock","Diatoms",0.09
2024-07-31,"C1.5",2,0.8,NA,"Top rock","Diatoms",0.05
2024-07-31,"C1.5",3,0.9,NA,"Top rock","Diatoms",0.03
2024-07-31,"C1.5",4,0.4,NA,"Top rock","Diatoms",0.03
2024-07-31,"C1.5",5,0.1,NA,"Top rock","Diatoms",0
2024-07-31,"C1.5",6,0.8,NA,"Top rock","Diatoms",0.01
2024-07-31,"C1.5",7,1.1,NA,"Top rock","Diatoms",0.31
2024-07-31,"C1.5",8,0.8,NA,"Top rock","Diatoms",0.02
2024-07-31,"C1.5",9,0.7,NA,"Top rock","Diatoms",0
2024-07-31,"C1.5",10,0.6,NA,"Top rock","Diatoms",0.12
2024-07-31,"C1.5",11,0.4,NA,"Top rock","Diatoms",0.11
2024-07-31,"C1.5",12,0.2,NA,"Top rock","Diatoms",0
2024-07-31,"C1.5",13,0.3,NA,"Top rock","Diatoms",0.01
2024-07-31,"C1.5",14,0.9,NA,"Top rock","Diatoms",0.05
2024-07-31,"C1.5",15,0.6,NA,"Top rock","Diatoms",0.16
2024-07-31,"C1.5",16,0.6,NA,"Top rock","Diatoms",0.07
2024-07-31,"C1.5",17,0.3,NA,"Top rock","Diatoms",0.05
2024-07-31,"C1.5",18,0.6,NA,"Top rock","Diatoms",0.16
2024-07-31,"C1.5",19,0.9,NA,"Top rock","Diatoms",0.12
2024-07-31,"C1.5",20,0.3,NA,"Top rock","Diatoms",0
2024-08-01,"T2",1,0.3,NA,"Top rock","Diatoms",0
2024-08-01,"T2",2,0.5,NA,"Top rock","Diatoms",0.06
2024-08-01,"T2",3,0.7,NA,"Top rock","Diatoms",0
2024-08-01,"T2",4,0.7,NA,"Top rock","Diatoms",0.01
2024-08-01,"T2",5,0.9,NA,"Top rock","Diatoms",0.09
2024-08-01,"T2",6,1.2,NA,"Top rock","Diatoms",0.18
2024-08-01,"T2",7,1.4,NA,"Top rock","Diatoms",1.03
2024-08-01,"T2",8,0.5,NA,"Top rock","Diatoms",0.02
2024-08-01,"T2",9,1.2,NA,"Top rock","Diatoms",0.79
2024-08-01,"T2",10,0.7,NA,"Top rock","Diatoms",0.12
2024-08-01,"T2",11,0.9,NA,"Top rock","Diatoms",0.34
2024-08-01,"T2",12,1.8,NA,"Top rock","Diatoms",1.43
2024-08-01,"T2",13,0.7,NA,"Top rock","Diatoms",0.09
2024-08-01,"T2",14,1.1,NA,"Top rock","Diatoms",0.27
2024-08-01,"T2",15,0.3,NA,"Top rock","Diatoms",0
2024-08-01,"T2",16,0.6,NA,"Top rock","Diatoms",0.12
2024-08-01,"T2",17,0.4,NA,"Top rock","Diatoms",0
2024-08-01,"T2",18,0.2,NA,"Top rock","Diatoms",0
2024-08-01,"T2",19,0.7,NA,"Top rock","Diatoms",0
2024-08-01,"T2",20,0.5,NA,"Top rock","Diatoms",0
2024-08-02,"C2",1,0.3,NA,"Top rock","Diatoms",0.05
2024-08-02,"C2",2,0.8,NA,"Top rock","Diatoms",0.32
2024-08-02,"C2",3,0.5,NA,"Top rock","Diatoms",0
2024-08-02,"C2",4,0.2,NA,"Top rock","Diatoms",0.04
2024-08-02,"C2",5,0.6,NA,"Top rock","Diatoms",0
2024-08-02,"C2",6,0.4,NA,"Top rock","Diatoms",0.22
2024-08-02,"C2",7,0.4,NA,"Top rock","Diatoms",0.09
2024-08-02,"C2",8,0.4,NA,"Top rock","Diatoms",0.21
2024-08-02,"C2",9,0.4,NA,"Top rock","Diatoms",0.14
2024-08-02,"C2",10,2.1,NA,"Top rock","Diatoms",1.23
2024-08-02,"C2",11,0.3,NA,"Top rock","Diatoms",0
2024-08-02,"C2",12,0.2,NA,"Top rock","Diatoms",0
2024-08-02,"C2",13,1,NA,"Top rock","Diatoms",0
2024-08-02,"C2",14,0.7,NA,"Top rock","Diatoms",0.26
2024-08-02,"C2",15,0.3,NA,"Top rock","Diatoms",0.03
2024-08-02,"C2",16,0.1,NA,"Top rock","Diatoms",0
2024-08-02,"C2",17,0.4,NA,"Top rock","Diatoms",0
2024-08-02,"C2",18,0.6,NA,"Top rock","Diatoms",0.29
2024-08-02,"C2",19,1.9,NA,"Top rock","Diatoms",1.37
2024-08-02,"C2",20,0.9,NA,"Top rock","Diatoms",0.4
2024-08-13,"C1.5",1,0.25,0.12,"Top rock","Diatoms",0
2024-08-13,"C1.5",2,0.41,0.155,"Top rock","Diatoms",0
2024-08-13,"C1.5",3,0.6,0.125,"Top rock","Diatoms",0
2024-08-13,"C1.5",4,0.29,0.112,"Top rock","Diatoms",0
2024-08-13,"C1.5",5,0.55,0.105,"Top rock","Diatoms",0
2024-08-13,"C1.5",6,0.19,0.114,"Top rock","Diatoms",0
2024-08-13,"C1.5",7,0.2,0.122,"Top rock","Diatoms",0
2024-08-13,"C1.5",8,0.31,0.157,"Top rock","Diatoms",0
2024-08-13,"C1.5",9,0.43,0.074,"Top rock","Diatoms",0.01
2024-08-13,"C1.5",10,0.31,0.082,"Top rock","Diatoms",0
2024-08-13,"C1.5",11,0.52,0.105,"Top rock","Diatoms",0
2024-08-13,"C1.5",12,0.21,0.235,"Top rock","Diatoms",0
2024-08-13,"C1.5",13,0.19,0.137,"Top rock","Diatoms",0
2024-08-13,"C1.5",14,0.29,0.147,"Top rock","Diatoms",0
2024-08-13,"C1.5",15,0.2,0.055,"Top rock","Diatoms",0
2024-08-13,"C1.5",16,0.23,0.18,"Top rock","Diatoms",0
2024-08-13,"C1.5",17,0.87,0.142,"Top rock","Diatoms",0.1
2024-08-13,"C1.5",18,0.79,0.287,"Top rock","Diatoms",0
2024-08-13,"C1.5",19,0.28,0.18,"Top rock","Diatoms",0
2024-08-13,"C1.5",20,0.23,0.137,"Top rock","Diatoms",0
2024-08-13,"C2",1,0.49,0.095,"Top rock","Diatoms",0
2024-08-13,"C2",2,0.35,0.107,"Top rock","Diatoms",0.08
2024-08-13,"C2",3,0.66,0.24,"Top rock","Diatoms",0
2024-08-13,"C2",4,0.7,0.062,"Top rock","Diatoms",0.33
2024-08-13,"C2",5,0.14,0.167,"Top rock","Diatoms",0
2024-08-13,"C2",6,0.35,0.197,"Top rock","Diatoms",0.03
2024-08-13,"C2",7,0.22,0.152,"Top rock","Diatoms",0
2024-08-13,"C2",8,0.92,0.212,"Top rock","Diatoms",0.6
2024-08-13,"C2",9,0.27,0.297,"Top rock","Diatoms",0.04
2024-08-13,"C2",10,0.35,0.077,"Top rock","Diatoms",0.11
2024-08-13,"C2",11,0.18,0.117,"Top rock","Diatoms",0
2024-08-13,"C2",12,0.26,0.422,"Top rock","Diatoms",0.01
2024-08-13,"C2",13,0.86,0.217,"Top rock","Diatoms",0
2024-08-13,"C2",14,0.67,0.2,"Top rock","Diatoms",0.08
2024-08-13,"C2",15,0.4,0.107,"Top rock","Diatoms",0.1
2024-08-13,"C2",16,0.23,0.262,"Top rock","Diatoms",0
2024-08-13,"C2",17,0.2,0.167,"Top rock","Diatoms",0
2024-08-13,"C2",18,0.19,0.19,"Top rock","Diatoms",0
2024-08-13,"C2",19,0.46,0.072,"Top rock","Diatoms",0.08
2024-08-13,"C2",20,1.02,0.217,"Top rock","Diatoms",0.35
2024-08-13,"T1",1,0.12,0.157,"Top rock","Diatoms",0
2024-08-13,"T1",2,0.17,0.132,"Top rock","Diatoms",0
2024-08-13,"T1",3,0.08,0.2,"Top rock","Diatoms",0
2024-08-13,"T1",4,0.24,0.04,"Top rock","Diatoms",0
2024-08-13,"T1",5,0.11,0.087,"Top rock","Diatoms",0
2024-08-13,"T1",6,1.04,0.18,"Top rock","Diatoms",0.25
2024-08-13,"T1",7,0.09,0.14,"Top rock","Diatoms",0
2024-08-13,"T1",8,0.86,0.12,"Top rock","Diatoms",0.62
2024-08-13,"T1",9,1.38,0.077,"Top rock","Diatoms",1.18
2024-08-13,"T1",10,0.93,0.114,"Top rock","Diatoms",0.68
2024-08-13,"T1",11,1.04,0.047,"Top rock","Diatoms",0.83
2024-08-13,"T1",12,0.32,0.062,"Top rock","Diatoms",0.06
2024-08-13,"T1",13,0.86,0.04,"Top rock","Diatoms",0.73
2024-08-13,"T1",14,0.32,0.152,"Top rock","Diatoms",0.12
2024-08-13,"T1",15,0.13,0.137,"Top rock","Diatoms",0
2024-08-13,"T1",16,0.3,0.197,"Top rock","Diatoms",0
2024-08-13,"T1",17,0.11,0.247,"Top rock","Diatoms",0
2024-08-13,"T1",18,0.59,0.26,"Top rock","Diatoms",0
2024-08-13,"T1",19,0.17,0.114,"Top rock","Diatoms",0
2024-08-13,"T1",20,0.81,0.185,"Top rock","Diatoms",0.11
2024-08-13,"T2",1,0.39,0.091,"Top rock","Diatoms",0
2024-08-13,"T2",2,0.56,0.1,"Top rock","Diatoms",0
2024-08-13,"T2",3,0.55,0.16,"Top rock","Diatoms",0
2024-08-13,"T2",4,1.15,0.047,"Top rock","Diatoms",0.91
2024-08-13,"T2",5,0.74,0.039,"Top rock","Diatoms",0.33
2024-08-13,"T2",6,1.95,0.06,"Top rock","Diatoms",1.53
2024-08-13,"T2",7,0.36,0.15,"Top rock","Diatoms",0.06
2024-08-13,"T2",8,0.87,0.162,"Top rock","Diatoms",0
2024-08-13,"T2",9,2.98,0.117,"Top rock","Diatoms",2.31
2024-08-13,"T2",10,0.66,0.022,"Top rock","Diatoms",0.31
2024-08-13,"T2",11,2.79,0.1,"Top rock","Diatoms",1.99
2024-08-13,"T2",12,6.51,0.07,"Top rock","Diatoms",5.31
2024-08-13,"T2",13,1.3,0.032,"Top rock","Diatoms",1.09
2024-08-13,"T2",14,0.91,0.04,"Top rock","Diatoms",0.74
2024-08-13,"T2",15,2.63,0.028,"Top rock","Diatoms",2.36
2024-08-13,"T2",16,1.06,0.097,"Top rock","Diatoms",0.28
2024-08-13,"T2",17,1.09,0.065,"Top rock","Diatoms",0.69
2024-08-13,"T2",18,2.97,0.08,"Top rock","Diatoms",1.1
2024-08-13,"T2",19,1.37,0.052,"Top rock","Diatoms",0.87
2024-08-13,"T2",20,0.64,0.157,"Top rock","Diatoms",0
2024-08-13,"T2",21,1.59,0.107,"Top rock","Diatoms",0.53
2024-08-13,"T3",1,0.28,0.095,"Top rock","Diatoms",0
2024-08-13,"T3",2,0.23,0.192,"Top rock","Diatoms",0
2024-08-13,"T3",3,4.54,0.077,"Top rock","Diatoms",3.42
2024-08-13,"T3",4,0.55,0.165,"Top rock","Diatoms",0.08
2024-08-13,"T3",5,0.65,0.112,"Top rock","Diatoms",0.11
2024-08-13,"T3",6,1.4,0.17,"Top rock","Diatoms",0.79
2024-08-13,"T3",7,1.2,0.097,"Top rock","Diatoms",0.62
2024-08-13,"T3",8,0.47,0.12,"Top rock","Diatoms",0
2024-08-13,"T3",9,0.73,0.202,"Top rock","Diatoms",0
2024-08-13,"T3",10,0.64,0.147,"Top rock","Diatoms",0
2024-08-13,"T3",11,0.56,0.089,"Top rock","Diatoms",0
2024-08-13,"T3",12,0.48,0.162,"Top rock","Diatoms",0
2024-08-13,"T3",13,0.24,0.13,"Top rock","Diatoms",0
2024-08-13,"T3",14,0.18,0.197,"Top rock","Diatoms",0
2024-08-13,"T3",15,0.44,0.322,"Top rock","Diatoms",0
2024-08-13,"T3",16,0.25,0.165,"Top rock","Diatoms",0
2024-08-13,"T3",17,0.29,0.072,"Top rock","Diatoms",0
2024-08-13,"T3",18,0.49,0.081,"Top rock","Diatoms",0
2024-08-13,"T3",19,0.12,0.08,"Top rock","Diatoms",0
2024-08-13,"T3",20,0.34,0.097,"Top rock","Diatoms",0
2024-09-26,"C2",1,1.67,1,"Top rock","Diatoms",0.58
2024-09-26,"C2",2,2.18,1.33,"Top rock","Diatoms",0.84
2024-09-26,"C2",3,1.43,0.76,"Top rock","Diatoms",0.38
2024-09-26,"C2",4,1.81,0.73,"Top rock","Diatoms",0.35
2024-09-26,"C2",5,1.04,1.13,"Top rock","Diatoms",0.15
2024-09-26,"C2",6,1.9,1.27,"Top rock","Diatoms",0.45
2024-09-26,"C2",7,2.22,1.04,"Top rock","Diatoms",0.69
2024-09-26,"C2",8,1.54,1.05,"Top rock","Diatoms",0.32
2024-09-26,"C2",9,0.99,1.04,"Top rock","Diatoms",0.33
2024-09-26,"C2",10,1.27,1.1,"Top rock","Diatoms",0.02
2024-09-26,"C2",11,4.63,0.59,"Top rock","Diatoms",3.79
2024-09-26,"C2",12,0.73,0.68,"Top rock","Diatoms",0.03
2024-09-26,"C2",13,2.74,0.86,"Top rock","Diatoms",0.95
2024-09-26,"C2",14,2.19,1.32,"Top rock","Diatoms",1.1
2024-09-26,"C2",15,1.96,0.77,"Top rock","Diatoms",0.96
2024-09-26,"C2",16,2.79,0.83,"Top rock","Diatoms",1.24
2024-09-26,"C2",17,0.92,0.58,"Top rock","Diatoms",0
2024-09-26,"C2",18,1.52,0.81,"Top rock","Diatoms",0.65
2024-09-26,"C2",19,5.88,0.57,"Top rock","Diatoms",4.28
2024-09-26,"C2",20,0.7,1.02,"Top rock","Diatoms",0
2024-09-26,"T1",1,0.66,0.72,"Top rock","Diatoms",0.02
2024-09-26,"T1",2,0.42,0.73,"Top rock","Diatoms",0
2024-09-26,"T1",3,0.76,0.9,"Top rock","Diatoms",0
2024-09-26,"T1",4,1.02,0.44,"Top rock","Diatoms",0.11
2024-09-26,"T1",5,0.4,0.88,"Top rock","Diatoms",0
2024-09-26,"T1",6,0.34,0.75,"Top rock","Diatoms",0
2024-09-26,"T1",7,0.38,0.78,"Top rock","Diatoms",0
2024-09-26,"T1",8,0.11,0.6,"Top rock","Diatoms",0
2024-09-26,"T1",9,0.27,0.9,"Top rock","Diatoms",0
2024-09-26,"T1",10,0.15,0.89,"Top rock","Diatoms",0
2024-09-26,"T1",11,0.22,0.74,"Top rock","Diatoms",0
2024-09-26,"T1",12,0.72,-0.07,"Top rock","Diatoms",0.23
2024-09-26,"T1",13,0.52,1.15,"Top rock","Diatoms",0.12
2024-09-26,"T1",14,1.6,0.85,"Top rock","Diatoms",0.55
2024-09-26,"T1",15,0.79,0.67,"Top rock","Diatoms",0.11
2024-09-26,"T1",16,0.88,0.7,"Top rock","Diatoms",0.15
2024-09-26,"T1",17,4.52,0.16,"Top rock","Diatoms",3.92
2024-09-26,"T1",18,2.46,0.55,"Top rock","Diatoms",0.95
2024-09-26,"T1",19,0.6,0.65,"Top rock","Diatoms",0.01
2024-09-26,"T1",20,0.8,0.71,"Top rock","Diatoms",0.15
2024-09-26,"T2",1,0.47,0.9,"Top rock","Diatoms",0.14
2024-09-26,"T2",2,0.33,0.76,"Top rock","Diatoms",0.08
2024-09-26,"T2",3,0.17,1.03,"Top rock","Diatoms",0
2024-09-26,"T2",4,5.38,0.06,"Top rock","Diatoms",4.49
2024-09-26,"T2",5,0.25,0.64,"Top rock","Diatoms",0
2024-09-26,"T2",6,0.43,0.65,"Top rock","Diatoms",0.11
2024-09-26,"T2",7,0.3,0.92,"Top rock","Diatoms",0
2024-09-26,"T2",8,0.61,0.62,"Top rock","Diatoms",0.16
2024-09-26,"T2",9,0.39,0.71,"Top rock","Diatoms",0
2024-09-26,"T2",10,8.49,0.37,"Top rock","Diatoms",6.89
2024-09-26,"T2",11,0.41,0.72,"Top rock","Diatoms",0
2024-09-26,"T2",12,1.39,0.35,"Top rock","Diatoms",0.51
2024-09-26,"T2",13,0.41,0.4,"Top rock","Diatoms",0
2024-09-26,"T2",14,0.37,0.54,"Top rock","Diatoms",0
2024-09-26,"T2",15,3.6,0.74,"Top rock","Diatoms",2.67
2024-09-26,"T2",16,0.36,0.41,"Top rock","Diatoms",0.08
2024-09-26,"T2",17,0.65,0.32,"Top rock","Diatoms",0
2024-09-26,"T2",18,0.39,0.55,"Top rock","Diatoms",0
2024-09-26,"T2",19,1.51,0.54,"Top rock","Diatoms",1.12
2024-09-26,"T2",20,1.08,0.32,"Top rock","Diatoms",0.4
2024-09-26,"T3",1,0.5,0.8,"Top rock","Diatoms",0.09
2024-09-26,"T3",2,2.13,1.09,"Top rock","Diatoms",0.48
2024-09-26,"T3",3,0.34,1.12,"Top rock","Diatoms",0
2024-09-26,"T3",4,0.38,1.22,"Top rock","Diatoms",0.03
2024-09-26,"T3",5,0.78,1.08,"Top rock","Diatoms",0
2024-09-26,"T3",6,0.11,1.08,"Top rock","Diatoms",0
2024-09-26,"T3",7,0.51,0.81,"Top rock","Diatoms",0
2024-09-26,"T3",8,0.31,0.65,"Top rock","Diatoms",0
2024-09-26,"T3",9,0.31,0.71,"Top rock","Diatoms",0
2024-09-26,"T3",10,0.26,0.6,"Top rock","Diatoms",0
2024-09-26,"T3",11,0.49,0.51,"Top rock","Diatoms",0
2024-09-26,"T3",12,0.49,0.6,"Top rock","Diatoms",0
2024-09-26,"T3",13,0.24,0.52,"Top rock","Diatoms",0
2024-09-26,"T3",14,0.39,0.61,"Top rock","Diatoms",0
2024-09-26,"T3",15,0.18,0.86,"Top rock","Diatoms",0
2024-09-26,"T3",16,0.51,0.77,"Top rock","Diatoms",0
2024-09-26,"T3",17,0.45,0.81,"Top rock","Diatoms",0.04
2024-09-26,"T3",18,0.63,0.49,"Top rock","Diatoms",0
2024-09-26,"T3",19,0.29,0.53,"Top rock","Diatoms",0
2024-09-26,"T3",20,0.24,0.37,"Top rock","Diatoms",0
2024-09-26,"C2",1,1.7,NA,"Top rock","Diatoms",0.58
2024-09-26,"C2",2,2.2,NA,"Top rock","Diatoms",0.84
2024-09-26,"C2",3,1.4,NA,"Top rock","Diatoms",0.38
2024-09-26,"C2",4,1.8,NA,"Top rock","Diatoms",0.35
2024-09-26,"C2",5,1,NA,"Top rock","Diatoms",0.15
2024-09-26,"C2",6,1.9,NA,"Top rock","Diatoms",0.45
2024-09-26,"C2",7,2.2,NA,"Top rock","Diatoms",0.69
2024-09-26,"C2",8,1.5,NA,"Top rock","Diatoms",0.32
2024-09-26,"C2",9,1,NA,"Top rock","Diatoms",0.33
2024-09-26,"C2",10,1.3,NA,"Top rock","Diatoms",0.02
2024-09-26,"C2",11,4.6,NA,"Top rock","Diatoms",3.79
2024-09-26,"C2",12,0.7,NA,"Top rock","Diatoms",0.03
2024-09-26,"C2",13,2.7,NA,"Top rock","Diatoms",0.95
2024-09-26,"C2",14,2.2,NA,"Top rock","Diatoms",1.1
2024-09-26,"C2",15,2,NA,"Top rock","Diatoms",0.96
2024-09-26,"C2",16,2.8,NA,"Top rock","Diatoms",1.24
2024-09-26,"C2",17,0.9,NA,"Top rock","Diatoms",0
2024-09-26,"C2",18,1.5,NA,"Top rock","Diatoms",0.65
2024-09-26,"C2",19,5.9,NA,"Top rock","Diatoms",4.28
2024-09-26,"C2",20,0.7,NA,"Top rock","Diatoms",0
2024-09-26,"T1",1,0.7,NA,"Top rock","Diatoms",0.02
2024-09-26,"T1",2,0.4,NA,"Top rock","Diatoms",0
2024-09-26,"T1",3,0.8,NA,"Top rock","Diatoms",0
2024-09-26,"T1",4,1,NA,"Top rock","Diatoms",0.11
2024-09-26,"T1",5,0.4,NA,"Top rock","Diatoms",0
2024-09-26,"T1",6,0.3,NA,"Top rock","Diatoms",0
2024-09-26,"T1",7,0.4,NA,"Top rock","Diatoms",0
2024-09-26,"T1",8,0.1,NA,"Top rock","Diatoms",0
2024-09-26,"T1",9,0.3,NA,"Top rock","Diatoms",0
2024-09-26,"T1",10,0.2,NA,"Top rock","Diatoms",0
2024-09-26,"T1",11,0.2,NA,"Top rock","Diatoms",0
2024-09-26,"T1",12,0.7,NA,"Top rock","Diatoms",0.23
2024-09-26,"T1",13,0.5,NA,"Top rock","Diatoms",0.12
2024-09-26,"T1",14,1.6,NA,"Top rock","Diatoms",0.55
2024-09-26,"T1",15,0.8,NA,"Top rock","Diatoms",0.11
2024-09-26,"T1",16,0.9,NA,"Top rock","Diatoms",0.15
2024-09-26,"T1",17,4.5,NA,"Top rock","Diatoms",3.92
2024-09-26,"T1",18,2.5,NA,"Top rock","Diatoms",0.95
2024-09-26,"T1",19,0.6,NA,"Top rock","Diatoms",0.01
2024-09-26,"T1",20,0.8,NA,"Top rock","Diatoms",0.15
2024-09-26,"T2",1,0.5,NA,"Top rock","Diatoms",0.14
2024-09-26,"T2",2,0.3,NA,"Top rock","Diatoms",0.08
2024-09-26,"T2",3,0.2,NA,"Top rock","Diatoms",0
2024-09-26,"T2",4,5.4,NA,"Top rock","Diatoms",4.49
2024-09-26,"T2",5,0.3,NA,"Top rock","Diatoms",0
2024-09-26,"T2",6,0.4,NA,"Top rock","Diatoms",0.11
2024-09-26,"T2",7,0.3,NA,"Top rock","Diatoms",0
2024-09-26,"T2",8,0.6,NA,"Top rock","Diatoms",0.16
2024-09-26,"T2",9,0.4,NA,"Top rock","Diatoms",0
2024-09-26,"T2",10,8.5,NA,"Top rock","Diatoms",6.89
2024-09-26,"T2",11,0.4,NA,"Top rock","Diatoms",0
2024-09-26,"T2",12,1.4,NA,"Top rock","Diatoms",0.51
2024-09-26,"T2",13,0.4,NA,"Top rock","Diatoms",0
2024-09-26,"T2",14,0.4,NA,"Top rock","Diatoms",0
2024-09-26,"T2",15,3.6,NA,"Top rock","Diatoms",2.67
2024-09-26,"T2",16,0.4,NA,"Top rock","Diatoms",0.08
2024-09-26,"T2",17,0.7,NA,"Top rock","Diatoms",0
2024-09-26,"T2",18,0.4,NA,"Top rock","Diatoms",0
2024-09-26,"T2",19,1.5,NA,"Top rock","Diatoms",1.12
2024-09-26,"T2",20,1.1,NA,"Top rock","Diatoms",0.4
2024-09-26,"T3",1,0.5,NA,"Top rock","Diatoms",0.09
2024-09-26,"T3",2,2.1,NA,"Top rock","Diatoms",0.48
2024-09-26,"T3",3,0.3,NA,"Top rock","Diatoms",0
2024-09-26,"T3",4,0.4,NA,"Top rock","Diatoms",0.03
2024-09-26,"T3",5,0.8,NA,"Top rock","Diatoms",0
2024-09-26,"T3",6,0.1,NA,"Top rock","Diatoms",0
2024-09-26,"T3",7,0.5,NA,"Top rock","Diatoms",0
2024-09-26,"T3",8,0.3,NA,"Top rock","Diatoms",0
2024-09-26,"T3",9,0.3,NA,"Top rock","Diatoms",0
2024-09-26,"T3",10,0.3,NA,"Top rock","Diatoms",0
2024-09-26,"T3",11,0.5,NA,"Top rock","Diatoms",0
2024-09-26,"T3",12,0.5,NA,"Top rock","Diatoms",0
2024-09-26,"T3",13,0.2,NA,"Top rock","Diatoms",0
2024-09-26,"T3",14,0.4,NA,"Top rock","Diatoms",0
2024-09-26,"T3",15,0.2,NA,"Top rock","Diatoms",0
2024-09-26,"T3",16,0.5,NA,"Top rock","Diatoms",0
2024-09-26,"T3",17,0.5,NA,"Top rock","Diatoms",0.04
2024-09-26,"T3",18,0.6,NA,"Top rock","Diatoms",0
2024-09-26,"T3",19,0.3,NA,"Top rock","Diatoms",0
2024-09-26,"T3",20,0.2,NA,"Top rock","Diatoms",0
2024-10-26,"C1.5",1,1.04,0.34,"Top rock","Diatoms",0.57
2024-10-26,"C1.5",2,1.15,0.23,"Top rock","Diatoms",0.57
2024-10-26,"C1.5",3,3.92,0.3,"Top rock","Diatoms",3.43
2024-10-26,"C1.5",4,1.01,0.42,"Top rock","Diatoms",0.35
2024-10-26,"C1.5",5,0.12,0.44,"Top rock","Diatoms",0
2024-10-26,"C1.5",6,1.26,0.24,"Top rock","Diatoms",0.12
2024-10-26,"C1.5",7,1.95,0.48,"Top rock","Diatoms",1.24
2024-10-26,"C1.5",8,1.9,0.23,"Top rock","Diatoms",1.17
2024-10-26,"C1.5",9,1.7,0.34,"Top rock","Diatoms",1.4
2024-10-26,"C1.5",10,4.34,0.49,"Top rock","Diatoms",3.76
2024-10-26,"C1.5",11,1,0.55,"Top rock","Diatoms",0.55
2024-10-26,"C1.5",12,0.62,0.41,"Top rock","Diatoms",0.35
2024-10-26,"C1.5",13,0.09,0.81,"Top rock","Diatoms",0
2024-10-26,"C1.5",14,0.5,0.34,"Top rock","Diatoms",0.38
2024-10-26,"C1.5",15,0.1,0.32,"Top rock","Diatoms",0
2024-10-26,"C1.5",16,1.19,0.67,"Top rock","Diatoms",0.27
2024-10-26,"C1.5",17,0.37,0.57,"Top rock","Diatoms",0.06
2024-10-26,"C1.5",18,0.81,0.87,"Top rock","Diatoms",0.12
2024-10-26,"C1.5",19,0.28,0.67,"Top rock","Diatoms",0
2024-10-26,"C1.5",20,0.64,0.42,"Top rock","Diatoms",0.25
2024-10-26,"C2",1,0.5,0.44,"Top rock","Diatoms",0
2024-10-26,"C2",2,8.17,0.34,"Top rock","Diatoms",5.48
2024-10-26,"C2",3,0.61,0.5,"Top rock","Diatoms",0
2024-10-26,"C2",4,0.93,0.26,"Top rock","Diatoms",0.33
2024-10-26,"C2",5,0.44,0.56,"Top rock","Diatoms",0
2024-10-26,"C2",6,6.03,0.19,"Top rock","Diatoms",5.06
2024-10-26,"C2",7,8.14,0.39,"Top rock","Diatoms",6.57
2024-10-26,"C2",8,4.14,0.61,"Top rock","Diatoms",3.16
2024-10-26,"C2",9,2.43,0.22,"Top rock","Diatoms",1.97
2024-10-26,"C2",10,0.5,0.34,"Top rock","Diatoms",0.15
2024-10-26,"C2",11,0.75,0.43,"Top rock","Diatoms",0
2024-10-26,"C2",12,2.69,0.52,"Top rock","Diatoms",1.88
2024-10-26,"C2",13,5.02,0.27,"Top rock","Diatoms",3.91
2024-10-26,"C2",14,4.37,0.01,"Top rock","Diatoms",1.17
2024-10-26,"C2",15,1.67,0.46,"Top rock","Diatoms",1.14
2024-10-26,"C2",16,1.11,0.43,"Top rock","Diatoms",0.18
2024-10-26,"C2",17,1.01,0.31,"Top rock","Diatoms",0.44
2024-10-26,"C2",18,4.17,-0.06,"Top rock","Diatoms",3.5
2024-10-26,"C2",19,8.3,0.55,"Top rock","Diatoms",6.82
2024-10-26,"C2",20,1.56,0.49,"Top rock","Diatoms",0.65
2024-10-26,"T1",1,6.4,0.27,"Top rock","Diatoms",5.17
2024-10-26,"T1",2,1.47,0.29,"Top rock","Diatoms",1.11
2024-10-26,"T1",3,10.71,0.31,"Top rock","Diatoms",8.88
2024-10-26,"T1",4,2.76,0.49,"Top rock","Diatoms",2.05
2024-10-26,"T1",5,0.1,0.31,"Top rock","Diatoms",0
2024-10-26,"T1",6,3.39,0.36,"Top rock","Diatoms",2.84
2024-10-26,"T1",7,1.82,0.27,"Top rock","Diatoms",1.48
2024-10-26,"T1",8,2.5,0.23,"Top rock","Diatoms",2.12
2024-10-26,"T1",9,3.4,0.38,"Top rock","Diatoms",2.88
2024-10-26,"T1",10,1,0.02,"Top rock","Diatoms",0.76
2024-10-26,"T1",11,4.74,0.21,"Top rock","Diatoms",4.06
2024-10-26,"T1",12,0.15,0.29,"Top rock","Diatoms",0
2024-10-26,"T1",13,3.94,0.03,"Top rock","Diatoms",3.28
2024-10-26,"T1",14,1.27,0.64,"Top rock","Diatoms",0.64
2024-10-26,"T1",15,3.26,0.7,"Top rock","Diatoms",2.68
2024-10-26,"T1",16,1.19,0.5,"Top rock","Diatoms",0.22
2024-10-26,"T1",17,4.4,0.54,"Top rock","Diatoms",3.59
2024-10-26,"T1",18,1.04,0.6,"Top rock","Diatoms",0.67
2024-10-26,"T1",19,0.54,0.33,"Top rock","Diatoms",0.14
2024-10-26,"T1",20,1.5,0.45,"Top rock","Diatoms",0.94
2024-10-26,"T2",1,0.45,0.47,"Top rock","Diatoms",0
2024-10-26,"T2",2,2.85,0.55,"Top rock","Diatoms",1.68
2024-10-26,"T2",3,4.52,0.39,"Top rock","Diatoms",3.46
2024-10-26,"T2",4,0.89,0.26,"Top rock","Diatoms",0
2024-10-26,"T2",5,0.24,0.41,"Top rock","Diatoms",0
2024-10-26,"T2",6,5.4,0.47,"Top rock","Diatoms",3.68
2024-10-26,"T2",7,3.84,0.4,"Top rock","Diatoms",0.33
2024-10-26,"T2",8,1.01,0.38,"Top rock","Diatoms",0.73
2024-10-26,"T2",9,0.5,0.49,"Top rock","Diatoms",0
2024-10-26,"T2",10,3.73,0.39,"Top rock","Diatoms",3.08
2024-10-26,"T2",11,0.6,0.14,"Top rock","Diatoms",0.44
2024-10-26,"T2",12,1.13,0.11,"Top rock","Diatoms",0.78
2024-10-26,"T2",13,0.98,0.15,"Top rock","Diatoms",0.72
2024-10-26,"T2",14,3.77,0.15,"Top rock","Diatoms",3.07
2024-10-26,"T2",15,3.74,0.22,"Top rock","Diatoms",3.09
2024-10-26,"T2",16,0.19,0.09,"Top rock","Diatoms",0
2024-10-26,"T2",17,3.55,0.37,"Top rock","Diatoms",2.58
2024-10-26,"T2",18,1.58,0.17,"Top rock","Diatoms",0.41
2024-10-26,"T2",19,0.62,0.27,"Top rock","Diatoms",0
2024-10-26,"T2",20,1.71,0.53,"Top rock","Diatoms",0
2024-10-26,"T3",1,0.39,0.52,"Top rock","Diatoms",0
2024-10-26,"T3",2,0.27,0.4,"Top rock","Diatoms",0
2024-10-26,"T3",3,0.16,0.26,"Top rock","Diatoms",0
2024-10-26,"T3",4,1.31,0.36,"Top rock","Diatoms",0.33
2024-10-26,"T3",5,1.05,0.52,"Top rock","Diatoms",0.39
2024-10-26,"T3",6,0.92,0.21,"Top rock","Diatoms",0.36
2024-10-26,"T3",7,4.64,0.58,"Top rock","Diatoms",3.03
2024-10-26,"T3",8,2.45,0.38,"Top rock","Diatoms",0.69
2024-10-26,"T3",9,3.45,0.29,"Top rock","Diatoms",0.38
2024-10-26,"T3",10,0.2,0.37,"Top rock","Diatoms",0
2024-10-26,"T3",11,0.54,0.31,"Top rock","Diatoms",0.06
2024-10-26,"T3",12,3.37,0.52,"Top rock","Diatoms",2.06
2024-10-26,"T3",13,0.72,0.6,"Top rock","Diatoms",0.35
2024-10-26,"T3",14,0.45,0.27,"Top rock","Diatoms",0
2024-10-26,"T3",15,1.44,0.75,"Top rock","Diatoms",0.4
2024-10-26,"T3",16,2.42,0.55,"Top rock","Diatoms",0.23
2024-10-26,"T3",17,0.95,0.34,"Top rock","Diatoms",0.7
2024-10-26,"T3",18,0.12,0.31,"Top rock","Diatoms",0
2024-10-26,"T3",19,0.26,0.46,"Top rock","Diatoms",0
2024-10-26,"T3",20,0.51,0.24,"Top rock","Diatoms",0.04
2024-11-14,"C1.5",1,0.03,0.3,"Top rock","Diatoms",0
2024-11-14,"C1.5",2,0.28,0.34,"Top rock","Diatoms",0
2024-11-14,"C1.5",3,0.25,0.47,"Top rock","Diatoms",0
2024-11-14,"C1.5",4,0.16,0.24,"Top rock","Diatoms",0
2024-11-14,"C1.5",5,0.03,0.33,"Top rock","Diatoms",0
2024-11-14,"C1.5",6,0.13,0.35,"Top rock","Diatoms",0
2024-11-14,"C1.5",7,0.85,0.17,"Top rock","Diatoms",0.1
2024-11-14,"C1.5",8,0.96,0.2,"Top rock","Diatoms",0.3
2024-11-14,"C1.5",9,0.87,0.12,"Top rock","Diatoms",0.19
2024-11-14,"C1.5",10,0.34,0.27,"Top rock","Diatoms",0.03
2024-11-14,"C1.5",11,1.16,0.17,"Top rock","Diatoms",0.05
2024-11-14,"C1.5",12,0.16,0.23,"Top rock","Diatoms",0
2024-11-14,"C1.5",13,0.41,0.22,"Top rock","Diatoms",0
2024-11-14,"C1.5",14,0.93,0.69,"Top rock","Diatoms",0.4
2024-11-14,"C1.5",15,0.35,0.38,"Top rock","Diatoms",0
2024-11-14,"C1.5",16,1.54,0.32,"Top rock","Diatoms",0.4
2024-11-14,"C1.5",17,0.15,0.43,"Top rock","Diatoms",0
2024-11-14,"C1.5",18,0.23,0.68,"Top rock","Diatoms",0
2024-11-14,"C1.5",19,0.68,0.26,"Top rock","Diatoms",0
2024-11-14,"C1.5",20,0.64,0.42,"Top rock","Diatoms",0
2024-11-14,"C2",1,0.33,0.22,"Top rock","Diatoms",0
2024-11-14,"C2",2,0.3,0.24,"Top rock","Diatoms",0
2024-11-14,"C2",3,0.7,0.3,"Top rock","Diatoms",0
2024-11-14,"C2",4,0.74,0.04,"Top rock","Diatoms",0.41
2024-11-14,"C2",5,0.31,0.39,"Top rock","Diatoms",0
2024-11-14,"C2",6,0.21,0.34,"Top rock","Diatoms",0
2024-11-14,"C2",7,0.69,0.54,"Top rock","Diatoms",0.15
2024-11-14,"C2",8,0.06,0.33,"Top rock","Diatoms",0
2024-11-14,"C2",9,0.09,0.11,"Top rock","Diatoms",0
2024-11-14,"C2",10,0.53,0.06,"Top rock","Diatoms",0.16
2024-11-14,"C2",11,0.35,0.54,"Top rock","Diatoms",0
2024-11-14,"C2",12,0.62,0.32,"Top rock","Diatoms",0
2024-11-14,"C2",13,1.48,0.57,"Top rock","Diatoms",0.58
2024-11-14,"C2",14,0.14,0.27,"Top rock","Diatoms",0
2024-11-14,"C2",15,0.1,0.34,"Top rock","Diatoms",0
2024-11-14,"C2",16,0.91,0.03,"Top rock","Diatoms",0
2024-11-14,"C2",17,0.57,0.79,"Top rock","Diatoms",0.17
2024-11-14,"C2",18,0.92,0.54,"Top rock","Diatoms",0.02
2024-11-14,"C2",19,0.72,0.16,"Top rock","Diatoms",0.44
2024-11-14,"C2",20,0.35,0.21,"Top rock","Diatoms",0
2024-11-14,"T1",1,0.43,0.25,"Top rock","Diatoms",0
2024-11-14,"T1",2,0.23,0.16,"Top rock","Diatoms",0
2024-11-14,"T1",3,2.37,0.04,"Top rock","Diatoms",1.97
2024-11-14,"T1",4,1.49,0.04,"Top rock","Diatoms",1.15
2024-11-14,"T1",5,0.42,0.3,"Top rock","Diatoms",0
2024-11-14,"T1",6,0.77,0,"Top rock","Diatoms",0.46
2024-11-14,"T1",7,0.25,0.31,"Top rock","Diatoms",0
2024-11-14,"T1",8,0.24,0.36,"Top rock","Diatoms",0
2024-11-14,"T1",9,0.52,0.3,"Top rock","Diatoms",0
2024-11-14,"T1",10,0.72,0.22,"Top rock","Diatoms",0.13
2024-11-14,"T1",11,0.65,0.16,"Top rock","Diatoms",0.09
2024-11-14,"T1",12,0.9,-0.01,"Top rock","Diatoms",0.63
2024-11-14,"T1",13,0.1,0.18,"Top rock","Diatoms",0
2024-11-14,"T1",14,0.15,0.18,"Top rock","Diatoms",0
2024-11-14,"T1",15,0.29,0.02,"Top rock","Diatoms",0
2024-11-14,"T1",16,0.5,0.1,"Top rock","Diatoms",0.02
2024-11-14,"T1",17,0.2,0.33,"Top rock","Diatoms",0
2024-11-14,"T1",18,0.14,0.21,"Top rock","Diatoms",0
2024-11-14,"T1",19,2,0.08,"Top rock","Diatoms",1.5
2024-11-14,"T1",20,0.6,0.23,"Top rock","Diatoms",0.08
2024-11-14,"T2",1,3.03,0.12,"Top rock","Diatoms",2.54
2024-11-14,"T2",2,1.68,0.19,"Top rock","Diatoms",0.86
2024-11-14,"T2",3,0.7,0.31,"Top rock","Diatoms",0
2024-11-14,"T2",4,1.84,0.09,"Top rock","Diatoms",1.15
2024-11-14,"T2",5,1.23,0.22,"Top rock","Diatoms",0.7
2024-11-14,"T2",6,0.69,0.23,"Top rock","Diatoms",0.01
2024-11-14,"T2",7,2.2,0.22,"Top rock","Diatoms",1.5
2024-11-14,"T2",8,2.27,0.24,"Top rock","Diatoms",0.99
2024-11-14,"T2",9,0.23,0.18,"Top rock","Diatoms",0
2024-11-14,"T2",10,3.19,0.11,"Top rock","Diatoms",2.35
2024-11-14,"T2",11,2.42,0.04,"Top rock","Diatoms",1.91
2024-11-14,"T2",12,7,0.17,"Top rock","Diatoms",5.81
2024-11-14,"T2",13,0.98,0.15,"Top rock","Diatoms",0.47
2024-11-14,"T2",14,1.02,0.2,"Top rock","Diatoms",0.45
2024-11-14,"T2",15,2.5,0.08,"Top rock","Diatoms",1.61
2024-11-14,"T2",16,5.1,0.07,"Top rock","Diatoms",3.87
2024-11-14,"T2",17,0.02,0.29,"Top rock","Diatoms",0
2024-11-14,"T2",18,0.83,0.09,"Top rock","Diatoms",0.21
2024-11-14,"T2",19,1.85,0.28,"Top rock","Diatoms",0.72
2024-11-14,"T2",20,9.52,0.22,"Top rock","Diatoms",6.57
2024-11-14,"T3",1,0.26,0.3,"Top rock","Diatoms",0
2024-11-14,"T3",2,0.12,0.26,"Top rock","Diatoms",0
2024-11-14,"T3",3,0.34,0.24,"Top rock","Diatoms",0
2024-11-14,"T3",4,0.14,0.25,"Top rock","Diatoms",0
2024-11-14,"T3",5,1.34,0.12,"Top rock","Diatoms",1.07
2024-11-14,"T3",6,0.87,0.1,"Top rock","Diatoms",0.28
2024-11-14,"T3",7,0.96,0.26,"Top rock","Diatoms",0.15
2024-11-14,"T3",8,0.84,0.15,"Top rock","Diatoms",0.42
2024-11-14,"T3",9,0.59,0.1,"Top rock","Diatoms",0.21
2024-11-14,"T3",10,0.28,0.29,"Top rock","Diatoms",0
2024-11-14,"T3",11,0.31,0.25,"Top rock","Diatoms",0
2024-11-14,"T3",12,0.05,0.32,"Top rock","Diatoms",0
2024-11-14,"T3",13,0.14,0.21,"Top rock","Diatoms",0
2024-11-14,"T3",14,0.17,0.11,"Top rock","Diatoms",0
2024-11-14,"T3",15,0.3,0.14,"Top rock","Diatoms",0
2024-11-14,"T3",16,0.21,0.05,"Top rock","Diatoms",0
2024-11-14,"T3",17,0.63,0.04,"Top rock","Diatoms",0.47
2024-11-14,"T3",18,0.25,0.17,"Top rock","Diatoms",0
2024-11-14,"T3",19,0.17,0.08,"Top rock","Diatoms",0
2024-11-14,"T3",20,0.14,0.14,"Top rock","Diatoms",0
2025-01-16,"C1.5",1,2.04,0.54,"Top rock","Diatoms",1.36
2025-01-16,"C1.5",2,0.27,0.22,"Top rock","Diatoms",0
2025-01-16,"C1.5",3,0.54,0.43,"Top rock","Diatoms",0.25
2025-01-16,"C1.5",4,0.36,0.51,"Top rock","Diatoms",0
2025-01-16,"C1.5",5,0.73,0.38,"Top rock","Diatoms",0.43
2025-01-16,"C1.5",6,1.06,0.14,"Top rock","Diatoms",0.48
2025-01-16,"C1.5",7,1.83,0,"Top rock","Diatoms",1.4
2025-01-16,"C1.5",8,0.96,0.19,"Top rock","Diatoms",0.61
2025-01-16,"C1.5",9,0.39,0.21,"Top rock","Diatoms",0.04
2025-01-16,"C1.5",10,0.76,0.08,"Top rock","Diatoms",0.58
2025-01-16,"C1.5",11,0.55,0.12,"Top rock","Diatoms",0.26
2025-01-16,"C1.5",12,0.61,0.35,"Top rock","Diatoms",0.22
2025-01-16,"C1.5",13,0.12,0.45,"Top rock","Diatoms",0
2025-01-16,"C1.5",14,0.38,0.4,"Top rock","Diatoms",0
2025-01-16,"C1.5",15,0.19,0.52,"Top rock","Diatoms",0
2025-01-16,"C1.5",16,0.22,0.58,"Top rock","Diatoms",0
2025-01-16,"C1.5",17,0.2,0.26,"Top rock","Diatoms",0
2025-01-16,"C1.5",18,0.73,0.26,"Top rock","Diatoms",0.11
2025-01-16,"C1.5",19,0.43,0.24,"Top rock","Diatoms",0.06
2025-01-16,"C1.5",20,0.56,0.29,"Top rock","Diatoms",0
2025-01-16,"C2",1,1.31,0.49,"Top rock","Diatoms",0.85
2025-01-16,"C2",2,0.8,0.51,"Top rock","Diatoms",0.04
2025-01-16,"C2",3,1.17,0.63,"Top rock","Diatoms",0.33
2025-01-16,"C2",4,1.26,0.24,"Top rock","Diatoms",0.56
2025-01-16,"C2",5,3.06,0.42,"Top rock","Diatoms",2.02
2025-01-16,"C2",6,0.26,0.61,"Top rock","Diatoms",0
2025-01-16,"C2",7,1.57,0.54,"Top rock","Diatoms",1.01
2025-01-16,"C2",8,0.74,0.32,"Top rock","Diatoms",0.27
2025-01-16,"C2",9,0.64,0.27,"Top rock","Diatoms",0
2025-01-16,"C2",10,0.47,0.37,"Top rock","Diatoms",0
2025-01-16,"C2",11,0.64,0.41,"Top rock","Diatoms",0.16
2025-01-16,"C2",12,0.69,0.09,"Top rock","Diatoms",0.25
2025-01-16,"C2",13,1.08,0.17,"Top rock","Diatoms",0.52
2025-01-16,"C2",14,0.56,0.37,"Top rock","Diatoms",0
2025-01-16,"C2",15,0.78,0.23,"Top rock","Diatoms",0.26
2025-01-16,"C2",16,2.29,0.05,"Top rock","Diatoms",1.8
2025-01-16,"C2",17,4.24,0.11,"Top rock","Diatoms",3.74
2025-01-16,"C2",18,0.53,0.44,"Top rock","Diatoms",0.04
2025-01-16,"C2",19,0.22,0.44,"Top rock","Diatoms",0
2025-01-16,"C2",20,0.46,0.55,"Top rock","Diatoms",0
2025-01-16,"T1",1,0.92,0.11,"Top rock","Diatoms",0.71
2025-01-16,"T1",2,0.67,0.39,"Top rock","Diatoms",0.29
2025-01-16,"T1",3,1.51,0.27,"Top rock","Diatoms",1.22
2025-01-16,"T1",4,1.23,0.36,"Top rock","Diatoms",0.86
2025-01-16,"T1",5,3.57,0.26,"Top rock","Diatoms",3.2
2025-01-16,"T1",6,2.8,0.25,"Top rock","Diatoms",2.44
2025-01-16,"T1",7,4.16,0.05,"Top rock","Diatoms",3.44
2025-01-16,"T1",8,1.3,0.24,"Top rock","Diatoms",1.09
2025-01-16,"T1",9,1.87,0.09,"Top rock","Diatoms",1.18
2025-01-16,"T1",10,5.53,0.31,"Top rock","Diatoms",4.58
2025-01-16,"T1",11,2.91,0.33,"Top rock","Diatoms",2.62
2025-01-16,"T1",12,4.16,0.22,"Top rock","Diatoms",3.52
2025-01-16,"T1",13,2.73,0.14,"Top rock","Diatoms",2.38
2025-01-16,"T1",14,2.07,0.23,"Top rock","Diatoms",1.67
2025-01-16,"T1",15,0.82,0.51,"Top rock","Diatoms",0.65
2025-01-16,"T1",16,0.62,0.28,"Top rock","Diatoms",0.42
2025-01-16,"T1",17,2.09,0.12,"Top rock","Diatoms",1.7
2025-01-16,"T1",18,0.84,0.34,"Top rock","Diatoms",0.7
2025-01-16,"T1",19,1.53,0.07,"Top rock","Diatoms",1.2
2025-01-16,"T1",20,1.32,0.34,"Top rock","Diatoms",1.14
2025-01-16,"T2",1,1.2,0.2,"Top rock","Diatoms",0.88
2025-01-16,"T2",2,1.63,0.28,"Top rock","Diatoms",1.28
2025-01-16,"T2",3,1.24,0.23,"Top rock","Diatoms",0.88
2025-01-16,"T2",4,2.64,0.18,"Top rock","Diatoms",2.09
2025-01-16,"T2",5,1.04,0.17,"Top rock","Diatoms",0.32
2025-01-16,"T2",6,1.78,0.11,"Top rock","Diatoms",1.39
2025-01-16,"T2",7,9.64,0.03,"Top rock","Diatoms",8.28
2025-01-16,"T2",8,1,0.15,"Top rock","Diatoms",0.82
2025-01-16,"T2",9,1.92,0.06,"Top rock","Diatoms",1.54
2025-01-16,"T2",10,2.52,0.03,"Top rock","Diatoms",1.94
2025-01-16,"T2",11,0.78,0.03,"Top rock","Diatoms",0.61
2025-01-16,"T2",12,4.54,0.11,"Top rock","Diatoms",3.68
2025-01-16,"T2",13,1.72,0.15,"Top rock","Diatoms",1.31
2025-01-16,"T2",14,1.61,0.19,"Top rock","Diatoms",1.21
2025-01-16,"T2",15,1.35,0.13,"Top rock","Diatoms",0.99
2025-01-16,"T2",16,0.66,0.23,"Top rock","Diatoms",0
2025-01-16,"T2",17,1.5,0.3,"Top rock","Diatoms",0.91
2025-01-16,"T2",18,2.49,0.22,"Top rock","Diatoms",1.93
2025-01-16,"T2",19,1.51,0.24,"Top rock","Diatoms",0.75
2025-01-16,"T2",20,0.35,0,"Top rock","Diatoms",0.08
2025-01-16,"T3",1,1.86,0.34,"Top rock","Diatoms",1.28
2025-01-16,"T3",2,0.33,0.18,"Top rock","Diatoms",0.09
2025-01-16,"T3",3,0.35,0.08,"Top rock","Diatoms",0.03
2025-01-16,"T3",4,0.13,0.23,"Top rock","Diatoms",0
2025-01-16,"T3",5,0.91,0.2,"Top rock","Diatoms",0.6
2025-01-16,"T3",6,0.31,0.27,"Top rock","Diatoms",0
2025-01-16,"T3",7,0.14,0.31,"Top rock","Diatoms",0
2025-01-16,"T3",8,0.22,0.2,"Top rock","Diatoms",0
2025-01-16,"T3",9,0.36,0.13,"Top rock","Diatoms",0.02
2025-01-16,"T3",10,0.17,0.18,"Top rock","Diatoms",0
2025-01-16,"T3",11,0.52,0.11,"Top rock","Diatoms",0.32
2025-01-16,"T3",12,0.48,0.22,"Top rock","Diatoms",0.32
2025-01-16,"T3",13,0.66,0.49,"Top rock","Diatoms",0.45
2025-01-16,"T3",14,0.29,0.21,"Top rock","Diatoms",0.03
2025-01-16,"T3",15,0.28,0.24,"Top rock","Diatoms",0
2025-01-16,"T3",16,0.33,0.25,"Top rock","Diatoms",0
2025-01-16,"T3",17,0.87,0.18,"Top rock","Diatoms",0.7
2025-01-16,"T3",18,0.12,0.12,"Top rock","Diatoms",0
2025-01-16,"T3",19,0.56,0.18,"Top rock","Diatoms",0.39
2025-01-16,"T3",20,0.23,0.3,"Top rock","Diatoms",0
2025-03-11,"C1.5",1,0.02,0.39,"Top rock","Diatoms",0
2025-03-11,"C1.5",2,0.17,0.46,"Top rock","Diatoms",0
2025-03-11,"C1.5",3,2.15,0.22,"Top rock","Diatoms",1.8
2025-03-11,"C1.5",4,0.36,0.38,"Top rock","Diatoms",0
2025-03-11,"C1.5",5,0.04,0.47,"Top rock","Diatoms",0
2025-03-11,"C1.5",6,0.33,0.14,"Top rock","Diatoms",0
2025-03-11,"C1.5",7,0.34,0.08,"Top rock","Diatoms",0.09
2025-03-11,"C1.5",8,0.2,0.46,"Top rock","Diatoms",0
2025-03-11,"C1.5",9,0.1,0.4,"Top rock","Diatoms",0
2025-03-11,"C1.5",10,0.54,0.31,"Top rock","Diatoms",0
2025-03-11,"C1.5",11,0.03,0.71,"Top rock","Diatoms",0
2025-03-11,"C1.5",12,0.09,0.58,"Top rock","Diatoms",0
2025-03-11,"C1.5",13,0.04,0.6,"Top rock","Diatoms",0
2025-03-11,"C1.5",14,0.03,0.67,"Top rock","Diatoms",0
2025-03-11,"C1.5",15,0.04,0.37,"Top rock","Diatoms",0
2025-03-11,"C1.5",16,0.7,0.39,"Top rock","Diatoms",0.52
2025-03-11,"C1.5",17,0.05,0.32,"Top rock","Diatoms",0
2025-03-11,"C1.5",18,0.4,0.2,"Top rock","Diatoms",0
2025-03-11,"C1.5",19,0.07,0.05,"Top rock","Diatoms",0
2025-03-11,"C1.5",20,0.21,0.36,"Top rock","Diatoms",0
2025-03-11,"C2",1,0.55,0.01,"Top rock","Diatoms",0.24
2025-03-11,"C2",2,0.01,0.26,"Top rock","Diatoms",0
2025-03-11,"C2",3,0.06,0.44,"Top rock","Diatoms",0
2025-03-11,"C2",4,1.52,0.28,"Top rock","Diatoms",1.35
2025-03-11,"C2",5,1.02,0.12,"Top rock","Diatoms",0.84
2025-03-11,"C2",6,0.14,0.16,"Top rock","Diatoms",0
2025-03-11,"C2",7,0.13,0.22,"Top rock","Diatoms",0
2025-03-11,"C2",8,0.14,0.26,"Top rock","Diatoms",0
2025-03-11,"C2",9,0.07,0.51,"Top rock","Diatoms",0
2025-03-11,"C2",10,0.08,0.32,"Top rock","Diatoms",0
2025-03-11,"C2",11,0.32,0.22,"Top rock","Diatoms",0
2025-03-11,"C2",12,0.07,0.37,"Top rock","Diatoms",0
2025-03-11,"C2",13,0.04,0.42,"Top rock","Diatoms",0
2025-03-11,"C2",14,0.06,0.28,"Top rock","Diatoms",0
2025-03-11,"C2",15,0.31,0.51,"Top rock","Diatoms",0
2025-03-11,"C2",16,0.96,0.22,"Top rock","Diatoms",0.13
2025-03-11,"C2",17,2.05,0.06,"Top rock","Diatoms",1.75
2025-03-11,"C2",18,0.01,0.42,"Top rock","Diatoms",0
2025-03-11,"C2",19,0.01,0.47,"Top rock","Diatoms",0
2025-03-11,"C2",20,1.63,0.13,"Top rock","Diatoms",1.37
2025-03-11,"T1",1,0.49,0.06,"Top rock","Diatoms",0.28
2025-03-11,"T1",2,1.57,0.12,"Top rock","Diatoms",1.32
2025-03-11,"T1",3,0.35,0.27,"Top rock","Diatoms",0
2025-03-11,"T1",4,0.03,0.2,"Top rock","Diatoms",0
2025-03-11,"T1",5,0.45,0.08,"Top rock","Diatoms",0
2025-03-11,"T1",6,0.04,0.33,"Top rock","Diatoms",0
2025-03-11,"T1",7,0,0.48,"Top rock","Diatoms",0
2025-03-11,"T1",8,0.64,0.03,"Top rock","Diatoms",0.5
2025-03-11,"T1",9,1.09,-0.02,"Top rock","Diatoms",0.9
2025-03-11,"T1",10,0.36,0.21,"Top rock","Diatoms",0.15
2025-03-11,"T1",11,0.31,0.04,"Top rock","Diatoms",0.11
2025-03-11,"T1",12,6.64,0.06,"Top rock","Diatoms",4.85
2025-03-11,"T1",13,0.01,0.32,"Top rock","Diatoms",0
2025-03-11,"T1",14,0.02,0.14,"Top rock","Diatoms",0
2025-03-11,"T1",15,0.15,-0.03,"Top rock","Diatoms",0
2025-03-11,"T1",16,0.16,0.14,"Top rock","Diatoms",0
2025-03-11,"T1",17,2.02,0.24,"Top rock","Diatoms",1.62
2025-03-11,"T1",18,1.14,0.2,"Top rock","Diatoms",0.92
2025-03-11,"T1",19,0.08,0.4,"Top rock","Diatoms",0
2025-03-11,"T1",20,3.04,0.07,"Top rock","Diatoms",2.52
2025-03-11,"T2",1,0.45,0.24,"Top rock","Diatoms",0.16
2025-03-11,"T2",2,1.06,0.17,"Top rock","Diatoms",0.71
2025-03-11,"T2",3,2.01,0.2,"Top rock","Diatoms",1.51
2025-03-11,"T2",4,2.18,0.29,"Top rock","Diatoms",1.53
2025-03-11,"T2",5,1.77,0.12,"Top rock","Diatoms",1.25
2025-03-11,"T2",6,0.63,0.11,"Top rock","Diatoms",0.44
2025-03-11,"T2",7,1.89,0.17,"Top rock","Diatoms",1.44
2025-03-11,"T2",8,0.97,0.17,"Top rock","Diatoms",0.72
2025-03-11,"T2",9,7.57,0.13,"Top rock","Diatoms",5.31
2025-03-11,"T2",10,1.53,0.06,"Top rock","Diatoms",1.23
2025-03-11,"T2",11,4.91,0.03,"Top rock","Diatoms",4.23
2025-03-11,"T2",12,2.09,0.08,"Top rock","Diatoms",1.67
2025-03-11,"T2",13,0.94,0.06,"Top rock","Diatoms",0.73
2025-03-11,"T2",14,1.56,0.02,"Top rock","Diatoms",1.15
2025-03-11,"T2",15,2.99,0.11,"Top rock","Diatoms",2.37
2025-03-11,"T2",16,0.38,0.18,"Top rock","Diatoms",0.27
2025-03-11,"T2",17,1.42,0.16,"Top rock","Diatoms",1.04
2025-03-11,"T2",18,0.98,0.3,"Top rock","Diatoms",0.67
2025-03-11,"T2",19,0.37,0.25,"Top rock","Diatoms",0.17
2025-03-11,"T2",20,1.79,0.17,"Top rock","Diatoms",1.28
2025-05-19,"T1",1,9.07,0.15,"Top rock","Diatoms",7.63
2025-05-19,"T1",2,0.13,0.07,"Top rock","Diatoms",0
2025-05-19,"T1",3,0.074,0.25,"Top rock","Diatoms",0
2025-05-19,"T1",4,0.54,0.06,"Top rock","Diatoms",0
2025-05-19,"T1",5,0.17,0.12,"Top rock","Diatoms",0
2025-05-19,"T1",6,0.25,0.06,"Top rock","Diatoms",0
2025-05-19,"T1",7,0.45,0.34,"Top rock","Diatoms",0
2025-05-19,"T1",8,0.13,0.04,"Top rock","Diatoms",0
2025-05-19,"T1",9,0.59,0.36,"Top rock","Diatoms",0
2025-05-19,"T1",10,0.35,0.1,"Top rock","Diatoms",0
2025-05-19,"T1",11,2.53,0.12,"Top rock","Diatoms",2.15
2025-05-19,"T1",12,0.46,0.3,"Top rock","Diatoms",0
2025-05-19,"T1",13,0.39,0.29,"Top rock","Diatoms",0
2025-05-19,"T1",14,0.31,0.21,"Top rock","Diatoms",0
2025-05-19,"T1",15,0.72,0.41,"Top rock","Diatoms",0.24
2025-05-19,"T1",16,0.39,0.53,"Top rock","Diatoms",0
2025-05-19,"T1",17,0.56,0.55,"Top rock","Diatoms",0
2025-05-19,"T1",18,7.27,0.21,"Top rock","Diatoms",6.22
2025-05-19,"T1",19,0.75,0.39,"Top rock","Diatoms",0
2025-05-19,"T1",20,1.72,0.41,"Top rock","Diatoms",0.9
2025-05-20,"T3",1,5.33,0.01,"Top rock","Diatoms",4.48
2025-05-20,"T3",2,0.23,0.17,"Top rock","Diatoms",0
2025-05-20,"T3",3,4.27,0.15,"Top rock","Diatoms",3.49
2025-05-20,"T3",4,0.29,0.27,"Top rock","Diatoms",0
2025-05-20,"T3",5,0.57,0.2,"Top rock","Diatoms",0.22
2025-05-20,"T3",6,4.71,0.2,"Top rock","Diatoms",3.73
2025-05-20,"T3",7,4.16,0.16,"Top rock","Diatoms",3.37
2025-05-20,"T3",8,0.25,0.15,"Top rock","Diatoms",0
2025-05-20,"T3",9,0.21,0.22,"Top rock","Diatoms",0
2025-05-20,"T3",10,0.09,0.09,"Top rock","Diatoms",0
2025-05-20,"T3",11,0.31,0.29,"Top rock","Diatoms",0.21
2025-05-20,"T3",12,0.14,0.18,"Top rock","Diatoms",0
2025-05-20,"T3",13,0.3,0.23,"Top rock","Diatoms",0
2025-05-20,"T3",14,0.36,0.3,"Top rock","Diatoms",0
2025-05-20,"T3",15,0.44,0.1,"Top rock","Diatoms",0.22
2025-05-20,"T3",16,0.24,0.19,"Top rock","Diatoms",0
2025-05-20,"T3",17,0.43,0.33,"Top rock","Diatoms",0
2025-05-20,"T3",18,0.64,0.18,"Top rock","Diatoms",0.16
2025-05-20,"T3",19,0.24,0.3,"Top rock","Diatoms",0
2025-05-20,"T3",20,0.22,0.55,"Top rock","Diatoms",0
2025-05-21,"C1.5",1,0.03,0.29,"Top rock","Diatoms",0
2025-05-21,"C1.5",2,0.11,0.42,"Top rock","Diatoms",0
2025-05-21,"C1.5",3,0.22,0.21,"Top rock","Diatoms",0
2025-05-21,"C1.5",4,0.29,0.52,"Top rock","Diatoms",0
2025-05-21,"C1.5",5,0.02,0.27,"Top rock","Diatoms",0
2025-05-21,"C1.5",6,0.26,0.28,"Top rock","Diatoms",0
2025-05-21,"C1.5",7,0.2,0.14,"Top rock","Diatoms",0
2025-05-21,"C1.5",8,0.1,0.35,"Top rock","Diatoms",0
2025-05-21,"C1.5",9,0.06,0.21,"Top rock","Diatoms",0
2025-05-21,"C1.5",10,0.09,0.57,"Top rock","Diatoms",0
2025-05-21,"C1.5",11,0.33,0.54,"Top rock","Diatoms",0
2025-05-21,"C1.5",12,0.07,0.54,"Top rock","Diatoms",0
2025-05-21,"C1.5",13,0.33,0.37,"Top rock","Diatoms",0
2025-05-21,"C1.5",14,0.23,0.3,"Top rock","Diatoms",0
2025-05-21,"C1.5",15,0.25,0.3,"Top rock","Diatoms",0
2025-05-21,"C1.5",16,0.47,0.49,"Top rock","Diatoms",0
2025-05-21,"C1.5",17,0.04,0.61,"Top rock","Diatoms",0
2025-05-21,"C1.5",18,0.39,0.4,"Top rock","Diatoms",0
2025-05-21,"C1.5",19,0.48,0.31,"Top rock","Diatoms",0
2025-05-21,"C1.5",20,0.21,0.33,"Top rock","Diatoms",0
2025-05-22,"T2",1,2.13,0.13,"Top rock","Diatoms",1.68
2025-05-22,"T2",2,1.52,0.07,"Top rock","Diatoms",1.15
2025-05-22,"T2",3,2.79,0.16,"Top rock","Diatoms",2.21
2025-05-22,"T2",4,1.51,0.14,"Top rock","Diatoms",1.21
2025-05-22,"T2",5,2.57,0.19,"Top rock","Diatoms",2.04
2025-05-22,"T2",6,2.3,0.22,"Top rock","Diatoms",1.87
2025-05-22,"T2",7,4.37,0.22,"Top rock","Diatoms",3.55
2025-05-22,"T2",8,3.92,0.14,"Top rock","Diatoms",3.22
2025-05-22,"T2",9,4.93,0.15,"Top rock","Diatoms",4.13
2025-05-22,"T2",10,0.27,0.1,"Top rock","Diatoms",0.05
2025-05-22,"T2",11,3.97,0.11,"Top rock","Diatoms",3.32
2025-05-22,"T2",12,2.51,0.08,"Top rock","Diatoms",2.08
2025-05-22,"T2",13,4.3,0.06,"Top rock","Diatoms",3.57
2025-05-22,"T2",14,5.3,0.06,"Top rock","Diatoms",4.43
2025-05-22,"T2",15,2.63,0.06,"Top rock","Diatoms",2.2
2025-05-22,"T2",16,2.72,0.05,"Top rock","Diatoms",2.22
2025-05-22,"T2",17,1.78,0.06,"Top rock","Diatoms",1.45
2025-05-22,"T2",18,5.89,0.08,"Top rock","Diatoms",4.88
2025-05-22,"T2",19,5.64,0.06,"Top rock","Diatoms",4.65
2025-05-22,"T2",20,1.93,0.05,"Top rock","Diatoms",1.55
2025-05-23,"C2",1,0.01,0.34,"Top rock","Diatoms",0
2025-05-23,"C2",2,0.15,0.49,"Top rock","Diatoms",0
2025-05-23,"C2",3,0.25,0.67,"Top rock","Diatoms",0
2025-05-23,"C2",4,0.02,0.26,"Top rock","Diatoms",0
2025-05-23,"C2",5,0.2,0.47,"Top rock","Diatoms",0
2025-05-23,"C2",6,0.07,0.33,"Top rock","Diatoms",0
2025-05-23,"C2",7,0.17,0.34,"Top rock","Diatoms",0
2025-05-23,"C2",8,0.25,0.18,"Top rock","Diatoms",0
2025-05-23,"C2",9,0.17,0.1,"Top rock","Diatoms",0
2025-05-23,"C2",10,0.33,0.17,"Top rock","Diatoms",0
2025-05-23,"C2",11,0.12,0.33,"Top rock","Diatoms",0
2025-05-23,"C2",12,0.13,0.27,"Top rock","Diatoms",0
2025-05-23,"C2",13,0.49,0.25,"Top rock","Diatoms",0
2025-05-23,"C2",14,0.11,0.55,"Top rock","Diatoms",0
2025-05-23,"C2",15,0.32,0.25,"Top rock","Diatoms",0
2025-05-23,"C2",16,0.16,0.57,"Top rock","Diatoms",0
2025-05-23,"C2",17,0.59,0.3,"Top rock","Diatoms",0
2025-05-23,"C2",18,0.35,0.5,"Top rock","Diatoms",0
2025-05-23,"C2",19,0.22,0.25,"Top rock","Diatoms",0
2025-05-23,"C2",20,0.12,0.48,"Top rock","Diatoms",0
2025-06-10,"C1.5",1,0.34,0.25,"Top rock","Diatoms",0.02
2025-06-10,"C1.5",2,0.47,0.29,"Top rock","Diatoms",0
2025-06-10,"C1.5",3,0.65,0.4,"Top rock","Diatoms",0.02
2025-06-10,"C1.5",4,0.35,0.26,"Top rock","Diatoms",0
2025-06-10,"C1.5",5,1.62,0.12,"Top rock","Diatoms",0.45
2025-06-10,"C1.5",6,1.96,0.12,"Top rock","Diatoms",0.36
2025-06-10,"C1.5",7,1.21,0.26,"Top rock","Diatoms",0.84
2025-06-10,"C1.5",8,2.18,0.37,"Top rock","Diatoms",0.25
2025-06-10,"C1.5",9,0.97,0.17,"Top rock","Diatoms",0.3
2025-06-10,"C1.5",10,1.36,0.2,"Top rock","Diatoms",1.12
2025-06-10,"C1.5",11,0.76,0.33,"Top rock","Diatoms",0.25
2025-06-10,"C1.5",12,0.59,0.43,"Top rock","Diatoms",0.14
2025-06-10,"C1.5",13,1.04,0.34,"Top rock","Diatoms",0.21
2025-06-10,"C1.5",14,1.21,0.17,"Top rock","Diatoms",0
2025-06-10,"C1.5",15,0.85,0.74,"Top rock","Diatoms",0.06
2025-06-10,"C1.5",16,0.33,0.26,"Top rock","Diatoms",0
2025-06-10,"C1.5",17,1.63,0.85,"Top rock","Diatoms",0.14
2025-06-10,"C1.5",18,2.06,0.44,"Top rock","Diatoms",0.18
2025-06-10,"C1.5",19,0.76,0.6,"Top rock","Diatoms",0.02
2025-06-10,"C1.5",20,1.11,0.65,"Top rock","Diatoms",0.04
2025-06-10,"C2",1,0.38,0.65,"Top rock","Diatoms",0
2025-06-10,"C2",2,0.05,0.57,"Top rock","Diatoms",0
2025-06-10,"C2",3,0.39,0.19,"Top rock","Diatoms",0
2025-06-10,"C2",4,1.28,0.66,"Top rock","Diatoms",0
2025-06-10,"C2",5,0.86,0.56,"Top rock","Diatoms",0
2025-06-10,"C2",6,0.87,0.36,"Top rock","Diatoms",0
2025-06-10,"C2",7,0.67,0.16,"Top rock","Diatoms",0
2025-06-10,"C2",8,0.42,0.48,"Top rock","Diatoms",0
2025-06-10,"C2",9,1.89,0.18,"Top rock","Diatoms",1.48
2025-06-10,"C2",10,0.73,0.28,"Top rock","Diatoms",0.11
2025-06-10,"C2",11,0.75,0.04,"Top rock","Diatoms",0.15
2025-06-10,"C2",12,0.79,0.29,"Top rock","Diatoms",0
2025-06-10,"C2",13,0.99,0.11,"Top rock","Diatoms",0
2025-06-10,"C2",14,1.42,0.41,"Top rock","Diatoms",0
2025-06-10,"C2",15,1.58,0.24,"Top rock","Diatoms",0.23
2025-06-10,"C2",16,0.87,0.16,"Top rock","Diatoms",0
2025-06-10,"C2",17,0.32,0.16,"Top rock","Diatoms",0
2025-06-10,"C2",18,1.17,0.28,"Top rock","Diatoms",0.8
2025-06-10,"C2",19,1.31,0.52,"Top rock","Diatoms",0
2025-06-10,"C2",20,0.5,0.43,"Top rock","Diatoms",0
2025-06-18,"C1.5",1,0.1,NA,"Top rock","Diatoms",0
2025-06-18,"C1.5",2,0.4,NA,"Top rock","Diatoms",0
2025-06-18,"C1.5",3,0.5,NA,"Top rock","Diatoms",0.06
2025-06-18,"C1.5",4,0.2,NA,"Top rock","Diatoms",0
2025-06-18,"C1.5",5,0.5,NA,"Top rock","Diatoms",0.02
2025-06-18,"C1.5",6,0.2,NA,"Top rock","Diatoms",0
2025-06-18,"C1.5",7,0.1,NA,"Top rock","Diatoms",0
2025-06-18,"C1.5",8,0.4,NA,"Top rock","Diatoms",0
2025-06-18,"C1.5",9,0.9,NA,"Top rock","Diatoms",0.7
2025-06-18,"C1.5",10,0.1,NA,"Top rock","Diatoms",0
2025-06-18,"C1.5",11,0.3,NA,"Top rock","Diatoms",0
2025-06-18,"C1.5",12,0.2,NA,"Top rock","Diatoms",0
2025-06-18,"C1.5",13,0.7,NA,"Top rock","Diatoms",0
2025-06-18,"C1.5",14,0.3,NA,"Top rock","Diatoms",0
2025-06-18,"C1.5",15,0.6,NA,"Top rock","Diatoms",0
2025-06-18,"C1.5",16,0.2,NA,"Top rock","Diatoms",0
2025-06-18,"C1.5",17,0.3,NA,"Top rock","Diatoms",0
2025-06-18,"C1.5",18,0.3,NA,"Top rock","Diatoms",0
2025-06-18,"C1.5",19,0.4,NA,"Top rock","Diatoms",0
2025-06-18,"C1.5",20,0.5,NA,"Top rock","Diatoms",0
2025-06-18,"C2",1,0.1,NA,"Top rock","Diatoms",0
2025-06-18,"C2",2,0.5,NA,"Top rock","Diatoms",0
2025-06-18,"C2",3,0.2,NA,"Top rock","Diatoms",0
2025-06-18,"C2",4,0.3,NA,"Top rock","Diatoms",0
2025-06-18,"C2",5,0.2,NA,"Top rock","Diatoms",0
2025-06-18,"C2",6,0.5,NA,"Top rock","Diatoms",0
2025-06-18,"C2",7,0.6,NA,"Top rock","Diatoms",0
2025-06-18,"C2",8,0.2,NA,"Top rock","Diatoms",0
2025-06-18,"C2",9,0.6,NA,"Top rock","Diatoms",0
2025-06-18,"C2",10,0.3,NA,"Top rock","Diatoms",0.06
2025-06-18,"C2",11,0.4,NA,"Top rock","Diatoms",0
2025-06-18,"C2",12,0.3,NA,"Top rock","Diatoms",0
2025-06-18,"C2",13,0.1,NA,"Top rock","Diatoms",0
2025-06-18,"C2",14,0.5,NA,"Top rock","Diatoms",0
2025-06-18,"C2",15,0.4,NA,"Top rock","Diatoms",0
2025-06-18,"C2",16,2,NA,"Top rock","Diatoms",1.66
2025-06-18,"C2",17,0.8,NA,"Top rock","Diatoms",0.17
2025-06-18,"C2",18,1.5,NA,"Top rock","Diatoms",1.29
2025-06-18,"C2",19,1,NA,"Top rock","Diatoms",0.13
2025-06-18,"C2",20,0.7,NA,"Top rock","Diatoms",0.09
2025-06-18,"T1",1,0.3,NA,"Top rock","Diatoms",0
2025-06-18,"T1",2,0.1,NA,"Top rock","Diatoms",0
2025-06-18,"T1",3,0.1,NA,"Top rock","Diatoms",0
2025-06-18,"T1",4,0.1,NA,"Top rock","Diatoms",0
2025-06-18,"T1",5,0.3,NA,"Top rock","Diatoms",0
2025-06-18,"T1",6,0.1,NA,"Top rock","Diatoms",0
2025-06-18,"T1",7,0.7,NA,"Top rock","Diatoms",0
2025-06-18,"T1",8,0.1,NA,"Top rock","Diatoms",0
2025-06-18,"T1",9,0.5,NA,"Top rock","Diatoms",0
2025-06-18,"T1",10,0.4,NA,"Top rock","Diatoms",0
2025-06-18,"T1",11,0.1,NA,"Top rock","Diatoms",0
2025-06-18,"T1",12,0.7,NA,"Top rock","Diatoms",0.46
2025-06-18,"T1",13,0.4,NA,"Top rock","Diatoms",0.09
2025-06-18,"T1",14,0.1,NA,"Top rock","Diatoms",0
2025-06-18,"T1",15,0.3,NA,"Top rock","Diatoms",0.04
2025-06-18,"T1",16,0.2,NA,"Top rock","Diatoms",0
2025-06-18,"T1",17,0.2,NA,"Top rock","Diatoms",0
2025-06-18,"T1",18,0.7,NA,"Top rock","Diatoms",0
2025-06-18,"T1",19,0.4,NA,"Top rock","Diatoms",0
2025-06-18,"T1",20,0.2,NA,"Top rock","Diatoms",0
2025-06-18,"T2",1,0.4,NA,"Top rock","Diatoms",0
2025-06-18,"T2",2,0.7,NA,"Top rock","Diatoms",0.41
2025-06-18,"T2",3,0.9,NA,"Top rock","Diatoms",0.55
2025-06-18,"T2",4,0.7,NA,"Top rock","Diatoms",0.32
2025-06-18,"T2",5,0.6,NA,"Top rock","Diatoms",0.3
2025-06-18,"T2",6,0.3,NA,"Top rock","Diatoms",0
2025-06-18,"T2",7,1,NA,"Top rock","Diatoms",0.84
2025-06-18,"T2",8,0.7,NA,"Top rock","Diatoms",0.58
2025-06-18,"T2",9,0.9,NA,"Top rock","Diatoms",0.72
2025-06-18,"T2",10,0.7,NA,"Top rock","Diatoms",0.34
2025-06-18,"T2",11,1.1,NA,"Top rock","Diatoms",0.64
2025-06-18,"T2",12,0.5,NA,"Top rock","Diatoms",0.21
2025-06-18,"T2",13,0.5,NA,"Top rock","Diatoms",0.19
2025-06-18,"T2",14,0.3,NA,"Top rock","Diatoms",0
2025-06-18,"T2",15,1.1,NA,"Top rock","Diatoms",0.92
2025-06-18,"T2",16,0.6,NA,"Top rock","Diatoms",0.17
2025-06-18,"T2",17,0.6,NA,"Top rock","Diatoms",0.39
2025-06-18,"T2",18,0.9,NA,"Top rock","Diatoms",0.72
2025-06-18,"T2",19,0.8,NA,"Top rock","Diatoms",0.61
2025-06-18,"T2",20,1.6,NA,"Top rock","Diatoms",1.29
2025-06-18,"T3",1,2.2,NA,"Top rock","Diatoms",1.84
2025-06-18,"T3",2,0.6,NA,"Top rock","Diatoms",0.3
2025-06-18,"T3",3,0.7,NA,"Top rock","Diatoms",0.45
2025-06-18,"T3",4,1.2,NA,"Top rock","Diatoms",1.02
2025-06-18,"T3",5,1.5,NA,"Top rock","Diatoms",1.28
2025-06-18,"T3",6,1.2,NA,"Top rock","Diatoms",0.9
2025-06-18,"T3",7,0.4,NA,"Top rock","Diatoms",0
2025-06-18,"T3",8,2.7,NA,"Top rock","Diatoms",2.28
2025-06-18,"T3",9,0.9,NA,"Top rock","Diatoms",0.06
2025-06-18,"T3",10,0.7,NA,"Top rock","Diatoms",0.3
2025-06-18,"T3",11,1.3,NA,"Top rock","Diatoms",1.09
2025-06-18,"T3",12,0.2,NA,"Top rock","Diatoms",0
2025-06-18,"T3",13,0.5,NA,"Top rock","Diatoms",0
2025-06-18,"T3",14,0.5,NA,"Top rock","Diatoms",0
2025-06-18,"T3",15,0.5,NA,"Top rock","Diatoms",0.16
2025-06-18,"T3",16,0.7,NA,"Top rock","Diatoms",0.54
2025-06-18,"T3",17,0.4,NA,"Top rock","Diatoms",0
2025-06-18,"T3",18,0.7,NA,"Top rock","Diatoms",0
2025-06-18,"T3",19,0.4,NA,"Top rock","Diatoms",0
2025-06-18,"T3",20,0.6,NA,"Top rock","Diatoms",0
2025-07-30,"C2",1,8.38,0.69,"Top rock","Diatoms",6.84
2025-07-30,"C2",2,6.89,0.39,"Top rock","Diatoms",6
2025-07-30,"C2",3,8.9,0.71,"Top rock","Diatoms",7.6
2025-07-30,"C2",4,5.06,0.79,"Top rock","Diatoms",4.26
2025-07-30,"C2",5,8.26,0.52,"Top rock","Diatoms",7.09
2025-07-30,"C2",6,9.26,0.77,"Top rock","Diatoms",7.87
2025-07-30,"C2",7,4.47,0.47,"Top rock","Diatoms",3.95
2025-07-30,"C2",8,6.2,0.97,"Top rock","Diatoms",5.27
2025-07-30,"C2",9,8.4,0.54,"Top rock","Diatoms",7.05
2025-07-30,"C2",10,4.24,0.31,"Top rock","Diatoms",3.72
2025-07-30,"C2",11,5.92,0.48,"Top rock","Diatoms",5.07
2025-07-30,"C2",12,6.14,0.3,"Top rock","Diatoms",5.2
2025-07-30,"C2",13,10.19,0.59,"Top rock","Diatoms",8.49
2025-07-30,"C2",14,3.01,0.6,"Top rock","Diatoms",2.41
2025-07-30,"C2",15,6.92,0.53,"Top rock","Diatoms",4.31
2025-07-30,"C2",16,5.25,0.53,"Top rock","Diatoms",4.51
2025-07-30,"C2",17,7.12,0.37,"Top rock","Diatoms",6.1
2025-07-30,"C2",18,11.51,0.63,"Top rock","Diatoms",9.55
2025-07-30,"C2",19,1.22,0.69,"Top rock","Diatoms",0.25
2025-07-30,"C2",20,13.28,0.42,"Top rock","Diatoms",11.28
2025-07-30,"C1.5",1,0.35,0.47,"Top rock","Diatoms",0
2025-07-30,"C1.5",2,3.41,0.72,"Top rock","Diatoms",1.45
2025-07-30,"C1.5",3,1.69,0.5,"Top rock","Diatoms",0.27
2025-07-30,"C1.5",4,3.85,0.26,"Top rock","Diatoms",3.3
2025-07-30,"C1.5",5,1.48,0.6,"Top rock","Diatoms",0.81
2025-07-30,"C1.5",6,1.9,0.62,"Top rock","Diatoms",0.62
2025-07-30,"C1.5",7,2.25,0.19,"Top rock","Diatoms",1.35
2025-07-30,"C1.5",8,2.07,0.43,"Top rock","Diatoms",1.26
2025-07-30,"C1.5",9,5.17,0.55,"Top rock","Diatoms",4.3
2025-07-30,"C1.5",10,0.84,0.69,"Top rock","Diatoms",0.25
2025-07-30,"C1.5",11,0.78,0.67,"Top rock","Diatoms",0.11
2025-07-30,"C1.5",12,2.06,0.33,"Top rock","Diatoms",1.7
2025-07-30,"C1.5",13,0.57,0.58,"Top rock","Diatoms",0
2025-07-30,"C1.5",14,1.66,0.61,"Top rock","Diatoms",0.3
2025-07-30,"C1.5",15,0.51,0.88,"Top rock","Diatoms",0
2025-07-30,"C1.5",16,0.91,0.61,"Top rock","Diatoms",0.17
2025-07-30,"C1.5",17,2.63,0.56,"Top rock","Diatoms",1.81
2025-07-30,"C1.5",18,0.26,0.51,"Top rock","Diatoms",0
2025-07-30,"C1.5",19,3.17,0.39,"Top rock","Diatoms",2.62
2025-07-30,"C1.5",20,2.11,0.28,"Top rock","Diatoms",1.87
2025-07-30,"T1",1,4.28,0.46,"Top rock","Diatoms",3.12
2025-07-30,"T1",2,2.94,0.74,"Top rock","Diatoms",1.19
2025-07-30,"T1",3,1.03,0.65,"Top rock","Diatoms",0.6
2025-07-30,"T1",4,0.55,0.56,"Top rock","Diatoms",0
2025-07-30,"T1",5,4.12,0.38,"Top rock","Diatoms",3.53
2025-07-30,"T1",6,4.47,0.33,"Top rock","Diatoms",3.92
2025-07-30,"T1",7,9.47,0.2,"Top rock","Diatoms",8.35
2025-07-30,"T1",8,0.7,0.23,"Top rock","Diatoms",0.59
2025-07-30,"T1",9,4.51,0.42,"Top rock","Diatoms",3.73
2025-07-30,"T1",10,5.04,0.18,"Top rock","Diatoms",3.33
2025-07-30,"T1",11,2.38,0.48,"Top rock","Diatoms",1.55
2025-07-30,"T1",12,5.84,0.76,"Top rock","Diatoms",5
2025-07-30,"T1",13,5.96,0.52,"Top rock","Diatoms",5.12
2025-07-30,"T1",14,11.38,0.29,"Top rock","Diatoms",9.97
2025-07-30,"T1",15,5.06,0.69,"Top rock","Diatoms",4.16
2025-07-30,"T1",16,0.52,0.71,"Top rock","Diatoms",0.01
2025-07-30,"T1",17,4.76,0.51,"Top rock","Diatoms",4.08
2025-07-30,"T1",18,1.91,0.47,"Top rock","Diatoms",1.19
2025-07-30,"T1",19,3.66,0.59,"Top rock","Diatoms",2.85
2025-07-30,"T1",20,2.67,0.68,"Top rock","Diatoms",2.01
2025-07-30,"T2",1,1.06,0.71,"Top rock","Diatoms",0
2025-07-30,"T2",2,1.8,0.62,"Top rock","Diatoms",1.05
2025-07-30,"T2",3,3.48,0.34,"Top rock","Diatoms",1.37
2025-07-30,"T2",4,5.04,0.44,"Top rock","Diatoms",4.01
2025-07-30,"T2",5,4.43,0.37,"Top rock","Diatoms",3.72
2025-07-30,"T2",6,3.7,0.35,"Top rock","Diatoms",2.77
2025-07-30,"T2",7,2.24,0.29,"Top rock","Diatoms",1.92
2025-07-30,"T2",8,2.63,0.14,"Top rock","Diatoms",2.39
2025-07-30,"T2",9,3.07,0.13,"Top rock","Diatoms",2.59
2025-07-30,"T2",10,3.26,0.28,"Top rock","Diatoms",2.69
2025-07-30,"T2",11,2.51,0.24,"Top rock","Diatoms",1.37
2025-07-30,"T2",12,5.27,0.27,"Top rock","Diatoms",4.54
2025-07-30,"T2",13,2.46,0.28,"Top rock","Diatoms",1.13
2025-07-30,"T2",14,5.08,0.39,"Top rock","Diatoms",3.36
2025-07-30,"T2",15,2.29,0.29,"Top rock","Diatoms",1.95
2025-07-30,"T2",16,5.53,0.35,"Top rock","Diatoms",4.74
2025-07-30,"T2",17,0.9,0.38,"Top rock","Diatoms",0.54
2025-07-30,"T2",18,2.22,0.54,"Top rock","Diatoms",1.95
2025-07-30,"T2",19,4.37,0.22,"Top rock","Diatoms",3.75
2025-07-30,"T2",20,0.51,0.4,"Top rock","Diatoms",0
2025-07-30,"T3",1,1.09,0.35,"Top rock","Diatoms",0.61
2025-07-30,"T3",2,0.53,0.39,"Top rock","Diatoms",0.09
2025-07-30,"T3",3,2.35,0.47,"Top rock","Diatoms",1.91
2025-07-30,"T3",4,3.45,0.51,"Top rock","Diatoms",3.02
2025-07-30,"T3",5,2.85,0.48,"Top rock","Diatoms",2.34
2025-07-30,"T3",6,5.12,0.45,"Top rock","Diatoms",4.4
2025-07-30,"T3",7,0.57,0.45,"Top rock","Diatoms",0.49
2025-07-30,"T3",8,2.55,0.54,"Top rock","Diatoms",2.19
2025-07-30,"T3",9,6.11,0.57,"Top rock","Diatoms",5.33
2025-07-30,"T3",10,7.26,0.26,"Top rock","Diatoms",6.28
2025-07-30,"T3",11,1.89,0.36,"Top rock","Diatoms",1.16
2025-07-30,"T3",12,2.14,0.55,"Top rock","Diatoms",1.06
2025-07-30,"T3",13,10,0.37,"Top rock","Diatoms",8.53
2025-07-30,"T3",14,8.69,0.35,"Top rock","Diatoms",7.55
2025-07-30,"T3",15,6.77,0.55,"Top rock","Diatoms",6.05
2025-08-27,"T3",1,4.06,0.08,"Top rock","Diatoms",3.17
2025-08-27,"T3",2,0.18,0.33,"Top rock","Diatoms",0
2025-08-27,"T3",3,8.11,0.31,"Top rock","Diatoms",6.33
2025-08-27,"T3",4,3,0.12,"Top rock","Diatoms",2.34
2025-08-27,"T3",5,3.22,0.22,"Top rock","Diatoms",2.11
2025-08-27,"T3",6,3.6,0.24,"Top rock","Diatoms",2.8
2025-08-27,"T3",7,3.87,0.21,"Top rock","Diatoms",2.84
2025-08-27,"T3",8,1.25,0.22,"Top rock","Diatoms",0.97
2025-08-27,"T3",9,4.85,0.3,"Top rock","Diatoms",3.74
2025-08-27,"T3",10,4.92,0.1,"Top rock","Diatoms",3.57
2025-08-27,"T3",11,4.69,0.19,"Top rock","Diatoms",3.39
2025-08-27,"T3",12,5.84,0.23,"Top rock","Diatoms",4.33
2025-08-27,"T3",13,3.66,0.29,"Top rock","Diatoms",2.69
2025-08-27,"T3",14,5.6,0.31,"Top rock","Diatoms",4.18
2025-08-27,"T3",15,5.77,0.27,"Top rock","Diatoms",4.51
2025-08-27,"T3",16,6.81,0.43,"Top rock","Diatoms",5.09
2025-08-27,"T3",17,6.8,0.34,"Top rock","Diatoms",5.08
2025-08-27,"T3",18,6.29,0.11,"Top rock","Diatoms",4.9
2025-08-27,"T3",19,5.49,0.17,"Top rock","Diatoms",4.21
2025-08-27,"T3",20,5.14,0.33,"Top rock","Diatoms",3.94
2025-08-27,"T2",1,2.61,0.21,"Top rock","Diatoms",2.04
2025-08-27,"T2",2,9.85,0.19,"Top rock","Diatoms",7.97
2025-08-27,"T2",3,1.12,0.22,"Top rock","Diatoms",0.77
2025-08-27,"T2",4,2.96,0.16,"Top rock","Diatoms",2.33
2025-08-27,"T2",5,2.18,0.07,"Top rock","Diatoms",1.73
2025-08-27,"T2",6,4.66,0.1,"Top rock","Diatoms",3.73
2025-08-27,"T2",7,8.54,0.27,"Top rock","Diatoms",6.77
2025-08-27,"T2",8,5.95,0.07,"Top rock","Diatoms",4.9
2025-08-27,"T2",9,4.61,0.16,"Top rock","Diatoms",3.8
2025-08-27,"T2",10,1.61,0.05,"Top rock","Diatoms",1.26
2025-08-27,"T2",11,1.88,0.13,"Top rock","Diatoms",1.4
2025-08-27,"T2",12,3.92,0.14,"Top rock","Diatoms",3.31
2025-08-27,"T2",13,3.76,0.14,"Top rock","Diatoms",2.65
2025-08-27,"T2",14,2.54,0.14,"Top rock","Diatoms",1.92
2025-08-27,"T2",15,5.53,0.12,"Top rock","Diatoms",4.28
2025-08-27,"T2",16,7.49,0.38,"Top rock","Diatoms",5.72
2025-08-27,"T2",17,0.22,0.13,"Top rock","Diatoms",0
2025-08-27,"T2",18,1.1,0.08,"Top rock","Diatoms",0.76
2025-08-27,"T2",19,3.65,0.31,"Top rock","Diatoms",2.95
2025-08-27,"T2",20,9.62,0.09,"Top rock","Diatoms",7.68
2025-08-27,"T1",1,0.18,0.3,"Top rock","Diatoms",0
2025-08-27,"T1",2,5.95,0.43,"Top rock","Diatoms",4.63
2025-08-27,"T1",3,2.31,0.32,"Top rock","Diatoms",1.77
2025-08-27,"T1",4,0.2,0.16,"Top rock","Diatoms",0
2025-08-27,"T1",5,1.69,0.48,"Top rock","Diatoms",1.1
2025-08-27,"T1",6,0.71,0.03,"Top rock","Diatoms",0.43
2025-08-27,"T1",7,3.98,0.05,"Top rock","Diatoms",3.2
2025-08-27,"T1",8,2.25,0.06,"Top rock","Diatoms",1.79
2025-08-27,"T1",9,0.11,0.47,"Top rock","Diatoms",0
2025-08-27,"T1",10,8.52,0.36,"Top rock","Diatoms",6.79
2025-08-27,"T1",11,0.26,0.41,"Top rock","Diatoms",0
2025-08-27,"T1",12,4.7,0.19,"Top rock","Diatoms",3.97
2025-08-27,"T1",13,0.27,0.09,"Top rock","Diatoms",0
2025-08-27,"T1",14,2,0.12,"Top rock","Diatoms",1.41
2025-08-27,"T1",15,0.46,0.15,"Top rock","Diatoms",0.22
2025-08-27,"T1",16,0.82,0.12,"Top rock","Diatoms",0.09
2025-08-27,"T1",17,0.26,0.21,"Top rock","Diatoms",0
2025-08-27,"T1",18,0.21,0.61,"Top rock","Diatoms",0
2025-08-27,"T1",19,11.45,0.07,"Top rock","Diatoms",9.13
2025-08-27,"T1",20,0.14,0.25,"Top rock","Diatoms",0
2025-08-27,"C2",1,0.88,0.49,"Top rock","Diatoms",0.32
2025-08-27,"C2",2,0.44,1.1,"Top rock","Diatoms",0
2025-08-27,"C2",3,0.6,0.05,"Top rock","Diatoms",0.32
2025-08-27,"C2",4,0.53,0.16,"Top rock","Diatoms",0.13
2025-08-27,"C2",5,1.01,0.3,"Top rock","Diatoms",0.02
2025-08-27,"C2",6,0.56,0.04,"Top rock","Diatoms",0.25
2025-08-27,"C2",7,0.36,0.13,"Top rock","Diatoms",0.08
2025-08-27,"C2",8,0.26,0.06,"Top rock","Diatoms",0.07
2025-08-27,"C2",9,0.65,0.26,"Top rock","Diatoms",0.3
2025-08-27,"C2",10,0.45,0.11,"Top rock","Diatoms",0.15
2025-08-27,"C2",11,0.47,0.3,"Top rock","Diatoms",0.17
2025-08-27,"C2",12,13.05,0.19,"Top rock","Diatoms",10.34
2025-08-27,"C2",13,3.05,0.32,"Top rock","Diatoms",1.44
2025-08-27,"C2",14,2.95,0.3,"Top rock","Diatoms",2.02
2025-08-27,"C2",15,0.56,0.25,"Top rock","Diatoms",0.21
2025-08-27,"C2",16,3.23,0.05,"Top rock","Diatoms",2.32
2025-08-27,"C2",17,1.89,0.15,"Top rock","Diatoms",1.47
2025-08-27,"C2",18,19.66,0.16,"Top rock","Diatoms",15.95
2025-08-27,"C2",19,6.92,0.12,"Top rock","Diatoms",5.84
2025-08-27,"C2",20,0.99,0.15,"Top rock","Diatoms",0.26
2025-08-27,"C1.5",1,0.3,0.3,"Top rock","Diatoms",0
2025-08-27,"C1.5",2,0.28,0.2,"Top rock","Diatoms",0
2025-08-27,"C1.5",3,1.16,0.35,"Top rock","Diatoms",0.4
2025-08-27,"C1.5",4,0.57,0.26,"Top rock","Diatoms",0.26
2025-08-27,"C1.5",5,0.52,0.34,"Top rock","Diatoms",0.28
2025-08-27,"C1.5",6,7.71,0.07,"Top rock","Diatoms",6.16
2025-08-27,"C1.5",7,7.32,0.06,"Top rock","Diatoms",5.82
2025-08-27,"C1.5",8,0.93,0.08,"Top rock","Diatoms",0.25
2025-08-27,"C1.5",9,2.22,0.16,"Top rock","Diatoms",1.86
2025-08-27,"C1.5",10,3.14,0.24,"Top rock","Diatoms",2.38
2025-08-27,"C1.5",11,1.44,0.26,"Top rock","Diatoms",1.08
2025-08-27,"C1.5",12,0.62,0.22,"Top rock","Diatoms",0.37
2025-08-27,"C1.5",13,0.38,0.13,"Top rock","Diatoms",0.14
2025-08-27,"C1.5",14,0.56,0.42,"Top rock","Diatoms",0.16
2025-08-27,"C1.5",15,0.71,0.36,"Top rock","Diatoms",0.23
2025-08-27,"C1.5",16,0.41,0.4,"Top rock","Diatoms",0
2025-08-27,"C1.5",17,10.31,0.26,"Top rock","Diatoms",8.44
2025-08-27,"C1.5",18,13.88,0.42,"Top rock","Diatoms",11.46
2025-08-27,"C1.5",19,0.74,0.53,"Top rock","Diatoms",0.13
2025-08-27,"C1.5",20,0.4,0.39,"Top rock","Diatoms",0.14
2025-09-23,"C1.5",1,0.96,0.48,"Top rock","Diatoms",0.37
2025-09-23,"C1.5",2,0.65,0.73,"Top rock","Diatoms",0.27
2025-09-23,"C1.5",3,0.94,0.38,"Top rock","Diatoms",0.39
2025-09-23,"C1.5",4,7.44,0.57,"Top rock","Diatoms",6.28
2025-09-23,"C1.5",5,2.36,0.31,"Top rock","Diatoms",1.19
2025-09-23,"C1.5",6,1.94,0.55,"Top rock","Diatoms",1.42
2025-09-23,"C1.5",7,0.32,0.36,"Top rock","Diatoms",0
2025-09-23,"C1.5",8,4.06,0.14,"Top rock","Diatoms",3.53
2025-09-23,"C1.5",9,6.51,0.35,"Top rock","Diatoms",5.45
2025-09-23,"C1.5",10,6.2,0.3,"Top rock","Diatoms",3
2025-09-23,"C1.5",11,3.08,0.33,"Top rock","Diatoms",2.49
2025-09-23,"C1.5",12,0.84,0.45,"Top rock","Diatoms",0.73
2025-09-23,"C1.5",13,0.3,0.25,"Top rock","Diatoms",0.02
2025-09-23,"C1.5",14,0.27,0.49,"Top rock","Diatoms",0
2025-09-23,"C1.5",15,1.12,0.48,"Top rock","Diatoms",0.29
2025-09-23,"C1.5",16,0.52,0.51,"Top rock","Diatoms",0
2025-09-23,"C1.5",17,0.39,0.71,"Top rock","Diatoms",0
2025-09-23,"C1.5",18,1.41,0.58,"Top rock","Diatoms",0.27
2025-09-23,"C1.5",19,2.38,0.12,"Top rock","Diatoms",1.26
2025-09-23,"C1.5",20,4.14,0.16,"Top rock","Diatoms",3.57
2025-09-23,"C2",1,1.56,0.35,"Top rock","Diatoms",0.6
2025-09-23,"C2",2,1.61,0.36,"Top rock","Diatoms",1.15
2025-09-23,"C2",3,1,0.6,"Top rock","Diatoms",0.38
2025-09-23,"C2",4,10.16,0.45,"Top rock","Diatoms",8.85
2025-09-23,"C2",5,2.63,0.33,"Top rock","Diatoms",2.44
2025-09-23,"C2",6,4.66,0.33,"Top rock","Diatoms",3.99
2025-09-23,"C2",7,1.81,0.37,"Top rock","Diatoms",1.19
2025-09-23,"C2",8,0.92,0.57,"Top rock","Diatoms",0.19
2025-09-23,"C2",9,2.01,0.42,"Top rock","Diatoms",1.52
2025-09-23,"C2",10,3.5,0.33,"Top rock","Diatoms",2.47
2025-09-23,"C2",11,1.47,0.41,"Top rock","Diatoms",0.95
2025-09-23,"C2",12,9.5,0.55,"Top rock","Diatoms",8.31
2025-09-23,"C2",13,3.05,0.39,"Top rock","Diatoms",2.59
2025-09-23,"C2",14,5.87,0.27,"Top rock","Diatoms",5.16
2025-09-23,"C2",15,1.63,0.61,"Top rock","Diatoms",0.52
2025-09-23,"C2",16,0.41,0.4,"Top rock","Diatoms",0
2025-09-23,"C2",17,0.64,0.24,"Top rock","Diatoms",0
2025-09-23,"C2",18,0.52,0.49,"Top rock","Diatoms",0
2025-09-23,"C2",19,0.66,0.62,"Top rock","Diatoms",0
2025-09-23,"C2",20,10.15,0.6,"Top rock","Diatoms",8.72
2025-09-23,"T1",1,5.27,0.34,"Top rock","Diatoms",4.12
2025-09-23,"T1",2,5.15,0.23,"Top rock","Diatoms",4.5
2025-09-23,"T1",3,0.66,0.33,"Top rock","Diatoms",0.08
2025-09-23,"T1",4,0.38,0.51,"Top rock","Diatoms",0
2025-09-23,"T1",5,1.67,0.46,"Top rock","Diatoms",1.44
2025-09-23,"T1",6,0.37,0.39,"Top rock","Diatoms",0
2025-09-23,"T1",7,0.12,0.46,"Top rock","Diatoms",0
2025-09-23,"T1",8,8.45,0.34,"Top rock","Diatoms",6.97
2025-09-23,"T1",9,3.35,0.24,"Top rock","Diatoms",2.55
2025-09-23,"T1",10,2.99,0.22,"Top rock","Diatoms",2.25
2025-09-23,"T1",11,2.2,0.16,"Top rock","Diatoms",1.52
2025-09-23,"T1",12,1.88,0.22,"Top rock","Diatoms",0.7
2025-09-23,"T1",13,1.04,0.38,"Top rock","Diatoms",0.33
2025-09-23,"T1",14,0.97,0.21,"Top rock","Diatoms",0.35
2025-09-23,"T1",15,1.11,0.33,"Top rock","Diatoms",0.41
2025-09-23,"T1",16,0.74,0.42,"Top rock","Diatoms",0.02
2025-09-23,"T1",17,8.38,0.44,"Top rock","Diatoms",7.08
2025-09-23,"T1",18,0.12,0.44,"Top rock","Diatoms",0
2025-09-23,"T1",19,0.81,0.51,"Top rock","Diatoms",0.37
2025-09-23,"T1",20,0.81,0.31,"Top rock","Diatoms",0.67
2025-09-23,"T2",1,8.99,0.42,"Top rock","Diatoms",7.25
2025-09-23,"T2",2,5.09,0.37,"Top rock","Diatoms",4.26
2025-09-23,"T2",3,4.09,0.37,"Top rock","Diatoms",3.49
2025-09-23,"T2",4,6.08,0.24,"Top rock","Diatoms",5.17
2025-09-23,"T2",5,5.47,0.27,"Top rock","Diatoms",4.42
2025-09-23,"T2",6,5.4,0.35,"Top rock","Diatoms",4.55
2025-09-23,"T2",7,7.41,0.34,"Top rock","Diatoms",6.25
2025-09-23,"T2",8,6.4,0.33,"Top rock","Diatoms",5.31
2025-09-23,"T2",9,0.64,0.44,"Top rock","Diatoms",0.06
2025-09-23,"T2",10,2.89,0.14,"Top rock","Diatoms",2.52
2025-09-23,"T2",11,1.51,0.04,"Top rock","Diatoms",1.19
2025-09-23,"T2",12,2.99,0.28,"Top rock","Diatoms",2.4
2025-09-23,"T2",13,2.27,0.37,"Top rock","Diatoms",1.94
2025-09-23,"T2",14,0.2,0.36,"Top rock","Diatoms",0
2025-09-23,"T2",15,3.67,0.4,"Top rock","Diatoms",3.23
2025-09-23,"T2",16,4.84,0.35,"Top rock","Diatoms",4.24
2025-09-23,"T2",17,6.33,0.33,"Top rock","Diatoms",5.35
2025-09-23,"T2",18,0.51,0.56,"Top rock","Diatoms",0.03
2025-09-23,"T2",19,2.63,0.4,"Top rock","Diatoms",2.15
2025-09-23,"T2",20,0.16,0.51,"Top rock","Diatoms",0
2025-09-23,"T3",1,8.23,0.24,"Top rock","Diatoms",7.03
2025-09-23,"T3",2,8.07,0.32,"Top rock","Diatoms",6.45
2025-09-23,"T3",3,5.43,0.25,"Top rock","Diatoms",4.47
2025-09-23,"T3",4,6.06,0.36,"Top rock","Diatoms",4.92
2025-09-23,"T3",5,6.67,0.29,"Top rock","Diatoms",5.58
2025-09-23,"T3",6,4.79,0.3,"Top rock","Diatoms",4.06
2025-09-23,"T3",7,5.43,0.38,"Top rock","Diatoms",4.57
2025-09-23,"T3",8,0.85,0.44,"Top rock","Diatoms",0.54
2025-09-23,"T3",9,3.6,0.17,"Top rock","Diatoms",2.12
2025-09-23,"T3",10,3.96,0.31,"Top rock","Diatoms",3.36
2025-09-23,"T3",11,1.35,0.27,"Top rock","Diatoms",0.99
2025-09-23,"T3",12,3.67,0.51,"Top rock","Diatoms",3.05
2025-09-23,"T3",13,5.21,0.45,"Top rock","Diatoms",4.5
2025-09-23,"T3",14,3.65,0.29,"Top rock","Diatoms",3.16
2025-09-23,"T3",15,3.88,0.47,"Top rock","Diatoms",3.33
2025-09-23,"T3",16,0.91,0.71,"Top rock","Diatoms",0.55
2025-09-23,"T3",17,2.01,0.67,"Top rock","Diatoms",1.65
2025-09-23,"T3",18,0.45,0.68,"Top rock","Diatoms",0
2025-09-23,"T3",19,6.35,0.57,"Top rock","Diatoms",5.35
2025-09-23,"T3",20,9.41,0.59,"Top rock","Diatoms",7.62
2025-10-20,"C1.5",1,0.04,0.6,"Top rock","Diatoms",0
2025-10-20,"C1.5",2,3.13,0.52,"Top rock","Diatoms",0.31
2025-10-20,"C1.5",3,2.55,0.31,"Top rock","Diatoms",1.95
2025-10-20,"C1.5",4,1.86,0.45,"Top rock","Diatoms",1.3
2025-10-20,"C1.5",5,6.25,0.41,"Top rock","Diatoms",5.35
2025-10-20,"C1.5",6,0.43,0.34,"Top rock","Diatoms",0.23
2025-10-20,"C1.5",7,1.22,0.33,"Top rock","Diatoms",0.4
2025-10-20,"C1.5",8,1.01,0.29,"Top rock","Diatoms",0.39
2025-10-20,"C1.5",9,1.83,0.11,"Top rock","Diatoms",1.42
2025-10-20,"C1.5",10,5.01,0.17,"Top rock","Diatoms",4.05
2025-10-20,"C1.5",11,3.02,0.08,"Top rock","Diatoms",2.47
2025-10-20,"C1.5",12,7.53,0.24,"Top rock","Diatoms",6.48
2025-10-20,"C1.5",13,7.62,0.3,"Top rock","Diatoms",5.8
2025-10-20,"C1.5",14,10.05,0.15,"Top rock","Diatoms",8.53
2025-10-20,"C1.5",15,0.75,0.36,"Top rock","Diatoms",0.03
2025-10-20,"C1.5",16,8.4,0.15,"Top rock","Diatoms",7.35
2025-10-20,"C1.5",17,4.95,0.06,"Top rock","Diatoms",4.3
2025-10-20,"C1.5",18,3.53,0.74,"Top rock","Diatoms",2.93
2025-10-20,"C1.5",19,4.73,0.44,"Top rock","Diatoms",4.2
2025-10-20,"C1.5",20,7.67,0.26,"Top rock","Diatoms",6.51
2025-10-22,"C2",1,1.52,0.12,"Top rock","Diatoms",0.44
2025-10-22,"C2",2,2.08,0.15,"Top rock","Diatoms",0.94
2025-10-22,"C2",3,1.05,0.3,"Top rock","Diatoms",0
2025-10-22,"C2",4,0.48,0.36,"Top rock","Diatoms",0
2025-10-22,"C2",5,0.64,0.16,"Top rock","Diatoms",0
2025-10-22,"C2",6,0.86,0.33,"Top rock","Diatoms",0.18
2025-10-22,"C2",7,0.39,0.35,"Top rock","Diatoms",0
2025-10-22,"C2",8,1.38,0.21,"Top rock","Diatoms",0.63
2025-10-22,"C2",9,0.34,0.17,"Top rock","Diatoms",0
2025-10-22,"C2",10,0.51,0.21,"Top rock","Diatoms",0.01
2025-10-22,"C2",11,10.96,0.11,"Top rock","Diatoms",9.34
2025-10-22,"C2",12,1.27,0.58,"Top rock","Diatoms",0.6
2025-10-22,"C2",13,7.27,0.35,"Top rock","Diatoms",6.13
2025-10-22,"C2",14,6.07,0.11,"Top rock","Diatoms",5.18
2025-10-22,"C2",15,0.65,0.31,"Top rock","Diatoms",0.11
2025-10-22,"C2",16,5.4,0.23,"Top rock","Diatoms",4.65
2025-10-22,"C2",17,3.17,0.03,"Top rock","Diatoms",1.62
2025-10-22,"C2",18,5.48,0.09,"Top rock","Diatoms",2.74
2025-10-22,"C2",19,1.4,0.1,"Top rock","Diatoms",0.81
2025-10-22,"C2",20,4.58,0.18,"Top rock","Diatoms",3.49
2025-10-22,"T1",1,11.45,0.15,"Top rock","Diatoms",9.54
2025-10-22,"T1",2,6.01,0.21,"Top rock","Diatoms",4.7
2025-10-22,"T1",3,0.13,0.55,"Top rock","Diatoms",0
2025-10-22,"T1",4,25.22,0.03,"Top rock","Diatoms",20.09
2025-10-22,"T1",5,1.12,0,"Top rock","Diatoms",0.82
2025-10-22,"T1",6,0.44,0.12,"Top rock","Diatoms",0.11
2025-10-22,"T1",7,6.24,0.4,"Top rock","Diatoms",4.9
2025-10-22,"T1",8,5.63,0.22,"Top rock","Diatoms",4.48
2025-10-22,"T1",9,0.34,0.62,"Top rock","Diatoms",0
2025-10-22,"T1",10,14.63,0.24,"Top rock","Diatoms",12.6
2025-10-22,"T1",11,1.12,0.58,"Top rock","Diatoms",0.45
2025-10-22,"T1",12,4.94,0.52,"Top rock","Diatoms",3.94
2025-10-22,"T1",13,0.05,0.64,"Top rock","Diatoms",0
2025-10-22,"T1",14,5.4,0.26,"Top rock","Diatoms",4.6
2025-10-22,"T1",15,1.53,0.36,"Top rock","Diatoms",0.93
2025-10-22,"T1",16,0.44,0.33,"Top rock","Diatoms",0.13
2025-10-22,"T1",17,0.69,0.2,"Top rock","Diatoms",0.17
2025-10-22,"T1",18,0.69,0.51,"Top rock","Diatoms",0.42
2025-10-22,"T1",19,0.25,0.62,"Top rock","Diatoms",0
2025-10-22,"T1",20,0.47,0.45,"Top rock","Diatoms",0
2025-10-21,"T2",1,15.17,0.15,"Top rock","Diatoms",12.58
2025-10-21,"T2",2,3.33,0.08,"Top rock","Diatoms",2.74
2025-10-21,"T2",3,3.13,0.13,"Top rock","Diatoms",2.56
2025-10-21,"T2",4,0.71,0.03,"Top rock","Diatoms",0.28
2025-10-21,"T2",5,7.08,0.03,"Top rock","Diatoms",6.07
2025-10-21,"T2",6,6.75,0.24,"Top rock","Diatoms",5.62
2025-10-21,"T2",7,3.49,0.16,"Top rock","Diatoms",2.93
2025-10-21,"T2",8,5.06,0.15,"Top rock","Diatoms",4.11
2025-10-21,"T2",9,7.43,0.02,"Top rock","Diatoms",6.29
2025-10-21,"T2",10,6.82,0.1,"Top rock","Diatoms",5.62
2025-10-21,"T2",11,1.6,0.23,"Top rock","Diatoms",0.99
2025-10-21,"T2",12,1.08,0.02,"Top rock","Diatoms",0.78
2025-10-21,"T2",13,1.06,0.08,"Top rock","Diatoms",0.8
2025-10-21,"T2",14,9.83,0.08,"Top rock","Diatoms",8.25
2025-10-21,"T2",15,4.29,0.21,"Top rock","Diatoms",3.6
2025-10-21,"T2",16,5.44,0.1,"Top rock","Diatoms",3.34
2025-10-21,"T2",17,3.16,0.1,"Top rock","Diatoms",2.62
2025-10-21,"T2",18,3.35,0.24,"Top rock","Diatoms",2.51
2025-10-21,"T2",19,5.5,0.46,"Top rock","Diatoms",4.52
2025-10-21,"T2",20,3.81,0.18,"Top rock","Diatoms",2.93
2025-10-19,"T3",1,2.37,0.26,"Top rock","Diatoms",2.02
2025-10-19,"T3",2,6.31,0.54,"Top rock","Diatoms",5.13
2025-10-19,"T3",3,3.57,0.42,"Top rock","Diatoms",2.77
2025-10-19,"T3",4,12.44,0.44,"Top rock","Diatoms",10.44
2025-10-19,"T3",5,5.78,0.16,"Top rock","Diatoms",4.67
2025-10-19,"T3",6,11,0.15,"Top rock","Diatoms",8.95
2025-10-19,"T3",7,10.93,0.21,"Top rock","Diatoms",9.06
2025-10-19,"T3",8,5.77,0.29,"Top rock","Diatoms",4.4
2025-10-19,"T3",9,2.81,0.22,"Top rock","Diatoms",2.19
2025-10-19,"T3",10,16.68,0.41,"Top rock","Diatoms",13.93
2025-10-19,"T3",11,8.53,0.45,"Top rock","Diatoms",7.11
2025-10-19,"T3",12,7.69,0.43,"Top rock","Diatoms",5.87
2025-10-19,"T3",13,17.78,0.58,"Top rock","Diatoms",15.11
2025-10-19,"T3",14,12.18,0.62,"Top rock","Diatoms",10.25
2025-10-19,"T3",15,6.19,0.62,"Top rock","Diatoms",5.02
2025-10-19,"T3",16,6.18,0.37,"Top rock","Diatoms",4.62
2025-10-19,"T3",17,5.33,0.39,"Top rock","Diatoms",4.01
2025-10-19,"T3",18,3.16,0.26,"Top rock","Diatoms",2.57
2025-10-19,"T3",19,6.32,0.52,"Top rock","Diatoms",5.08
2025-10-19,"T3",20,8.98,0.42,"Top rock","Diatoms",7.18
2025-11-14,"C1.5",1,0.48,0.18,"Top rock","Diatoms",0
2025-11-14,"C1.5",2,0.42,0.51,"Top rock","Diatoms",0
2025-11-14,"C1.5",3,0.32,0.47,"Top rock","Diatoms",0
2025-11-14,"C1.5",4,0.13,0.47,"Top rock","Diatoms",0
2025-11-14,"C1.5",5,2.07,0.06,"Top rock","Diatoms",1.65
2025-11-14,"C1.5",6,2.24,0.12,"Top rock","Diatoms",1.7
2025-11-14,"C1.5",7,0.27,0.27,"Top rock","Diatoms",0
2025-11-14,"C1.5",8,0.39,0.28,"Top rock","Diatoms",0
2025-11-14,"C1.5",9,0.24,0.21,"Top rock","Diatoms",0
2025-11-14,"C1.5",10,4.78,0.15,"Top rock","Diatoms",3.74
2025-11-14,"C1.5",11,1.42,0.15,"Top rock","Diatoms",1.14
2025-11-14,"C1.5",12,0.19,0.39,"Top rock","Diatoms",0
2025-11-14,"C1.5",13,0.28,0.27,"Top rock","Diatoms",0
2025-11-14,"C1.5",14,0.48,0.19,"Top rock","Diatoms",0.23
2025-11-14,"C1.5",15,0.59,0.28,"Top rock","Diatoms",0
2025-11-14,"C1.5",16,0.88,0.33,"Top rock","Diatoms",0.4
2025-11-14,"C1.5",17,5.2,0.05,"Top rock","Diatoms",4.26
2025-11-14,"C1.5",18,0.23,0.31,"Top rock","Diatoms",0
2025-11-14,"C1.5",19,0.2,0.58,"Top rock","Diatoms",0
2025-11-14,"C1.5",20,0.74,0.53,"Top rock","Diatoms",0.5
2025-11-14,"C2",1,0.26,0.29,"Top rock","Diatoms",0
2025-11-14,"C2",2,0.22,0.57,"Top rock","Diatoms",0
2025-11-14,"C2",3,0.48,0.19,"Top rock","Diatoms",0.27
2025-11-14,"C2",4,0.11,0.39,"Top rock","Diatoms",0
2025-11-14,"C2",5,0.56,0.15,"Top rock","Diatoms",0.15
2025-11-14,"C2",6,0.31,0.18,"Top rock","Diatoms",0.04
2025-11-14,"C2",7,0.41,0.03,"Top rock","Diatoms",0
2025-11-14,"C2",8,0.18,0.31,"Top rock","Diatoms",0
2025-11-14,"C2",9,0.47,0.13,"Top rock","Diatoms",0.12
2025-11-14,"C2",10,0.39,0.45,"Top rock","Diatoms",0
2025-11-14,"C2",11,0.29,0.51,"Top rock","Diatoms",0
2025-11-14,"C2",12,0.39,0.17,"Top rock","Diatoms",0
2025-11-14,"C2",13,3.46,0.02,"Top rock","Diatoms",2.8
2025-11-14,"C2",14,0.46,0.13,"Top rock","Diatoms",0
2025-11-14,"C2",15,0.43,0.3,"Top rock","Diatoms",0
2025-11-14,"C2",16,2.02,0.33,"Top rock","Diatoms",1.32
2025-11-14,"C2",17,1.16,0.32,"Top rock","Diatoms",0.04
2025-11-14,"C2",18,0.8,0.02,"Top rock","Diatoms",0.2
2025-11-14,"C2",19,0.28,0.45,"Top rock","Diatoms",0.1
2025-11-14,"C2",20,0.25,0.34,"Top rock","Diatoms",0.01
2025-11-14,"T1",1,0.54,0.1,"Top rock","Diatoms",0.04
2025-11-14,"T1",2,5.36,0.1,"Top rock","Diatoms",4.46
2025-11-14,"T1",3,12.8,0.03,"Top rock","Diatoms",11.06
2025-11-14,"T1",4,2.38,0.21,"Top rock","Diatoms",2.22
2025-11-14,"T1",5,0.15,0.29,"Top rock","Diatoms",0
2025-11-14,"T1",6,1.65,0.01,"Top rock","Diatoms",1.36
2025-11-14,"T1",7,1.07,0.08,"Top rock","Diatoms",0.82
2025-11-14,"T1",8,2.3,0.04,"Top rock","Diatoms",1.73
2025-11-14,"T1",9,1.11,0.11,"Top rock","Diatoms",0.6
2025-11-14,"T1",10,1.29,0.19,"Top rock","Diatoms",0.93
2025-11-14,"T1",11,0.79,0.26,"Top rock","Diatoms",0.19
2025-11-14,"T1",12,0.35,0.14,"Top rock","Diatoms",0
2025-11-14,"T1",13,0.78,0.44,"Top rock","Diatoms",0.34
2025-11-14,"T1",14,2.59,0.23,"Top rock","Diatoms",2.29
2025-11-14,"T1",15,1.78,0.02,"Top rock","Diatoms",1.31
2025-11-14,"T1",16,3.19,-0.03,"Top rock","Diatoms",2.62
2025-11-14,"T1",17,0.19,0.04,"Top rock","Diatoms",0
2025-11-14,"T1",18,1.07,0.05,"Top rock","Diatoms",0.55
2025-11-14,"T1",19,0.98,0.25,"Top rock","Diatoms",0.82
2025-11-14,"T1",20,0.31,0.45,"Top rock","Diatoms",0
2025-11-14,"T2",1,2.54,0.04,"Top rock","Diatoms",1.99
2025-11-14,"T2",2,0.42,0.1,"Top rock","Diatoms",0.13
2025-11-14,"T2",3,5.94,0.1,"Top rock","Diatoms",3.11
2025-11-14,"T2",4,2.43,0.13,"Top rock","Diatoms",1.84
2025-11-14,"T2",5,4.95,0.14,"Top rock","Diatoms",3.82
2025-11-14,"T2",6,1.58,0.04,"Top rock","Diatoms",1.29
2025-11-14,"T2",7,6.4,0.05,"Top rock","Diatoms",5.37
2025-11-14,"T2",8,4.11,0.04,"Top rock","Diatoms",1.93
2025-11-14,"T2",9,2.39,0.08,"Top rock","Diatoms",1.86
2025-11-14,"T2",10,1.85,0.07,"Top rock","Diatoms",1.08
2025-11-14,"T2",11,2.41,0.01,"Top rock","Diatoms",0.63
2025-11-14,"T2",12,1.39,-0.03,"Top rock","Diatoms",1.11
2025-11-14,"T2",13,5.75,0.06,"Top rock","Diatoms",4.63
2025-11-14,"T2",14,3.66,0.07,"Top rock","Diatoms",2.94
2025-11-14,"T2",15,0.49,0.05,"Top rock","Diatoms",0.02
2025-11-14,"T2",16,3.62,0.1,"Top rock","Diatoms",2.79
2025-11-14,"T2",17,2.35,0.1,"Top rock","Diatoms",1.83
2025-11-14,"T2",18,1.55,0.1,"Top rock","Diatoms",1.22
2025-11-14,"T2",19,5.98,0.2,"Top rock","Diatoms",4.49
2025-11-14,"T2",20,1.23,0,"Top rock","Diatoms",0.98
2025-11-14,"T3",1,4.3,0.39,"Top rock","Diatoms",3.25
2025-11-14,"T3",2,5.15,0.11,"Top rock","Diatoms",4.36
2025-11-14,"T3",3,11.64,0.02,"Top rock","Diatoms",9.81
2025-11-14,"T3",4,2.67,0.03,"Top rock","Diatoms",2.23
2025-11-14,"T3",5,11.04,0.07,"Top rock","Diatoms",9.03
2025-11-14,"T3",6,4.78,0.05,"Top rock","Diatoms",3.91
2025-11-14,"T3",7,12.54,0.06,"Top rock","Diatoms",10.25
2025-11-14,"T3",8,13.6,0.02,"Top rock","Diatoms",11.56
2025-11-14,"T3",9,4.22,0,"Top rock","Diatoms",3.37
2025-11-14,"T3",10,6.73,0.07,"Top rock","Diatoms",5.36
2025-11-14,"T3",11,2.48,0.1,"Top rock","Diatoms",2
2025-11-14,"T3",12,15.96,0.12,"Top rock","Diatoms",12.99
2025-11-14,"T3",13,3.94,0.03,"Top rock","Diatoms",3.12
2025-11-14,"T3",14,11.77,0.14,"Top rock","Diatoms",9.94
2025-11-14,"T3",15,3.72,0.19,"Top rock","Diatoms",2.8
2025-11-14,"T3",16,7.26,0.06,"Top rock","Diatoms",6.06
2025-11-14,"T3",17,5.02,0.23,"Top rock","Diatoms",4.03
2025-11-14,"T3",18,19.91,0.18,"Top rock","Diatoms",16.72
2025-11-14,"T3",19,4.62,0.05,"Top rock","Diatoms",3.54
2025-11-14,"T3",20,7.76,0.19,"Top rock","Diatoms",5.86
2025-12-15,"C1.5",1,2.26,0.19,"Top rock","Diatoms",1.77
2025-12-15,"C1.5",2,0.74,0.23,"Top rock","Diatoms",0.17
2025-12-15,"C1.5",3,1.11,0.3,"Top rock","Diatoms",0
2025-12-15,"C1.5",4,0.43,0.36,"Top rock","Diatoms",0.02
2025-12-15,"C1.5",5,0.66,0.42,"Top rock","Diatoms",0
2025-12-15,"C1.5",6,0.74,0.36,"Top rock","Diatoms",0.31
2025-12-15,"C1.5",7,0.56,0.1,"Top rock","Diatoms",0.02
2025-12-15,"C1.5",8,0.28,0.41,"Top rock","Diatoms",0
2025-12-15,"C1.5",9,0.54,0.14,"Top rock","Diatoms",0.01
2025-12-15,"C1.5",10,0.71,0.39,"Top rock","Diatoms",0
2025-12-15,"C1.5",11,0.66,0.15,"Top rock","Diatoms",0.26
2025-12-15,"C1.5",12,0.26,0.25,"Top rock","Diatoms",0
2025-12-15,"C1.5",13,0.52,0.29,"Top rock","Diatoms",0
2025-12-15,"C1.5",14,0.55,0.47,"Top rock","Diatoms",0.26
2025-12-15,"C1.5",15,0.87,0.05,"Top rock","Diatoms",0.1
2025-12-15,"C1.5",16,2.59,0.02,"Top rock","Diatoms",2.03
2025-12-15,"C1.5",17,0.49,0.37,"Top rock","Diatoms",0.02
2025-12-15,"C1.5",18,0.73,0.57,"Top rock","Diatoms",0.21
2025-12-15,"C1.5",19,1.6,0.1,"Top rock","Diatoms",0.56
2025-12-15,"C1.5",20,0.44,0.4,"Top rock","Diatoms",0
2025-12-15,"C2",1,0.54,0.47,"Top rock","Diatoms",0.24
2025-12-15,"C2",2,0.24,0.07,"Top rock","Diatoms",0.11
2025-12-15,"C2",3,0.34,0.12,"Top rock","Diatoms",0
2025-12-15,"C2",4,1.19,0.28,"Top rock","Diatoms",0.35
2025-12-15,"C2",5,0.29,0.29,"Top rock","Diatoms",0
2025-12-15,"C2",6,0.19,0.4,"Top rock","Diatoms",0
2025-12-15,"C2",7,0.44,0.04,"Top rock","Diatoms",0
2025-12-15,"C2",8,0.88,0.36,"Top rock","Diatoms",0.12
2025-12-15,"C2",9,0.45,0.05,"Top rock","Diatoms",0.06
2025-12-15,"C2",10,0.92,0.33,"Top rock","Diatoms",0
2025-12-15,"C2",11,0.77,0.3,"Top rock","Diatoms",0.01
2025-12-15,"C2",12,0.68,0.08,"Top rock","Diatoms",0
2025-12-15,"C2",13,3.33,0.03,"Top rock","Diatoms",2.39
2025-12-15,"C2",14,0.42,0.26,"Top rock","Diatoms",0.06
2025-12-15,"C2",15,0.56,0.08,"Top rock","Diatoms",0.22
2025-12-15,"C2",16,0.3,0.3,"Top rock","Diatoms",0.06
2025-12-15,"C2",17,0.94,0.17,"Top rock","Diatoms",0.55
2025-12-15,"C2",18,3.15,0.15,"Top rock","Diatoms",2.5
2025-12-15,"C2",19,0.37,0.51,"Top rock","Diatoms",0.02
2025-12-15,"C2",20,0.28,0.31,"Top rock","Diatoms",0
2025-12-15,"T1",1,4.69,-0.04,"Top rock","Diatoms",2.99
2025-12-15,"T1",2,6.4,0.05,"Top rock","Diatoms",3.09
2025-12-15,"T1",3,0.44,0.22,"Top rock","Diatoms",0.23
2025-12-15,"T1",4,0.44,0.35,"Top rock","Diatoms",0.01
2025-12-15,"T1",5,0.85,0.13,"Top rock","Diatoms",0
2025-12-15,"T1",6,0.74,0.43,"Top rock","Diatoms",0.22
2025-12-15,"T1",7,0.44,0.17,"Top rock","Diatoms",0.03
2025-12-15,"T1",8,0.47,0.6,"Top rock","Diatoms",0.02
2025-12-15,"T1",9,0.4,0.27,"Top rock","Diatoms",0
2025-12-15,"T1",10,0.15,0.21,"Top rock","Diatoms",0
2025-12-15,"T1",11,5.62,0.28,"Top rock","Diatoms",4.01
2025-12-15,"T1",12,0.92,0.13,"Top rock","Diatoms",0.66
2025-12-15,"T1",13,0.51,0.17,"Top rock","Diatoms",0.14
2025-12-15,"T1",14,0.36,0.46,"Top rock","Diatoms",0.2
2025-12-15,"T1",15,0.74,0.04,"Top rock","Diatoms",0
2025-12-15,"T1",16,0.92,0.26,"Top rock","Diatoms",0
2025-12-15,"T1",17,0.63,0.2,"Top rock","Diatoms",0.1
2025-12-15,"T1",18,0.25,0.25,"Top rock","Diatoms",0
2025-12-15,"T1",19,0.52,0.54,"Top rock","Diatoms",0
2025-12-15,"T1",20,3.68,0.05,"Top rock","Diatoms",1.73
2025-12-15,"T2",1,1.38,0.35,"Top rock","Diatoms",1.06
2025-12-15,"T2",2,3.74,0.18,"Top rock","Diatoms",2.87
2025-12-15,"T2",3,2.66,0.15,"Top rock","Diatoms",2.2
2025-12-15,"T2",4,5.82,0.21,"Top rock","Diatoms",4.84
2025-12-15,"T2",5,4.24,0.3,"Top rock","Diatoms",1.01
2025-12-15,"T2",6,7.64,0.15,"Top rock","Diatoms",4.7
2025-12-15,"T2",7,2.33,0.18,"Top rock","Diatoms",1.86
2025-12-15,"T2",8,3.35,0.15,"Top rock","Diatoms",2.53
2025-12-15,"T2",9,3.78,0.11,"Top rock","Diatoms",2.97
2025-12-15,"T2",10,13.55,-0.01,"Top rock","Diatoms",6.63
2025-12-15,"T2",11,1.25,0.18,"Top rock","Diatoms",0.47
2025-12-15,"T2",12,9.22,0.14,"Top rock","Diatoms",6.24
2025-12-15,"T2",13,2.16,0.09,"Top rock","Diatoms",1.44
2025-12-15,"T2",14,4.72,0,"Top rock","Diatoms",2.95
2025-12-15,"T2",15,2.43,0.02,"Top rock","Diatoms",1.99
2025-12-15,"T2",16,4.79,0.06,"Top rock","Diatoms",4
2025-12-15,"T2",17,2.74,0.04,"Top rock","Diatoms",2.2
2025-12-15,"T2",18,11.71,0.14,"Top rock","Diatoms",5.84
2025-12-15,"T2",19,9.9,0.16,"Top rock","Diatoms",4.45
2025-12-15,"T2",20,4.59,0.1,"Top rock","Diatoms",3.77
2025-12-15,"T3",1,5.59,0.03,"Top rock","Diatoms",4.41
2025-12-15,"T3",2,2.98,0.06,"Top rock","Diatoms",2.29
2025-12-15,"T3",3,18.3,0.09,"Top rock","Diatoms",15.2
2025-12-15,"T3",4,3.58,0.05,"Top rock","Diatoms",2.77
2025-12-15,"T3",5,5.38,0.09,"Top rock","Diatoms",4.28
2025-12-15,"T3",6,2.03,0.09,"Top rock","Diatoms",1.64
2025-12-15,"T3",7,5.56,0.1,"Top rock","Diatoms",4.59
2025-12-15,"T3",8,5.66,0.13,"Top rock","Diatoms",4.42
2025-12-15,"T3",9,2.64,0.16,"Top rock","Diatoms",2
2025-12-15,"T3",10,3.34,0.13,"Top rock","Diatoms",2.64
2025-12-15,"T3",11,3.95,0.35,"Top rock","Diatoms",3.22
2025-12-15,"T3",12,1.81,0.17,"Top rock","Diatoms",1.48
2025-12-15,"T3",13,1.94,0.17,"Top rock","Diatoms",1.49
2025-12-15,"T3",14,0.18,0.23,"Top rock","Diatoms",0
2025-12-15,"T3",15,3.55,-0.03,"Top rock","Diatoms",2.81
2025-12-15,"T3",16,7.49,0.12,"Top rock","Diatoms",6.02
2025-12-15,"T3",17,2.76,0.16,"Top rock","Diatoms",2.15
2025-12-15,"T3",18,1.49,0.08,"Top rock","Diatoms",1.15
2025-12-15,"T3",19,4.23,0.23,"Top rock","Diatoms",3.43
2025-12-15,"T3",20,0.4,0.33,"Top rock","Diatoms",0
2026-02-14,"C1.5",1,0.03,0.18,"Top rock","Diatoms",0
2026-02-14,"C1.5",2,0.24,0.22,"Top rock","Diatoms",0
2026-02-14,"C1.5",3,0.21,0.38,"Top rock","Diatoms",0
2026-02-14,"C1.5",4,2.41,0.09,"Top rock","Diatoms",0.6
2026-02-14,"C1.5",5,2.02,0.18,"Top rock","Diatoms",1.65
2026-02-14,"C1.5",6,0.26,0.44,"Top rock","Diatoms",0
2026-02-14,"C1.5",7,0.29,0.12,"Top rock","Diatoms",0
2026-02-14,"C1.5",8,1.19,0.19,"Top rock","Diatoms",0.68
2026-02-14,"C1.5",9,0.12,0.13,"Top rock","Diatoms",0
2026-02-14,"C1.5",10,0.33,0.34,"Top rock","Diatoms",0
2026-02-14,"C1.5",11,0.86,0.05,"Top rock","Diatoms",0
2026-02-14,"C1.5",12,1.87,0.23,"Top rock","Diatoms",1.44
2026-02-14,"C1.5",13,1.19,0.12,"Top rock","Diatoms",0.77
2026-02-14,"C1.5",14,0.21,0.44,"Top rock","Diatoms",0
2026-02-14,"C1.5",15,0.35,0.16,"Top rock","Diatoms",0
2026-02-14,"C1.5",16,0.07,0.48,"Top rock","Diatoms",0
2026-02-14,"C1.5",17,0.64,0.31,"Top rock","Diatoms",0.11
2026-02-14,"C1.5",18,8.07,0.24,"Top rock","Diatoms",0
2026-02-14,"C1.5",19,0.14,0.61,"Top rock","Diatoms",0
2026-02-14,"C1.5",20,2.63,0.44,"Top rock","Diatoms",2.17
2026-02-14,"C2",1,0.17,0.37,"Top rock","Diatoms",0
2026-02-14,"C2",2,0.07,0.31,"Top rock","Diatoms",0
2026-02-14,"C2",3,0.07,0.35,"Top rock","Diatoms",0
2026-02-14,"C2",4,0.25,0.18,"Top rock","Diatoms",0
2026-02-14,"C2",5,1.07,0.34,"Top rock","Diatoms",0.4
2026-02-14,"C2",6,0.25,0.45,"Top rock","Diatoms",0
2026-02-14,"C2",7,0.37,0.61,"Top rock","Diatoms",0
2026-02-14,"C2",8,0.45,0.34,"Top rock","Diatoms",0
2026-02-14,"C2",9,0.78,0.46,"Top rock","Diatoms",0.09
2026-02-14,"C2",10,0.41,0.39,"Top rock","Diatoms",0
2026-02-14,"C2",11,0.24,0.11,"Top rock","Diatoms",0
2026-02-14,"C2",12,0.2,0.21,"Top rock","Diatoms",0
2026-02-14,"C2",13,0.31,0.61,"Top rock","Diatoms",0
2026-02-14,"C2",14,0.15,0.14,"Top rock","Diatoms",0
2026-02-14,"C2",15,1.98,0.05,"Top rock","Diatoms",0.73
2026-02-14,"C2",16,0.51,0.24,"Top rock","Diatoms",0.16
2026-02-14,"C2",17,4.98,0.05,"Top rock","Diatoms",3.53
2026-02-14,"C2",18,0.38,0.37,"Top rock","Diatoms",0
2026-02-14,"C2",19,0.35,0.28,"Top rock","Diatoms",0.07
2026-02-14,"C2",20,1.88,0.28,"Top rock","Diatoms",0.59
2026-02-14,"T1",1,0.16,0.41,"Top rock","Diatoms",0
2026-02-14,"T1",2,10.26,0.1,"Top rock","Diatoms",8.48
2026-02-14,"T1",3,0.31,0.69,"Top rock","Diatoms",0
2026-02-14,"T1",4,3.74,0.13,"Top rock","Diatoms",2.15
2026-02-14,"T1",5,0.29,0.19,"Top rock","Diatoms",0
2026-02-14,"T1",6,0.25,0.44,"Top rock","Diatoms",0
2026-02-14,"T1",7,0.5,0.17,"Top rock","Diatoms",0.02
2026-02-14,"T1",8,6.96,0.53,"Top rock","Diatoms",5.72
2026-02-14,"T1",9,0.38,0.31,"Top rock","Diatoms",0.02
2026-02-14,"T1",10,7.49,0.12,"Top rock","Diatoms",5.08
2026-02-14,"T1",11,0.17,0.49,"Top rock","Diatoms",0
2026-02-14,"T1",12,5.25,0.23,"Top rock","Diatoms",2.02
2026-02-14,"T1",13,6.74,0.12,"Top rock","Diatoms",5.62
2026-02-14,"T1",14,1.6,0.43,"Top rock","Diatoms",1.2
2026-02-14,"T1",15,0.21,0.21,"Top rock","Diatoms",0
2026-02-14,"T1",16,0.42,0.65,"Top rock","Diatoms",0.01
2026-02-14,"T1",17,0.06,0.49,"Top rock","Diatoms",0
2026-02-14,"T1",18,0.48,0.32,"Top rock","Diatoms",0.03
2026-02-14,"T1",19,2.31,0.2,"Top rock","Diatoms",0.81
2026-02-14,"T1",20,12.02,0.26,"Top rock","Diatoms",7.53
2026-02-14,"T2",1,2.85,0.11,"Top rock","Diatoms",1.25
2026-02-14,"T2",2,2.44,0.08,"Top rock","Diatoms",1.96
2026-02-14,"T2",3,3.08,0.21,"Top rock","Diatoms",2.21
2026-02-14,"T2",4,3.76,0.1,"Top rock","Diatoms",2.65
2026-02-14,"T2",5,4.98,0.07,"Top rock","Diatoms",2.13
2026-02-14,"T2",6,3.22,0.07,"Top rock","Diatoms",1.66
2026-02-14,"T2",7,3.77,0.07,"Top rock","Diatoms",2.7
2026-02-14,"T2",8,2.26,0.08,"Top rock","Diatoms",1.68
2026-02-14,"T2",9,2.78,0.07,"Top rock","Diatoms",1.14
2026-02-14,"T2",10,7.31,0.02,"Top rock","Diatoms",6.08
2026-02-14,"T2",11,7.7,0.05,"Top rock","Diatoms",6.25
2026-02-14,"T2",12,2.24,0.04,"Top rock","Diatoms",1.79
2026-02-14,"T2",13,3.8,0.11,"Top rock","Diatoms",3.09
2026-02-14,"T2",14,3.08,0.04,"Top rock","Diatoms",2.48
2026-02-14,"T2",15,4.11,0.12,"Top rock","Diatoms",3.46
2026-02-14,"T2",16,4.47,0.16,"Top rock","Diatoms",2.08
2026-02-14,"T2",17,3.08,0.18,"Top rock","Diatoms",2.38
2026-02-14,"T2",18,3.55,0.11,"Top rock","Diatoms",2.42
2026-02-14,"T2",19,3.29,0.22,"Top rock","Diatoms",1.17
2026-02-14,"T2",20,5.7,0.22,"Top rock","Diatoms",3.97
2026-02-14,"T3",1,5.7,0.12,"Top rock","Diatoms",4.31
2026-02-14,"T3",2,4.62,0.14,"Top rock","Diatoms",3.37
2026-02-14,"T3",3,3.87,0.14,"Top rock","Diatoms",2.86
2026-02-14,"T3",4,3.1,0.16,"Top rock","Diatoms",2.38
2026-02-14,"T3",5,2.6,0.13,"Top rock","Diatoms",1.82
2026-02-14,"T3",6,6.76,0.21,"Top rock","Diatoms",5.43
2026-02-14,"T3",7,2.92,0.11,"Top rock","Diatoms",2.32
2026-02-14,"T3",8,4.11,0.28,"Top rock","Diatoms",3.13
2026-02-14,"T3",9,3.29,0.16,"Top rock","Diatoms",2.41
2026-02-14,"T3",10,2.44,0.16,"Top rock","Diatoms",1.89
2026-02-14,"T3",11,1.15,0.09,"Top rock","Diatoms",0.87
2026-02-14,"T3",12,3.37,0.07,"Top rock","Diatoms",2.9
2026-02-14,"T3",13,9.51,0.28,"Top rock","Diatoms",7.26
2026-02-14,"T3",14,3.36,0.08,"Top rock","Diatoms",2.68
2026-02-14,"T3",15,6.4,0.42,"Top rock","Diatoms",4.37
2026-02-14,"T3",16,7.74,0.26,"Top rock","Diatoms",4.99
2026-02-14,"T3",17,15.08,0.35,"Top rock","Diatoms",12.02
2026-02-14,"T3",18,5.8,0.13,"Top rock","Diatoms",1.86
2026-02-14,"T3",19,5.9,0.26,"Top rock","Diatoms",4
2026-02-14,"T3",20,4.87,0.27,"Top rock","Diatoms",3.36
2026-03-07,"C1.5",1,0.15,0.15,"Top rock","Diatoms",0
2026-03-07,"C1.5",2,0.78,0.41,"Top rock","Diatoms",0.56
2026-03-07,"C1.5",3,0.39,0.24,"Top rock","Diatoms",0.15
2026-03-07,"C1.5",4,2.64,0.29,"Top rock","Diatoms",2.28
2026-03-07,"C1.5",5,0.07,0.31,"Top rock","Diatoms",0
2026-03-07,"C1.5",6,0.28,0.2,"Top rock","Diatoms",0
2026-03-07,"C1.5",7,0.99,0.14,"Top rock","Diatoms",0.52
2026-03-07,"C1.5",8,2.46,0.08,"Top rock","Diatoms",2.05
2026-03-07,"C1.5",9,5.8,0.23,"Top rock","Diatoms",4.9
2026-03-07,"C1.5",10,3.3,0.15,"Top rock","Diatoms",2.83
2026-03-07,"C1.5",11,0.11,0.31,"Top rock","Diatoms",0
2026-03-07,"C1.5",12,0.69,0.12,"Top rock","Diatoms",0.4
2026-03-07,"C1.5",13,3.5,0.12,"Top rock","Diatoms",2.96
2026-03-07,"C1.5",14,0.06,0.25,"Top rock","Diatoms",0
2026-03-07,"C1.5",15,0.11,0.29,"Top rock","Diatoms",0
2026-03-07,"C1.5",16,2.08,0.38,"Top rock","Diatoms",1.7
2026-03-07,"C1.5",17,3.66,0.58,"Top rock","Diatoms",1.31
2026-03-07,"C1.5",18,0.58,0.34,"Top rock","Diatoms",0
2026-03-07,"C1.5",19,0.4,0.52,"Top rock","Diatoms",0.01
2026-03-07,"C1.5",20,3.33,0.32,"Top rock","Diatoms",2.63
2026-03-07,"C2",1,0.12,0.13,"Top rock","Diatoms",0
2026-03-07,"C2",2,0.19,0.28,"Top rock","Diatoms",0
2026-03-07,"C2",3,0.09,0.19,"Top rock","Diatoms",0
2026-03-07,"C2",4,0.24,0.25,"Top rock","Diatoms",0
2026-03-07,"C2",5,0.02,0.41,"Top rock","Diatoms",0
2026-03-07,"C2",6,0.32,0.48,"Top rock","Diatoms",0
2026-03-07,"C2",7,0.02,0.55,"Top rock","Diatoms",0
2026-03-07,"C2",8,0.11,0.36,"Top rock","Diatoms",0
2026-03-07,"C2",9,1.84,0.37,"Top rock","Diatoms",0.86
2026-03-07,"C2",10,0.36,0.36,"Top rock","Diatoms",0.31
2026-03-07,"C2",11,0.74,0.45,"Top rock","Diatoms",0.26
2026-03-07,"C2",12,0.43,0.17,"Top rock","Diatoms",0.26
2026-03-07,"C2",13,10.35,0.24,"Top rock","Diatoms",6.33
2026-03-07,"C2",14,0.13,0.42,"Top rock","Diatoms",0
2026-03-07,"C2",15,2.83,0.33,"Top rock","Diatoms",1.7
2026-03-07,"C2",16,0.06,0.25,"Top rock","Diatoms",0
2026-03-07,"C2",17,6.57,0.2,"Top rock","Diatoms",5.6
2026-03-07,"C2",18,3.31,0.09,"Top rock","Diatoms",2.71
2026-03-07,"C2",19,0.15,0.23,"Top rock","Diatoms",0
2026-03-07,"C2",20,0.97,0.19,"Top rock","Diatoms",0.35
2026-03-07,"T1",1,1.45,0.21,"Top rock","Diatoms",1.21
2026-03-07,"T1",2,0.15,0.25,"Top rock","Diatoms",0
2026-03-07,"T1",3,3.33,0.04,"Top rock","Diatoms",2.68
2026-03-07,"T1",4,1.05,0.28,"Top rock","Diatoms",0.88
2026-03-07,"T1",5,3.4,0.22,"Top rock","Diatoms",2.67
2026-03-07,"T1",6,0.14,0.43,"Top rock","Diatoms",0
2026-03-07,"T1",7,0.61,0.08,"Top rock","Diatoms",0.13
2026-03-07,"T1",8,1.22,0.44,"Top rock","Diatoms",0.13
2026-03-07,"T1",9,6.06,0.29,"Top rock","Diatoms",2.55
2026-03-07,"T1",10,2.43,0.1,"Top rock","Diatoms",2.05
2026-03-07,"T1",11,7.51,0.08,"Top rock","Diatoms",6.35
2026-03-07,"T1",12,4.2,0.07,"Top rock","Diatoms",1.31
2026-03-07,"T1",13,3.04,0.07,"Top rock","Diatoms",2.45
2026-03-07,"T1",14,1.77,0.11,"Top rock","Diatoms",1.37
2026-03-07,"T1",15,3.8,0.32,"Top rock","Diatoms",3.11
2026-03-07,"T1",16,0.01,0.15,"Top rock","Diatoms",0
2026-03-07,"T1",17,0.61,0.35,"Top rock","Diatoms",0
2026-03-07,"T1",18,0.75,0.37,"Top rock","Diatoms",0.27
2026-03-07,"T1",19,3.69,0.27,"Top rock","Diatoms",2.59
2026-03-07,"T1",20,1.23,0.22,"Top rock","Diatoms",0.62
2026-03-07,"T2",1,1.9,0.16,"Top rock","Diatoms",1.39
2026-03-07,"T2",2,2.39,0.14,"Top rock","Diatoms",1.84
2026-03-07,"T2",3,3.32,0.1,"Top rock","Diatoms",2.41
2026-03-07,"T2",4,2.12,0.13,"Top rock","Diatoms",1.66
2026-03-07,"T2",5,4.39,0.18,"Top rock","Diatoms",3.16
2026-03-07,"T2",6,2.24,0.19,"Top rock","Diatoms",1.52
2026-03-07,"T2",7,2.04,0.19,"Top rock","Diatoms",1.58
2026-03-07,"T2",8,1.3,0.25,"Top rock","Diatoms",0.91
2026-03-07,"T2",9,1.92,0.19,"Top rock","Diatoms",1.6
2026-03-07,"T2",10,1.3,0.08,"Top rock","Diatoms",0.91
2026-03-07,"T2",11,1.72,0.05,"Top rock","Diatoms",1.3
2026-03-07,"T2",12,3.24,0.08,"Top rock","Diatoms",2.55
2026-03-07,"T2",13,3.72,0.11,"Top rock","Diatoms",2.31
2026-03-07,"T2",14,7.51,0.09,"Top rock","Diatoms",6.25
2026-03-07,"T2",15,3.22,0.15,"Top rock","Diatoms",2.61
2026-03-07,"T2",16,6.79,0.13,"Top rock","Diatoms",5.08
2026-03-07,"T2",17,4.18,0.11,"Top rock","Diatoms",3.44
2026-03-07,"T2",18,2.41,0.07,"Top rock","Diatoms",1.96
2026-03-07,"T2",19,9.45,0.2,"Top rock","Diatoms",7.56
2026-03-07,"T2",20,12.38,0.11,"Top rock","Diatoms",9.81
2026-03-07,"T3",1,17.83,0.23,"Top rock","Diatoms",11.93
2026-03-07,"T3",2,6.58,0.07,"Top rock","Diatoms",5.32
2026-03-07,"T3",3,10.71,0.19,"Top rock","Diatoms",7.53
2026-03-07,"T3",4,5.31,0.12,"Top rock","Diatoms",3.78
2026-03-07,"T3",5,10.82,0.16,"Top rock","Diatoms",8.46
2026-03-07,"T3",6,6.37,0.1,"Top rock","Diatoms",5.36
2026-03-07,"T3",7,17.38,0.16,"Top rock","Diatoms",13
2026-03-07,"T3",8,7.34,0.14,"Top rock","Diatoms",5.81
2026-03-07,"T3",9,12.81,0.14,"Top rock","Diatoms",10.42
2026-03-07,"T3",10,7.49,0.08,"Top rock","Diatoms",5.86
2026-03-07,"T3",11,11.68,0.41,"Top rock","Diatoms",9.04
2026-03-07,"T3",12,14.49,0.07,"Top rock","Diatoms",10.15
2026-03-07,"T3",13,12.56,0.32,"Top rock","Diatoms",9.98
2026-03-07,"T3",14,13.44,0.23,"Top rock","Diatoms",10.12
2026-03-07,"T3",15,17.24,0.2,"Top rock","Diatoms",12.07
2026-03-07,"T3",16,9.47,0.35,"Top rock","Diatoms",7.23
2026-03-07,"T3",17,13.68,0.27,"Top rock","Diatoms",8.26
2026-03-07,"T3",18,19.62,0.37,"Top rock","Diatoms",15.46
2026-03-07,"T3",19,13.5,0.23,"Top rock","Diatoms",9.68
2026-03-07,"T3",20,13.55,0.17,"Top rock","Diatoms",9.99
2026-04-11,"C1.5",1,0.07,0.1,"Top rock","Diatoms",0
2026-04-11,"C1.5",2,0.08,0.17,"Top rock","Diatoms",0
2026-04-11,"C1.5",3,0,0.32,"Top rock","Diatoms",0
2026-04-11,"C1.5",4,0,0.3,"Top rock","Diatoms",0
2026-04-11,"C1.5",5,0.14,0.37,"Top rock","Diatoms",0
2026-04-11,"C1.5",6,3.14,0.25,"Top rock","Diatoms",2.03
2026-04-11,"C1.5",7,3.85,0.46,"Top rock","Diatoms",2.97
2026-04-11,"C1.5",8,0.05,0.09,"Top rock","Diatoms",0
2026-04-11,"C1.5",9,0.01,0.22,"Top rock","Diatoms",0
2026-04-11,"C1.5",10,0.04,0.55,"Top rock","Diatoms",0
2026-04-11,"C1.5",11,0.05,0.38,"Top rock","Diatoms",0
2026-04-11,"C1.5",12,0.01,0.15,"Top rock","Diatoms",0
2026-04-11,"C1.5",13,0.11,0.16,"Top rock","Diatoms",0
2026-04-11,"C1.5",14,0,0.39,"Top rock","Diatoms",0
2026-04-11,"C1.5",15,0.12,0.43,"Top rock","Diatoms",0
2026-04-11,"C1.5",16,0,0.33,"Top rock","Diatoms",0
2026-04-11,"C1.5",17,0.07,0.68,"Top rock","Diatoms",0
2026-04-11,"C1.5",18,0.03,0.18,"Top rock","Diatoms",0
2026-04-11,"C1.5",19,0.24,0.24,"Top rock","Diatoms",0
2026-04-11,"C1.5",20,0.03,0.18,"Top rock","Diatoms",0
2026-04-11,"C2",1,0.14,0.13,"Top rock","Diatoms",0
2026-04-11,"C2",2,0,0.73,"Top rock","Diatoms",0
2026-04-11,"C2",3,0.04,0.49,"Top rock","Diatoms",0
2026-04-11,"C2",4,0,0.52,"Top rock","Diatoms",0
2026-04-11,"C2",5,0.12,0.35,"Top rock","Diatoms",0
2026-04-11,"C2",6,0.05,0.23,"Top rock","Diatoms",0
2026-04-11,"C2",7,0.06,0.47,"Top rock","Diatoms",0
2026-04-11,"C2",8,0.06,0.8,"Top rock","Diatoms",0
2026-04-11,"C2",9,0.06,0.53,"Top rock","Diatoms",0
2026-04-11,"C2",10,0.07,0.53,"Top rock","Diatoms",0
2026-04-11,"C2",11,0.02,0.34,"Top rock","Diatoms",0
2026-04-11,"C2",12,0.01,0.25,"Top rock","Diatoms",0
2026-04-11,"C2",13,0.1,0.51,"Top rock","Diatoms",0
2026-04-11,"C2",14,0.17,0.23,"Top rock","Diatoms",0
2026-04-11,"C2",15,0.15,0.34,"Top rock","Diatoms",0
2026-04-11,"C2",16,0.13,0.26,"Top rock","Diatoms",0
2026-04-11,"C2",17,0.12,0.2,"Top rock","Diatoms",0
2026-04-11,"C2",18,0.82,0.52,"Top rock","Diatoms",0
2026-04-11,"C2",19,0,0.48,"Top rock","Diatoms",0
2026-04-11,"C2",20,0.1,0.44,"Top rock","Diatoms",0
2026-04-11,"T1",1,0.06,0.54,"Top rock","Diatoms",0
2026-04-11,"T1",2,0,0.45,"Top rock","Diatoms",0
2026-04-11,"T1",3,0,0.45,"Top rock","Diatoms",0
2026-04-11,"T1",4,0.05,0.51,"Top rock","Diatoms",0
2026-04-11,"T1",5,0.1,0.17,"Top rock","Diatoms",0
2026-04-11,"T1",6,0.11,0.12,"Top rock","Diatoms",0
2026-04-11,"T1",7,0,0.17,"Top rock","Diatoms",0
2026-04-11,"T1",8,0.29,0.04,"Top rock","Diatoms",0
2026-04-11,"T1",9,0.03,0.56,"Top rock","Diatoms",0
2026-04-11,"T1",10,0,0.34,"Top rock","Diatoms",0
2026-04-11,"T1",11,0,0.58,"Top rock","Diatoms",0
2026-04-11,"T1",12,0.05,0.26,"Top rock","Diatoms",0
2026-04-11,"T1",13,0.39,0.2,"Top rock","Diatoms",0
2026-04-11,"T1",14,0.5,0.44,"Top rock","Diatoms",0
2026-04-11,"T1",15,0.07,0.16,"Top rock","Diatoms",0
2026-04-11,"T1",16,0.07,0.4,"Top rock","Diatoms",0
2026-04-11,"T1",17,0,0.61,"Top rock","Diatoms",0
2026-04-11,"T1",18,0.24,0.26,"Top rock","Diatoms",0
2026-04-11,"T1",19,0,0.35,"Top rock","Diatoms",0
2026-04-11,"T1",20,0.05,0.17,"Top rock","Diatoms",0
2026-04-11,"T2",1,2.41,0.15,"Top rock","Diatoms",1.88
2026-04-11,"T2",2,1.65,0.14,"Top rock","Diatoms",1.27
2026-04-11,"T2",3,1.95,0.22,"Top rock","Diatoms",1.6
2026-04-11,"T2",4,2,0.25,"Top rock","Diatoms",1.64
2026-04-11,"T2",5,2.94,0.28,"Top rock","Diatoms",2.31
2026-04-11,"T2",6,1.84,0.14,"Top rock","Diatoms",1.49
2026-04-11,"T2",7,4.05,0.2,"Top rock","Diatoms",3.43
2026-04-11,"T2",8,2.18,0.23,"Top rock","Diatoms",1.82
2026-04-11,"T2",9,1.17,0.18,"Top rock","Diatoms",1.01
2026-04-11,"T2",10,1.82,0.05,"Top rock","Diatoms",1.45
2026-04-11,"T2",11,1.31,0.26,"Top rock","Diatoms",1.04
2026-04-11,"T2",12,0.14,0.21,"Top rock","Diatoms",0
2026-04-11,"T2",13,1.53,0.19,"Top rock","Diatoms",1.21
2026-04-11,"T2",14,4.9,0.18,"Top rock","Diatoms",4.11
2026-04-11,"T2",15,1.81,0.2,"Top rock","Diatoms",1.4
2026-04-11,"T2",16,1.92,0.16,"Top rock","Diatoms",1.48
2026-04-11,"T2",17,1.19,0.58,"Top rock","Diatoms",0.46
2026-04-11,"T2",18,4.3,0.19,"Top rock","Diatoms",2.97
2026-04-11,"T2",19,3.4,0.46,"Top rock","Diatoms",1.16
2026-04-11,"T2",20,0.01,0.41,"Top rock","Diatoms",0
2026-04-11,"T3",1,0.11,0.23,"Top rock","Diatoms",0
2026-04-11,"T3",2,0,0.24,"Top rock","Diatoms",0
2026-04-11,"T3",3,0.05,0.25,"Top rock","Diatoms",0
2026-04-11,"T3",4,0.08,0.16,"Top rock","Diatoms",0
2026-04-11,"T3",5,0.14,0.17,"Top rock","Diatoms",0
2026-04-11,"T3",6,0,0.33,"Top rock","Diatoms",0
2026-04-11,"T3",7,2.59,0.16,"Top rock","Diatoms",1.22
2026-04-11,"T3",8,2.45,0.16,"Top rock","Diatoms",1.69
2026-04-11,"T3",9,2.32,0.1,"Top rock","Diatoms",1.69
2026-04-11,"T3",10,3.7,0.18,"Top rock","Diatoms",2.77
2026-04-11,"T3",11,0.87,0.35,"Top rock","Diatoms",0.44
2026-04-11,"T3",12,0.13,0.22,"Top rock","Diatoms",0
2026-04-11,"T3",13,0,0.43,"Top rock","Diatoms",0
2026-04-11,"T3",14,0.17,0.47,"Top rock","Diatoms",0
2026-04-11,"T3",15,0.09,0.62,"Top rock","Diatoms",0
2026-04-11,"T3",16,2.17,0.37,"Top rock","Diatoms",1.36
2026-04-11,"T3",17,3.44,0.19,"Top rock","Diatoms",2.56
2026-04-11,"T3",18,0.06,0.42,"Top rock","Diatoms",0
2026-04-11,"T3",19,0,0.34,"Top rock","Diatoms",0
2026-04-11,"T3",20,0,0.2,"Top rock","Diatoms",0
2026-05-28,"C1.5",1,0.08,0.85,"Top rock","Diatoms",0
2026-05-28,"C1.5",2,0.17,0.43,"Top rock","Diatoms",0
2026-05-28,"C1.5",3,0.3,0.71,"Top rock","Diatoms",0
2026-05-28,"C1.5",4,0.13,0.19,"Top rock","Diatoms",0
2026-05-28,"C1.5",5,0.23,0.59,"Top rock","Diatoms",0
2026-05-28,"C1.5",6,0.07,1.15,"Top rock","Diatoms",0
2026-05-28,"C1.5",7,0.33,0.15,"Top rock","Diatoms",0
2026-05-28,"C1.5",8,0.21,1.37,"Top rock","Diatoms",0
2026-05-28,"C1.5",9,0.11,0.98,"Top rock","Diatoms",0
2026-05-28,"C1.5",10,0.21,1.46,"Top rock","Diatoms",0
2026-05-28,"C1.5",11,0.15,0.66,"Top rock","Diatoms",0
2026-05-28,"C1.5",12,0.33,1.26,"Top rock","Diatoms",0
2026-05-28,"C1.5",13,0.27,1.56,"Top rock","Diatoms",0
2026-05-28,"C1.5",14,0.37,2.13,"Top rock","Diatoms",0.12
2026-05-28,"C1.5",15,0.17,0.33,"Top rock","Diatoms",0
2026-05-28,"C1.5",16,0.21,1.15,"Top rock","Diatoms",0
2026-05-28,"C1.5",17,0.13,0.6,"Top rock","Diatoms",0
2026-05-28,"C1.5",18,0.26,1.77,"Top rock","Diatoms",0
2026-05-28,"C1.5",19,0.43,2.72,"Top rock","Diatoms",0
2026-05-28,"C1.5",20,0.15,1.24,"Top rock","Diatoms",0
2026-05-27,"C2",1,0.88,1.03,"Top rock","Diatoms",0.44
2026-05-27,"C2",2,0.28,1.47,"Top rock","Diatoms",0
2026-05-27,"C2",3,0.17,1.16,"Top rock","Diatoms",0
2026-05-27,"C2",4,0.3,1.81,"Top rock","Diatoms",0
2026-05-27,"C2",5,0.21,0.37,"Top rock","Diatoms",0
2026-05-27,"C2",6,0.19,1.13,"Top rock","Diatoms",0
2026-05-27,"C2",7,0.88,0.91,"Top rock","Diatoms",0.14
2026-05-27,"C2",8,0.24,0.97,"Top rock","Diatoms",0
2026-05-27,"C2",9,0.06,1.5,"Top rock","Diatoms",0
2026-05-27,"C2",10,4.91,0.75,"Top rock","Diatoms",4.07
2026-05-27,"C2",11,0.44,0.88,"Top rock","Diatoms",0
2026-05-27,"C2",12,0.39,0.99,"Top rock","Diatoms",0
2026-05-27,"C2",13,1.83,0.81,"Top rock","Diatoms",1.39
2026-05-27,"C2",14,0.75,1.06,"Top rock","Diatoms",0.36
2026-05-27,"C2",15,0.08,2.34,"Top rock","Diatoms",0
2026-05-27,"C2",16,0.81,0.64,"Top rock","Diatoms",0.19
2026-05-27,"C2",17,0.34,1.12,"Top rock","Diatoms",0
2026-05-27,"C2",18,2.43,1.01,"Top rock","Diatoms",2.02
2026-05-27,"C2",19,0.46,0.51,"Top rock","Diatoms",0
2026-05-27,"C2",20,5.98,1.26,"Top rock","Diatoms",4.7
2026-05-25,"T1",1,0.19,1.53,"Top rock","Diatoms",0
2026-05-25,"T1",2,0.02,1.52,"Top rock","Diatoms",0
2026-05-25,"T1",3,0.61,0.98,"Top rock","Diatoms",0.28
2026-05-25,"T1",4,0.5,0.18,"Top rock","Diatoms",0.15
2026-05-25,"T1",5,0.44,1.16,"Top rock","Diatoms",0.14
2026-05-25,"T1",6,0.29,0.61,"Top rock","Diatoms",0.08
2026-05-25,"T1",7,0.43,0.44,"Top rock","Diatoms",0.01
2026-05-25,"T1",8,0.03,0.35,"Top rock","Diatoms",0
2026-05-25,"T1",9,0.47,0.94,"Top rock","Diatoms",0.32
2026-05-25,"T1",10,0.11,1.42,"Top rock","Diatoms",0
2026-05-25,"T1",11,1.51,1.48,"Top rock","Diatoms",1.19
2026-05-25,"T1",12,0.29,1.31,"Top rock","Diatoms",0.02
2026-05-25,"T1",13,1.1,0.58,"Top rock","Diatoms",0.85
2026-05-25,"T1",14,0.53,0.47,"Top rock","Diatoms",0.21
2026-05-25,"T1",15,0.09,1.03,"Top rock","Diatoms",0
2026-05-25,"T1",16,0.26,1.22,"Top rock","Diatoms",0
2026-05-25,"T1",17,0.43,1.42,"Top rock","Diatoms",0.16
2026-05-25,"T1",18,0.05,0.63,"Top rock","Diatoms",0
2026-05-25,"T1",19,0.08,0.98,"Top rock","Diatoms",0
2026-05-25,"T1",20,0.06,1.13,"Top rock","Diatoms",0
2026-05-26,"T2",1,1.08,1.64,"Top rock","Diatoms",0.43
2026-05-26,"T2",2,3.92,1.74,"Top rock","Diatoms",2.67
2026-05-26,"T2",3,5.51,1.66,"Top rock","Diatoms",3.81
2026-05-26,"T2",4,5.4,0.89,"Top rock","Diatoms",4.21
2026-05-26,"T2",5,7.63,1.22,"Top rock","Diatoms",5.01
2026-05-26,"T2",6,3.85,0.47,"Top rock","Diatoms",2.61
2026-05-26,"T2",7,3.77,0.4,"Top rock","Diatoms",2.2
2026-05-26,"T2",8,5.08,0.43,"Top rock","Diatoms",3.69
2026-05-26,"T2",9,2.95,0.91,"Top rock","Diatoms",1.4
2026-05-26,"T2",10,3.97,0.61,"Top rock","Diatoms",3.21
2026-05-26,"T2",11,5.3,0.79,"Top rock","Diatoms",3.98
2026-05-26,"T2",12,3.94,0.33,"Top rock","Diatoms",3.17
2026-05-26,"T2",13,4.12,0.76,"Top rock","Diatoms",3.33
2026-05-26,"T2",14,3.66,0.51,"Top rock","Diatoms",3
2026-05-26,"T2",15,2.34,1.36,"Top rock","Diatoms",1.97
2026-05-26,"T2",16,7.06,1.83,"Top rock","Diatoms",5.47
2026-05-26,"T2",17,5.59,1.14,"Top rock","Diatoms",3.95
2026-05-26,"T2",18,1.07,1.8,"Top rock","Diatoms",0.74
2026-05-26,"T2",19,0.28,1,"Top rock","Diatoms",0
2026-05-26,"T2",20,3.9,0.27,"Top rock","Diatoms",3.17
2026-05-29,"T3",1,10.36,0.2,"Top rock","Diatoms",6.14
2026-05-29,"T3",2,4.01,0.32,"Top rock","Diatoms",2.67
2026-05-29,"T3",3,6.16,0.13,"Top rock","Diatoms",5.01
2026-05-29,"T3",4,4.17,0.48,"Top rock","Diatoms",3.52
2026-05-29,"T3",5,6.13,0.47,"Top rock","Diatoms",2.36
2026-05-29,"T3",6,6.19,0.29,"Top rock","Diatoms",3.5
2026-05-29,"T3",7,4.97,0.08,"Top rock","Diatoms",1.43
2026-05-29,"T3",8,1.22,1.16,"Top rock","Diatoms",0.14
2026-05-29,"T3",9,1.1,1.04,"Top rock","Diatoms",0.03
2026-05-29,"T3",10,1.31,0.67,"Top rock","Diatoms",0.15
2026-05-29,"T3",11,1.19,1.63,"Top rock","Diatoms",0.79
2026-05-29,"T3",12,1.15,0.9,"Top rock","Diatoms",0.08
2026-05-29,"T3",13,1.87,1.11,"Top rock","Diatoms",1.4
2026-05-29,"T3",14,4.36,2.12,"Top rock","Diatoms",3.5
2026-05-29,"T3",15,0.7,1.59,"Top rock","Diatoms",0.02
2026-05-29,"T3",16,5.56,1.76,"Top rock","Diatoms",2.04
2026-05-29,"T3",17,3.47,1.12,"Top rock","Diatoms",1.86
2026-05-29,"T3",18,0.68,1.74,"Top rock","Diatoms",0.16
2026-05-29,"T3",19,0.84,1.23,"Top rock","Diatoms",0
2026-05-29,"T3",20,5.36,0.71,"Top rock","Diatoms",3.73
2026-08-05,"C1.5",1,NA,2.15,"Top rock","Diatoms",2.5
2026-08-05,"C1.5",2,NA,1.52,"Top rock","Diatoms",1.02
2026-08-05,"C1.5",3,NA,1.37,"Top rock","Diatoms",0.28
2026-08-05,"C1.5",4,NA,1.68,"Top rock","Diatoms",1.7
2026-08-05,"C1.5",5,NA,1.84,"Top rock","Diatoms",3.97
2026-08-05,"C1.5",6,NA,1.15,"Top rock","Diatoms",5.36
2026-08-05,"C1.5",7,NA,1.64,"Top rock","Diatoms",0.37
2026-08-05,"C1.5",8,NA,1.12,"Top rock","Diatoms",1.57
2026-08-05,"C1.5",9,NA,1.53,"Top rock","Diatoms",0.26
2026-08-05,"C1.5",10,NA,0.64,"Top rock","Diatoms",2.1
2026-08-05,"C1.5",11,NA,0.82,"Top rock","Diatoms",3.27
2026-08-05,"C1.5",12,NA,0.23,"Top rock","Diatoms",1.25
2026-08-05,"C1.5",13,NA,2.16,"Top rock","Diatoms",0.14
2026-08-05,"C1.5",14,NA,1.63,"Top rock","Diatoms",0.97
2026-08-05,"C1.5",15,NA,2.06,"Top rock","Diatoms",0.07
2026-08-05,"C1.5",16,NA,0.32,"Top rock","Diatoms",1.73
2026-08-05,"C1.5",17,NA,0.52,"Top rock","Diatoms",0.34
2026-08-05,"C1.5",18,NA,2.38,"Top rock","Diatoms",0.25
2026-08-05,"C1.5",19,NA,1.73,"Top rock","Diatoms",0.22
2026-08-05,"C1.5",20,NA,0.89,"Top rock","Diatoms",0.22
2026-08-07,"C2",1,NA,1.1,"Top rock","Diatoms",1.48
2026-08-07,"C2",2,NA,2.07,"Top rock","Diatoms",0.25
2026-08-07,"C2",3,NA,0.45,"Top rock","Diatoms",0.79
2026-08-07,"C2",4,NA,1.4,"Top rock","Diatoms",0.12
2026-08-07,"C2",5,NA,1.06,"Top rock","Diatoms",12.09
2026-08-07,"C2",6,NA,1.6,"Top rock","Diatoms",3.57
2026-08-07,"C2",7,NA,0.85,"Top rock","Diatoms",1.87
2026-08-07,"C2",8,NA,-0.13,"Top rock","Diatoms",0.87
2026-08-07,"C2",9,NA,-0.08,"Top rock","Diatoms",3.19
2026-08-07,"C2",10,NA,1.19,"Top rock","Diatoms",2.24
2026-08-07,"C2",11,NA,1.4,"Top rock","Diatoms",0.27
2026-08-07,"C2",12,NA,1.01,"Top rock","Diatoms",6.3
2026-08-07,"C2",13,NA,1.67,"Top rock","Diatoms",0.17
2026-08-07,"C2",14,NA,1.21,"Top rock","Diatoms",1.22
2026-08-07,"C2",15,NA,0.51,"Top rock","Diatoms",4.73
2026-08-07,"C2",16,NA,0.85,"Top rock","Diatoms",2.07
2026-08-07,"C2",17,NA,1.15,"Top rock","Diatoms",2.99
2026-08-07,"C2",18,NA,0.47,"Top rock","Diatoms",4.97
2026-08-07,"C2",19,NA,0.75,"Top rock","Diatoms",5.35
2026-08-07,"C2",20,NA,0.7,"Top rock","Diatoms",1.63
2026-08-03,"T1",1,NA,0.48,"Top rock","Diatoms",0.71
2026-08-03,"T1",2,NA,0.25,"Top rock","Diatoms",1.2
2026-08-03,"T1",3,NA,0.36,"Top rock","Diatoms",0.21
2026-08-03,"T1",4,NA,0.19,"Top rock","Diatoms",10.99
2026-08-03,"T1",5,NA,0.01,"Top rock","Diatoms",0.93
2026-08-03,"T1",6,NA,0.48,"Top rock","Diatoms",0.46
2026-08-03,"T1",7,NA,-0.12,"Top rock","Diatoms",1.1
2026-08-03,"T1",8,NA,0.62,"Top rock","Diatoms",2.78
2026-08-03,"T1",9,NA,0.57,"Top rock","Diatoms",9.9
2026-08-03,"T1",10,NA,0.19,"Top rock","Diatoms",2.99
2026-08-03,"T1",11,NA,0.42,"Top rock","Diatoms",4.66
2026-08-03,"T1",12,NA,-0.02,"Top rock","Diatoms",0.53
2026-08-03,"T1",13,NA,0.77,"Top rock","Diatoms",0.36
2026-08-03,"T1",14,NA,0.32,"Top rock","Diatoms",8.32
2026-08-03,"T1",15,NA,0.2,"Top rock","Diatoms",1.38
2026-08-03,"T1",16,NA,0.56,"Top rock","Diatoms",3.24
2026-08-03,"T1",17,NA,0.85,"Top rock","Diatoms",0.68
2026-08-03,"T1",18,NA,1.15,"Top rock","Diatoms",0.96
2026-08-03,"T1",19,NA,0.95,"Top rock","Diatoms",0.3
2026-08-03,"T1",20,NA,0.19,"Top rock","Diatoms",0.3
2026-08-04,"T2",1,NA,2.75,"Top rock","Diatoms",0.2
2026-08-04,"T2",2,NA,2.5,"Top rock","Diatoms",0.19
2026-08-04,"T2",3,NA,1.2,"Top rock","Diatoms",5.17
2026-08-04,"T2",4,NA,1.21,"Top rock","Diatoms",4.56
2026-08-04,"T2",5,NA,0.85,"Top rock","Diatoms",1.05
2026-08-04,"T2",6,NA,0.97,"Top rock","Diatoms",1.26
2026-08-04,"T2",7,NA,0.78,"Top rock","Diatoms",3.45
2026-08-04,"T2",8,NA,0.26,"Top rock","Diatoms",5.8
2026-08-04,"T2",9,NA,1.05,"Top rock","Diatoms",3.3
2026-08-04,"T2",10,NA,0.63,"Top rock","Diatoms",8.25
2026-08-04,"T2",11,NA,0.03,"Top rock","Diatoms",2.88
2026-08-04,"T2",12,NA,0.53,"Top rock","Diatoms",1.89
2026-08-04,"T2",13,NA,0.7,"Top rock","Diatoms",0.97
2026-08-04,"T2",14,NA,0.08,"Top rock","Diatoms",0.59
2026-08-04,"T2",15,NA,0.67,"Top rock","Diatoms",1.24
2026-08-04,"T2",16,NA,0.65,"Top rock","Diatoms",2.63
2026-08-04,"T2",17,NA,0.82,"Top rock","Diatoms",1.64
2026-08-04,"T2",18,NA,0.9,"Top rock","Diatoms",3.38
2026-08-04,"T2",19,NA,1.08,"Top rock","Diatoms",8.84
2026-08-04,"T2",20,NA,0.57,"Top rock","Diatoms",0.83
2026-08-06,"T3",1,NA,1.42,"Top rock","Diatoms",3.04
2026-08-06,"T3",2,NA,0.63,"Top rock","Diatoms",10.41
2026-08-06,"T3",3,NA,1.03,"Top rock","Diatoms",6.12
2026-08-06,"T3",4,NA,0.5,"Top rock","Diatoms",8.62
2026-08-06,"T3",5,NA,0.22,"Top rock","Diatoms",11.03
2026-08-06,"T3",6,NA,0.45,"Top rock","Diatoms",10.71
2026-08-06,"T3",7,NA,0.88,"Top rock","Diatoms",9.27
2026-08-06,"T3",8,NA,1.07,"Top rock","Diatoms",9.95
2026-08-06,"T3",9,NA,0.92,"Top rock","Diatoms",3.39
2026-08-06,"T3",10,NA,0.98,"Top rock","Diatoms",5.03
2026-08-06,"T3",11,NA,0.26,"Top rock","Diatoms",7.86
2026-08-06,"T3",12,NA,0.93,"Top rock","Diatoms",2.34
2026-08-06,"T3",13,NA,0.41,"Top rock","Diatoms",4.34
2026-08-06,"T3",14,NA,1.57,"Top rock","Diatoms",10.34
2026-08-06,"T3",15,NA,2.81,"Top rock","Diatoms",11.42
2026-08-06,"T3",16,NA,1.36,"Top rock","Diatoms",6.45
2026-08-06,"T3",17,NA,2.31,"Top rock","Diatoms",0.12
2026-08-06,"T3",18,NA,2.48,"Top rock","Diatoms",0.29
2026-08-06,"T3",19,NA,0.87,"Top rock","Diatoms",3.07
2026-08-06,"T3",20,NA,1.62,"Top rock","Diatoms",7.61
