initials,date_entered,sorter_ID,occasion_ID,sample_ID,sample_location,collection_date,sorting_date,grids_sampled,order_name,family_name,life_stage,BL_HW,total_counts,measurement_1,measurement_2,measurement_3,measurement_4,measurement_5,measurement_6,measurement_7,measurement_8,measurement_9,measurement_10,empty_case,NOTES,,PROOFED BY,PROOF DATE
HA,1/23/25,HA,,ER0524_SURB1,Eagle River,5/1/24,9/12/24,16,Plecoptera,Perlodidae,L,BL,1,3.3,,,,,,,,,,,,,CV,3/13/26
HA,1/23/25,HA,,ER0524_SURB1,Eagle River,5/1/24,9/12/24,16,Ephemeroptera,Ephemerellidae,L,BL,12,6.2,6.2,5.9,6.7,6.1,5.8,5.4,6.3,5.9,5.8,,,,CV,3/13/26
HA,1/23/25,HA,,ER0524_SURB1,Eagle River,5/1/24,9/12/24,16,Ephemeroptera,Baetidae,L,BL,3,4.7,4.2,4.3,,,,,,,,,,,CV,3/13/26
HA,1/23/25,HA,,ER0524_SURB1,Eagle River,5/1/24,9/12/24,16,Diptera,Chironomidae,L,BL,17,4.00,3.2,3.4,2.1,1.5,1.7,9.2,3.4,2.8,1.8,,,,CV,3/13/26
GS,2/7/25,HA,,ER0524_SURB2,Eagle River,5/1/24,9/12/24,16,Plecoptera,Perlodidae,L,BL,3,6.2,6.7,5.7,,,,,,,,,,,CV,3/13/26
GS,2/7/25,HA,,ER0524_SURB2,Eagle River,5/1/24,9/12/24,16,Ephemeroptera,Ephemerellidae,L,BL,24,6.4,6.5,6.2,4.5,6.2,6.1,5.8,5.4,6.1,5.9,,,,CV,3/13/26
GS,2/7/25,HA,,ER0524_SURB2,Eagle River,5/1/24,9/12/24,16,Ephemeroptera,Baetidae,L,HW,2,4.7,5.2,,,,,,,,,,very large for HW (potential BL),,CV,3/13/26
GS,2/7/25,HA,,ER0524_SURB2,Eagle River,5/1/24,9/12/24,16,Ephemeroptera,Baetidae,L,BL,5,4.1,3.9,4.2,4.9,4.1,,,,,,,,,CV,3/13/26
GS,2/7/25,HA,,ER0524_SURB2,Eagle River,5/1/24,9/12/24,16,Ephemeroptera,Baetidae,A,BL,1,4.6,,,,,,,,,,,,,CV,3/13/26
GS,2/7/25,HA,,ER0524_SURB2,Eagle River,5/1/24,9/12/24,16,Diptera,Chironomidae,L,BL,12,12.2,5.7,3.4,2.1,4.2,3.1,8.2,2.3,2.4,1.7,,,,CV,3/13/26
GS,2/7/25,HA,,ER0524_SURB2,Eagle River,5/1/24,9/12/24,16,Oligochaeta,worm/oligo,A,BL,3,14,15,5.5,,,,,,,,,,,CV,3/13/26
GS,2/7/25,HA,,ER0524_SURB3,Eagle River,5/1/24,9/23/24,16,Plecoptera,Perlodidae,L,BL,5,7.9,8.2,10.9,5.6,5.3,,,,,,,,,CV,3/13/26
GS,2/7/25,HA,,ER0524_SURB3,Eagle River,5/1/24,9/23/24,16,Ephemeroptera,Ephemerellidae,L,BL,16,5,6.9,6.2,7.3,6.5,4.9,5.9,6.7,6.1,6.8,,,,CV,3/13/26
GS,2/7/25,HA,,ER0524_SURB3,Eagle River,5/1/24,9/23/24,16,Ephemeroptera,Baetidae,L,BL,4,3.4,4.4,4.2,4.1,,,,,,,,,,CV,3/13/26
GS,2/7/25,HA,,ER0524_SURB3,Eagle River,5/1/24,9/23/24,16,Diptera,Chironomidae,L,BL,22,3.1,10.3,4.7,5.2,5.1,6.8,3.6,8.7,3.7,10.1,,,,CV,3/13/26
GS,2/7/25,HA,,ER0524_SURB3,Eagle River,5/1/24,9/23/24,16,Oligochaeta,worm,A,BL,8,7.3,12.3,12.7,10.8,7.5,19.4,10.8,6.3,,,,,,CV,3/13/26
GS,2/7/25,HA,,ER0524_SURB3,Eagle River,5/1/24,9/23/24,16,,snail,A,,2,,,,,,,,,,,,,,CV,3/13/26
GS,2/7/25,HA,,ER0524_SURB4,Eagle River,5/1/24,9/16/24,16,Plecoptera,Perlodidae,L,BL,6,5.1,7.3,3,5.8,5.8,6.6,,,,,,,,CV,3/13/26
GS,2/7/25,HA,,ER0524_SURB4,Eagle River,5/1/24,9/16/24,16,Ephemeroptera,Ephemerellidae,L,BL,21,6,8.2,4.2,6.2,5.9,8.1,4.7,5.8,5.9,6.2,,,,CV,3/13/26
GS,2/7/25,HA,,ER0524_SURB4,Eagle River,5/1/24,9/16/24,16,Ephemeroptera,Baetidae,L,BL,6,4.4,3.7,3.6,3.5,4.2,2.2,,,,,,,,CV,3/13/26
GS,2/7/25,HA,,ER0524_SURB4,Eagle River,5/1/24,9/16/24,16,Trichoptera,Hydropsychidae,L,BL,1,4.2,,,,,,,,,,,,,CV,3/13/26
GS,2/7/25,HA,,ER0524_SURB4,Eagle River,5/1/24,9/16/24,16,Diptera,Chironomidae,P,BL,2,5.4,4.3,,,,,,,,,,,,CV,3/13/26
GS,2/7/25,HA,,ER0524_SURB4,Eagle River,5/1/24,9/16/24,16,Diptera,Chironomidae,L,BL,11,6.8,9.2,2.2,3.2,2.3,5.9,1.2,8.3,,,,,,CV,3/13/26
GS,2/7/25,HA,,ER0524_SURB4,Eagle River,5/1/24,9/16/24,16,Oligochaeta,worm/oligo,A,BL,2,16.1,3.7,,,,,,,,,,,,CV,3/13/26
GS,2/7/25,HA,,ER0524_SURB5,Eagle River,5/1/24,9/14/24,16,Ephemeroptera,Ephemerellidae,L,BL,15,5.4,5.9,5.2,6.5,5.8,5.5,6.2,5,5.8,6.4,,,,CV,3/13/26
GS,2/7/25,HA,,ER0524_SURB5,Eagle River,5/1/24,9/14/24,16,Ephemeroptera,Baetidae,L,BL,5,5.1,5.4,4.2,2.1,3.3,,,,,,,,,CV,3/13/26
GS,2/7/25,HA,,ER0524_SURB5,Eagle River,5/1/24,9/14/24,16,Trichoptera,Hydropsychidae,L,BL,1,7.4,,,,,,,,,,,,,CV,3/13/26
GS,2/7/25,HA,,ER0524_SURB5,Eagle River,5/1/24,9/14/24,16,Diptera,Chironomidae,P,BL,4,5,5.1,4.9,4.7,,,,,,,,,,CV,3/13/26
GS,2/7/25,HA,,ER0524_SURB5,Eagle River,5/1/24,9/14/24,16,Diptera,Chironomidae,L,BL,4,7.5,3.7,6.3,4.6,,,,,,,,,,CV,3/13/26
GS,2/7/25,HA,,ER0524_SURB5,Eagle River,5/1/24,9/14/24,16,,Worm(annelid),A,BL,2,10.2,,,,,,,,,,,,,CV,3/13/26
GS,2/7/25,GS,,C1.50524_SURB1,C1.5,5/16/24,10/15/24,16,Ephemeroptera,Ephemerellidae,L,BL,3,3.7,2.8,2.5,,,,,,,,,,,CV,3/13/26
GS,2/7/25,GS,,C1.50524_SURB1,C1.5,5/16/24,10/15/24,16,Ephemeroptera,Heptageniidae,L,BL,6,5,5,3.2,4,2.7,2.8,,,,,,,,CV,3/13/26
GS,2/7/25,GS,,C1.50524_SURB1,C1.5,5/16/24,10/15/24,16,Ephemeroptera,Baetidae,L,BL,75,4.4,3.6,2.3,3.1,3.9,2.5,4.5,2.3,2.3,4.1,,,,CV,3/13/26
GS,2/7/25,GS,,C1.50524_SURB1,C1.5,5/16/24,10/15/24,16,Trichoptera,Brachycentridae,L,BL,1,11.4,,,,,,,,,,,,,CV,3/13/26
GS,2/7/25,GS,,C1.50524_SURB1,C1.5,5/16/24,10/15/24,16,Trichoptera,Glossosomatidae,L,BL,1,7.2,,,,,,,,,,,,,CV,3/13/26
GS,2/7/25,GS,,C1.50524_SURB1,C1.5,5/16/24,10/15/24,16,Trichoptera,Hydropsychidae,L,BL,1,5.8,,,,,,,,,,,,,CV,3/13/26
GS,2/7/25,GS,,C1.50524_SURB1,C1.5,5/16/24,10/15/24,16,Trichoptera,Lepidostomatidae,L,BL,1,4,,,,,,,,,,,,,CV,3/13/26
GS,2/7/25,GS,,C1.50524_SURB1,C1.5,5/16/24,10/15/24,16,Coleoptera,Elmidae,L,BL,2,5,3.1,,,,,,,,,,,,CV,3/13/26
GS,2/7/25,GS,,C1.50524_SURB1,C1.5,5/16/24,10/15/24,16,Diptera,Chironomidae,L,BL,18,2.1,5.2,6.9,3.8,5.2,3.6,4.9,4.2,1.9,3.1,,,,CV,3/13/26
GS,2/7/25,GS,,C1.50524_SURB1,C1.5,5/16/24,10/15/24,16,Diptera,Simuliidae,L,BL,8,4.1,4.9,6.3,7.1,5.1,6.4,5,5.1,,,,,,CV,3/13/26
GS,2/7/25,GS,,C1.50524_SURB1,C1.5,5/16/24,10/15/24,16,Ephemeroptera,Heptageniidae,P,BL,2,8.5,6.9,,,,,,,,,,,,CV,3/13/26
GS,2/7/25,GS,,C1.50524_SURB1,C1.5,5/16/24,10/15/24,16,Ephemeroptera,Baetidae,P,BL,11,5.9,6.9,6,5,4.9,4.8,3.3,3.7,3.1,4.6,,,,CV,3/13/26
GS,2/7/25,GS,,C1.50524_SURB1,C1.5,5/16/24,10/15/24,16,Diptera,Chironomidae,P,BL,3.2,2.6,3.3,2.7,,,,,,,,,,,CV,3/13/26
GS,2/7/25,GS,,C1.50524_SURB1,C1.5,5/16/24,10/15/24,16,Diptera,Simuliidae,P,BL,54,5.2,4.1,3.9,3.2,3.1,4,3.9,3.8,4,3,,,,CV,3/13/26
GS,2/7/25,GS,,C1.50524_SURB1,C1.5,5/16/24,10/15/24,16,Diptera,Limoniidae,L,BL,3,8,6.1,6.1,,,,,,,,,,,CV,3/13/26
GS,2/7/25,GS,,C1.50524_SURB2,C1.5,5/16/24,10/28/24,8,Ephemeroptera,Ephemerellidae,L,BL,4,8.3,3.7,3.9,1.9,,,,,,,,,,CV,3/13/26
GS,2/7/25,GS,,C1.50524_SURB2,C1.5,5/16/24,10/28/24,8,Ephemeroptera,Heptageniidae,L,BL,8,3.4,5.5,5.9,2.5,7.3,3.7,2,1.6,,,,,,CV,3/13/26
GS,2/7/25,GS,,C1.50524_SURB2,C1.5,5/16/24,10/28/24,8,Ephemeroptera,Baetidae,L,BL,38,2.8,4.6,2.9,3.6,3,3.4,3.5,2.2,2.9,3,,,,CV,3/13/26
GS,2/7/25,GS,,C1.50524_SURB2,C1.5,5/16/24,10/28/24,8,Trichoptera,Glossosomatidae,L,BL,3,3.7,5.1,4.7,,,,,,,,,,,CV,3/13/26
GS,2/7/25,GS,,C1.50524_SURB2,C1.5,5/16/24,10/28/24,8,Trichoptera,Hydropsychidae,L,BL,8,21,12,19.1,8.5,10.3,9.4,4.9,4.6,,,,,,CV,3/13/26
GS,2/7/25,GS,,C1.50524_SURB2,C1.5,5/16/24,10/28/24,8,Trichoptera,Rhyacophilidae,L,BL,1,6.2,,,,,,,,,,,,,CV,3/13/26
GS,2/7/25,GS,,C1.50524_SURB2,C1.5,5/16/24,10/28/24,8,Trichoptera,Lepidostomatidae,L,HW,2,0.3,0.2,,,,,,,,,,,,CV,3/13/26
GS,2/7/25,GS,,C1.50524_SURB2,C1.5,5/16/24,10/28/24,8,Trichoptera,Lepidostomatidae,L,BL,3,1.8,1.7,1.6,,,,,,,,,,,CV,3/13/26
GS,2/7/25,GS,,C1.50524_SURB2,C1.5,5/16/24,10/28/24,8,Coleoptera,Elmidae,L,BL,9,6,4.5,5.7,4.9,4.9,5.1,4.8,5,4.6,,,,,CV,3/13/26
GS,2/7/25,GS,,C1.50524_SURB2,C1.5,5/16/24,10/28/24,8,Diptera,Chironomidae,L,BL,23,6.1,4.8,4.7,5.5,7.9,4.6,7.4,3.9,2.7,5.1,,,,CV,3/13/26
GS,2/7/25,GS,,C1.50524_SURB2,C1.5,5/16/24,10/28/24,8,Diptera,Simuliidae,L,BL,51,7.3,7.6,4.5,7.8,6.5,6.8,5.9,5.5,8.1,6.2,,,,CV,3/13/26
GS,2/7/25,GS,,C1.50524_SURB2,C1.5,5/16/24,10/28/24,8,Ephemeroptera,Baetidae,P,BL,31,6.4,7.6,5.1,7.8,7.4,3.8,7.1,5.2,6.1,3.3,,,,CV,3/13/26
GS,2/7/25,GS,,C1.50524_SURB2,C1.5,5/16/24,10/28/24,8,Diptera,Chironomidae,P,BL,13,4.1,3.3,3.5,2.6,3.4,3.5,3.8,3.4,4.1,3,,,,CV,3/13/26
GS,2/7/25,GS,,C1.50524_SURB2,C1.5,5/16/24,10/28/24,8,Coleoptera,Elmidae,A,BL,1,3.6,,,,,,,,,,,,,CV,3/13/26
GS,2/7/25,GS,,C1.50524_SURB2,C1.5,5/16/24,10/28/24,8,Ephemeroptera,Leptophlebiidae,L,BL,4,6.7,7.1,4.7,4,,,,,,,,,,CV,3/13/26
GS,2/7/25,GS,,C1.50524_SURB2,C1.5,5/16/24,10/28/24,8,Diptera,Limoniidae,L,BL,5,4.7,6,6.8,6.4,6.3,,,,,,,,,CV,3/13/26
GS,2/7/25,GS,,C1.50524_SURB2,C1.5,5/16/24,10/28/24,8,,Cicadellidae,L,BL,1,5.2,,,,,,,,,,,,,CV,3/13/26
GS,2/7/25,GS,,C1.50524_SURB2,C1.5,5/16/24,10/28/24,8,Diptera,Simuliidae,P,BL,13,4.9,2.8,4.9,3.7,4.7,4.8,4.5,5.1,4.5,3.7,,,,CV,3/13/26
GS,2/7/25,GS,,C1.50524_SURB3,C1.5,5/16/24,1/24/25,6,Plecoptera,Perlodidae,L,BL,2,3.2,4.3,,,,,,,,,,,,CV,3/13/26
GS,2/7/25,GS,,C1.50524_SURB3,C1.5,5/16/24,1/24/25,6,Ephemeroptera,Ephemerellidae,L,BL,3,12,10,4.1,,,,,,,,,,,CV,3/13/26
GS,2/7/25,GS,,C1.50524_SURB3,C1.5,5/16/24,1/24/25,6,Ephemeroptera,Heptageniidae,L,BL,12,6.9,3.4,5.2,5.1,1.7,3.8,1.7,2.3,2.3,2.4,,,,CV,3/13/26
GS,2/7/25,GS,,C1.50524_SURB3,C1.5,5/16/24,1/24/25,6,Ephemeroptera,Baetidae,L,BL,37,3.2,2.9,3.6,2.3,3.5,2.1,2.8,3.8,2.6,2.5,,,,CV,3/13/26
GS,2/7/25,GS,,C1.50524_SURB3,C1.5,5/16/24,1/24/25,6,Ephemeroptera,Leptophlebidae,L,BL,1,4.8,,,,,,,,,,,,,CV,3/13/26
GS,2/7/25,GS,,C1.50524_SURB3,C1.5,5/16/24,1/24/25,6,Trichoptera,Brachycentridae,L,BL,7,6.2,4.8,4.3,5.5,4.5,1.6,1.7,,,,,,,CV,3/13/26
GS,2/7/25,GS,,C1.50524_SURB3,C1.5,5/16/24,1/24/25,6,Trichoptera,Brachycentridae,L,HW,2,0.6,1.3,,,,,,,,,,,,CV,3/13/26
GS,2/7/25,GS,,C1.50524_SURB3,C1.5,5/16/24,1/24/25,6,Trichoptera,Glossosomatidae,L,BL,1,3.4,,,,,,,,,,,,,CV,3/13/26
GS,2/7/25,GS,,C1.50524_SURB3,C1.5,5/16/24,1/24/25,6,Trichoptera,Hydropsychidae,L,BL,19,10.1,4.2,21,12,7.6,4.5,8.8,5,3.6,19,,,,CV,3/13/26
GS,2/7/25,GS,,C1.50524_SURB3,C1.5,5/16/24,1/24/25,6,Trichoptera,Rhyacophilidae,L,BL,4,16,12.2,7.5,4.3,,,,,,,,,,CV,3/13/26
GS,2/7/25,GS,,C1.50524_SURB3,C1.5,5/16/24,1/24/25,6,Trichoptera,Lepidostomatidae,L,BL,3,1.3,1.2,1.6,,,,,,,,,,,CV,3/13/26
GS,2/7/25,GS,,C1.50524_SURB3,C1.5,5/16/24,1/24/25,6,Trichoptera,Lepidostomatidae,L,HW,1,0.2,,,,,,,,,,,,,CV,3/13/26
GS,2/7/25,GS,,C1.50524_SURB3,C1.5,5/16/24,1/24/25,6,Coleoptera,Elmidae,L ,BL,4,4.1,4.2,5.4,4.4,,,,,,,,,,CV,3/13/26
GS,2/7/25,GS,,C1.50524_SURB3,C1.5,5/16/24,1/24/25,6,Diptera,Limoniidae,L,BL,1,4.4,,,,,,,,,,,,,CV,3/13/26
GS,2/7/25,GS,,C1.50524_SURB3,C1.5,5/16/24,1/24/25,6,Diptera,Chironomidae,L,BL,35,5.2,2.3,4.8,6.7,2.2,2.9,5.6,6.1,4.2,4.3,,,,CV,3/13/26
GS,2/7/25,GS,,C1.50524_SURB3,C1.5,5/16/24,1/24/25,6,Diptera,Simuliidae,L,BL,21,7.1,7.3,5.6,8.1,7.2,5.6,7.1,6.1,6.6,6.5,,,,CV,3/13/26
GS,2/7/25,GS,,C1.50524_SURB3,C1.5,5/16/24,1/24/25,6,Diptera,Athericidae,L,BL,7,7.2,7,7.3,7.6,7.5,5.5,6.6,,,,,,,CV,3/13/26
GS,2/7/25,GS,,C1.50524_SURB3,C1.5,5/16/24,1/24/25,6,Ephemeroptera,Heptageniidae,P,BL,3,7.3,6.7,4.6,,,,,,,,,,,CV,3/13/26
GS,2/7/25,GS,,C1.50524_SURB3,C1.5,5/16/24,1/24/25,6,Ephemeroptera,Baetidae,P,BL,36,5.2,5.3,6.5,3.4,6.6,7.1,2.4,5.1,4.8,6.8,,,,CV,3/13/26
GS,2/7/25,GS,,C1.50524_SURB3,C1.5,5/16/24,1/24/25,6,Ephemeroptera,Leptophlebidae,P,BL,4,6.5,6.9,5.6,3.9,,,,,,,,,,CV,3/13/26
GS,2/7/25,GS,,C1.50524_SURB3,C1.5,5/16/24,1/24/25,6,Diptera,Chironomidae,P,BL,14,3.1,2.8,3.1,3.3,3.6,3.8,2.1,3.4,3.2,2.9,,,,CV,3/13/26
GS,2/7/25,GS,,C1.50524_SURB3,C1.5,5/16/24,1/24/25,6,Diptera,Simuliidae,P,BL,10,3.6,3.2,2.7,5.1,4.1,3.6,4.1,3.2,3.8,3.1,,,,CV,3/13/26
GS,2/7/25,GS,,C1.50524_SURB3,C1.5,5/16/24,1/24/25,6,Diptera,Simuliidae,A,BL,2,3.2,4.5,,,,,,,,,,,,CV,3/13/26
GS,2/7/25,GS,,C1.50524_SURB3,C1.5,5/16/24,1/24/25,6,Trichoptera,Glossosomatidae,P,BL,1,5.9,,,,,,,,,,,,,CV,3/13/26
GS,2/7/25,GS,,C1.50524_SURB4,C1.5,5/16/24,1/28/25,16,Ephemeroptera,Ephemerellidae,L,BL,5,11,3.7,2.5,1.9,3,,,,,,,,,CV,3/13/26
GS,2/7/25,GS,,C1.50524_SURB4,C1.5,5/16/24,1/28/25,16,Ephemeroptera,Heptageniidae,L,BL,14,5.5,1.7,2.6,3.3,2.8,1.6,3,2.2,2,2.6,,,,CV,3/13/26
GS,2/7/25,GS,,C1.50524_SURB4,C1.5,5/16/24,1/28/25,16,Ephemeroptera,Baetidae,L,BL,28,2,3.1,2.7,3.3,2.6,2.6,3,2.5,2.5,3.2,,,,CV,3/13/26
GS,2/7/25,GS,,C1.50524_SURB4,C1.5,5/16/24,1/28/25,16,Ephemeroptera,Leptophlebidae,L,BL,1,5,,,,,,,,,,,,,CV,3/13/26
GS,2/7/25,GS,,C1.50524_SURB4,C1.5,5/16/24,1/28/25,16,Trichoptera,Brachycentridae,L,BL,9,6.4,6.9,4.8,6.2,4.1,4.8,4.4,4.3,5.1,,,,,CV,3/13/26
GS,2/7/25,GS,,C1.50524_SURB4,C1.5,5/16/24,1/28/25,16,Trichoptera,Glossosomatidae,L,BL,9,3.6,3,3.9,2.9,2.9,3,1.6,3,2.7,,,,,CV,3/13/26
GS,2/7/25,GS,,C1.50524_SURB4,C1.5,5/16/24,1/28/25,16,Trichoptera,Hydropsychidae,L,BL,12,20,8.6,10.3,7.3,4.6,7.4,3.7,8.4,8,7.5,,,,CV,3/13/26
GS,2/7/25,GS,,C1.50524_SURB4,C1.5,5/16/24,1/28/25,16,Trichoptera,Lepidostomatidae,L,BL,9,1.7,1.5,1.6,1.7,1.8,2.5,2.5,1.6,2.9,,,,,CV,3/13/26
GS,2/7/25,GS,,C1.50524_SURB4,C1.5,5/16/24,1/28/25,16,Coleoptera,Elmidae,L,BL,2,5.3,4.9,,,,,,,,,,,,CV,3/13/26
GS,2/7/25,GS,,C1.50524_SURB4,C1.5,5/16/24,1/28/25,16,Diptera,Chironomidae,L,BL,30,5.2,5.1,2.6,5.2,2.9,2.5,4.6,2.7,5.7,3.7,,,,CV,3/13/26
GS,2/7/25,GS,,C1.50524_SURB4,C1.5,5/16/24,1/28/25,16,Diptera,Simuliidae,L,BL,37,7.6,7,4.6,7.1,3.2,4.3,7.1,6.6,6.7,6.8,,,,CV,3/13/26
GS,2/7/25,GS,,C1.50524_SURB4,C1.5,5/16/24,1/28/25,16,Ephemeroptera,Ephemerellidae,P,BL,4,10,10.2,9.8,10,,,,,,,,,,CV,3/13/26
GS,2/7/25,GS,,C1.50524_SURB4,C1.5,5/16/24,1/28/25,16,Ephemeroptera,Baetidae,P,BL,22,3.9,5.9,3.4,8.1,6.4,4.7,3.1,4,4.5,3.7,,,,CV,3/13/26
GS,2/7/25,GS,,C1.50524_SURB4,C1.5,5/16/24,1/28/25,16,Diptera,Limoniidae,L,BL,2,6.3,8.2,,,,,,,,,,,,CV,3/13/26
GS,2/7/25,GS,,C1.50524_SURB4,C1.5,5/16/24,1/28/25,16,Diptera,Chironomidae,P,BL,11,2.9,2.8,2.9,3.1,3.2,3.1,3.4,3.1,2.2,2.6,,,,CV,3/13/26
GS,2/7/25,GS,,C1.50524_SURB4,C1.5,5/16/24,1/28/25,16,Diptera,Simuliidae,P,BL,16,3.4,3.1,3.5,4.9,2.9,3.8,3.3,3.5,3.2,3.6,,,,CV,3/13/26
GS,2/7/25,GS,,C1.50524_SURB5,C1.5,5/16/24,1/29/25,8,Ephemeroptera,Ephemerellidae,L,BL,8,10.2,2.5,2.1,3,2.7,3.1,2.2,3.4,,,,,,,
GS,2/7/25,GS,,C1.50524_SURB5,C1.5,5/16/24,1/29/25,8,Ephemeroptera,Heptageniidae,L,BL,8,4.6,7.7,1.5,2.2,1.9,1.7,2.8,1.2,,,,,,,
GS,2/7/25,GS,,C1.50524_SURB5,C1.5,5/16/24,1/29/25,8,Ephemeroptera,Heptageniidae,L,HW,2,1.6,0.7,,,,,,,,,,,,,
GS,2/7/25,GS,,C1.50524_SURB5,C1.5,5/16/24,1/29/25,8,Ephemeroptera,Baetidae,L,BL,18,1.9,2.9,3.3,3.2,2.6,2.4,2,3.1,2.7,2.3,,,,,
GS,2/7/25,GS,,C1.50524_SURB5,C1.5,5/16/24,1/29/25,8,Trichoptera,Brachycentridae,L,BL,1,5.4,,,,,,,,,,,,,,
GS,2/7/25,GS,,C1.50524_SURB5,C1.5,5/16/24,1/29/25,8,Trichoptera,Glossosomatidae,L,BL,6,3.4,3,5,3.4,2.2,5.4,,,,,,,,,
GS,2/7/25,GS,,C1.50524_SURB5,C1.5,5/16/24,1/29/25,8,Trichoptera,Hydropsychidae,L,BL,6,13,14,8.5,9.1,9.5,7.3,1.2,,,,,,,,
GS,2/7/25,GS,,C1.50524_SURB5,C1.5,5/16/24,1/29/25,8,Trichoptera,Lepidostomatidae,L,BL,17,3.6,6.7,1.7,1.6,3.1,1.8,1.5,5.7,1.6,1.6,,,,,
GS,2/7/25,GS,,C1.50524_SURB5,C1.5,5/16/24,1/29/25,8,Coleoptera,Elmidae,L,BL,4,5.2,5.9,5.1,5,,,,,,,,,,,
GS,2/7/25,GS,,C1.50524_SURB5,C1.5,5/16/24,1/29/25,8,Diptera,Tipulidae,L,BL,1,5.3,,,,,,,,,,,,,,
GS,2/7/25,GS,,C1.50524_SURB5,C1.5,5/16/24,1/29/25,8,Diptera,Chironomidae,L ,BL,9,3.3,4.1,6,2.6,6.1,4.6,7.4,4.9,6.7,,,,,,
GS,2/7/25,GS,,C1.50524_SURB5,C1.5,5/16/24,1/29/25,8,Diptera,Simuliidae,L,BL,35,6.7,5,6.9,7.6,7.5,6.8,7.1,5.5,6.6,7.4,,,,,
GS,2/7/25,GS,,C1.50524_SURB5,C1.5,5/16/24,1/29/25,8,Ephemeroptera,Heptageniidae,P,BL,2,7.5,7.6,,,,,,,,,,,,,
GS,2/7/25,GS,,C1.50524_SURB5,C1.5,5/16/24,1/29/25,8,Ephemeroptera,Baetidae,P,BL,17,6.4,5.8,5.6,4.1,3.6,2.5,2.5,5.1,5.2,4.3,,,,,
GS,2/7/25,GS,,C1.50524_SURB5,C1.5,5/16/24,1/29/25,8,Trichoptera,Glossosomatidae,P,BL,4,5.6,6.1,6.5,6.6,,,,,,,,,,,
GS,2/7/25,GS,,C1.50524_SURB5,C1.5,5/16/24,1/29/25,8,Diptera,Chironomidae,P,BL,19,3.7,2.6,3.4,2.6,3.1,3.9,2.7,3.2,2.8,2.7,,,,,
GS,2/7/25,GS,,C1.50524_SURB5,C1.5,5/16/24,1/29/25,8,Diptera,Simuliidae,P,BL,68,3.7,3.2,3.3,3.6,4,3.5,3.4,5.6,4,3.9,,,,,
GS,2/7/25,GS,,C1.50524_SURB5,C1.5,5/16/24,1/29/25,8,Diptera,Simuliidae,A,BL,2,5.2,3,,,,,,,,,,,,,
GS,2/7/25,GS/SV,,C20524_SURB1,C2,5/17/24,10/2/24,11,Ephemeroptera,Ephemerellidae,L,BL,10,9.5,2.3,9.1,11.5,2.4,9.2,9.5,11.5,1.9,10.1,,,,,
GS,2/7/25,GS/SV,,C20524_SURB1,C2,5/17/24,10/2/24,11,Ephemeroptera,Heptageniidae,L,BL,3,4.8,6.3,7,,,,,,,,,,,,
GS,2/7/25,GS/SV,,C20524_SURB1,C2,5/17/24,10/2/24,11,Ephemeroptera,Heptageniidae,L,HW,1,1.6,,,,,,,,,,,,,,
GS,2/7/25,GS/SV,,C20524_SURB1,C2,5/17/24,10/2/24,11,Ephemeroptera,Baetidae,L,BL,47,4.8,4.6,4.4,5.4,7.6,3.3,3.9,2.8,3.7,2.7,,,,,
GS,2/7/25,GS/SV,,C20524_SURB1,C2,5/17/24,10/2/24,11,Ephemeroptera,Leptophlebidae,L,BL,13,5.4,3.5,5.8,3.6,4.7,4.7,7,2.9,3,6.5,,,,,
GS,2/7/25,GS/SV,,C20524_SURB1,C2,5/17/24,10/2/24,11,Trichoptera,Brachycentridae,L,BL,25,6.3,7,5.7,7.6,8,4,6.7,5.6,5.7,4.9,,,,,
GS,2/7/25,GS/SV,,C20524_SURB1,C2,5/17/24,10/2/24,11,Trichoptera,Glossosomatidae,L,BL,2,6,9,,,,,,,,,,,,,
GS,2/7/25,GS/SV,,C20524_SURB1,C2,5/17/24,10/2/24,11,Trichoptera,Hydropsychidae,L,BL,5,9.2,4.5,8,9.7,5.3,,,,,,,,,,
GS,2/7/25,GS/SV,,C20524_SURB1,C2,5/17/24,10/2/24,11,Coleoptera,Elmidae,L,BL,1,5.4,,,,,,,,,,,,,,
GS,2/7/25,GS/SV,,C20524_SURB1,C2,5/17/24,10/2/24,11,Diptera,Chironomidae,L,BL,105,3.9,3.3,7.6,5.5,5,2.1,1.9,4.4,4.3,7.4,,,,,
GS,2/7/25,GS/SV,,C20524_SURB1,C2,5/17/24,10/2/24,11,Diptera,Limoniidae,L,BL,1,4.6,,,,,,,,,,,,,,
GS,2/7/25,GS/SV,,C20524_SURB1,C2,5/17/24,10/2/24,11,Diptera,Chironomidae,P,BL,5,3.4,3,3.2,2.3,3,,,,,,,,,,
GS,2/7/25,GS/SV,,C20524_SURB1,C2,5/17/24,10/2/24,11,Diptera,Chironomidae,A,BL,1,2.5,,,,,,,,,,,,,,
GS,2/7/25,GS/SV,,C20524_SURB1,C2,5/17/24,10/2/24,11,Trichoptera,Glossosomatidae,P,BL,1,5.7,,,,,,,,,,,,,,
GS,2/7/25,GS/SV,,C20524_SURB1,C2,5/17/24,10/2/24,11,Coleoptera,Elmidae,A,BL,1,2.9,,,,,,,,,,,,,,
GS,2/7/25,AB,,C20524_SURB2,C2,5/17/24,11/25/24,16,Ephemeroptera,Ephemerellidae,L,BL,6,12.2,9,11,10.5,6,2.5,,,,,,,,,
GS,2/7/25,AB,,C20524_SURB2,C2,5/17/24,11/25/24,16,Ephemeroptera,Heptageniidae,L,BL,1,7.7,,,,,,,,,,,,,,
GS,2/7/25,AB,,C20524_SURB2,C2,5/17/24,11/25/24,16,Ephemeroptera,Baetidae,L,BL,20,3.2,5.5,3.5,4,5.7,5,6,5.7,5.2,5.2,,,,,
GS,2/7/25,AB,,C20524_SURB2,C2,5/17/24,11/25/24,16,Ephemeroptera,Leptophlebidae,L,BL,2,5.5,4.5,,,,,,,,,,,,,
GS,2/7/25,AB,,C20524_SURB2,C2,5/17/24,11/25/24,16,Trichoptera,Brachycentridae,L,BL,2,9.5,7,,,,,,,,,,,,,
GS,2/7/25,AB,,C20524_SURB2,C2,5/17/24,11/25/24,16,Trichoptera,Rhyacophilidae,L,BL,5,5.5,3.2,3,2.5,2.5,,,,,,,,,,
GS,2/7/25,AB,,C20524_SURB2,C2,5/17/24,11/25/24,16,Coleoptera,Elmidae,L,BL,4,5,4.2,4.1,5.5,,,,,,,,,,,
GS,2/7/25,AB,,C20524_SURB2,C2,5/17/24,11/25/24,16,Coleoptera,Elmidae,A,BL,1,2.9,,,,,,,,,,,,,,
GS,2/7/25,AB,,C20524_SURB2,C2,5/17/24,11/25/24,16,Diptera,Chironomidae,L,BL,101,8.2,5.2,4.2,6,2.5,5.4,6.3,7.5,5.2,7.5,,,,,
GS,2/7/25,AB,,C20524_SURB2,C2,5/17/24,11/25/24,16,Diptera,Athericidae,L,BL,2,21.2,5.5,,,,,,,,,,,,,
GS,2/7/25,AB,,C20524_SURB2,C2,5/17/24,11/25/24,16,,Crangonyctidae,A,BL,1,3,,,,,,,,,,,,,,
GS,2/7/25,AB,,C20524_SURB2,C2,5/17/24,11/25/24,16,Diptera,Chironomidae,P,BL,5,3.5,3,4,3.6,5.5,3.5,,,,,,,,,
GS,2/7/25,AB,,C20524_SURB2,C2,5/17/24,11/25/24,16,Diptera,Simuliidae,A,BL,2,3,5.5,,,,,,,,,,,,,
GS,2/7/25,AB,,C20524_SURB3,C2,5/17/24,11/25/24,16,Plecoptera,Perlidae,L,BL,2,6.5,4.5,,,,,,,,,,,,,
GS,2/7/25,AB,,C20524_SURB3,C2,5/17/24,11/25/24,16,Ephemeroptera,Ephemerellidae,L,BL,11,10,10.7,10,7.4,9.5,10.5,9,7,10,11,,,,,
GS,2/7/25,AB,,C20524_SURB3,C2,5/17/24,11/25/24,16,Ephemeroptera,Heptageniidae,L,BL,4,5,5,7.5,3.4,4,,,,,,,,,,
GS,2/7/25,AB,,C20524_SURB3,C2,5/17/24,11/25/24,16,Ephemeroptera,Baetidae,L,BL,57,4,6,6.2,6.3,5.9,6.2,7.7,5.8,4,4,,,,,
GS,2/7/25,AB,,C20524_SURB3,C2,5/17/24,11/25/24,16,Ephemeroptera,Leptophlebidae,L,BL,10,4.8,5.2,5.9,4.9,5.4,5.5,6,4,4.5,5.5,,,,,
GS,2/7/25,AB,,C20524_SURB3,C2,5/17/24,11/25/24,16,Trichoptera,Brachycentridae,L ,BL,27,10,10.5,8.5,5.6,7.3,6.5,6.5,4.5,4.3,7.7,,,,,
GS,2/7/25,AB,,C20524_SURB3,C2,5/17/24,11/25/24,16,Trichoptera,Hydropsychidae,L,BL,23,11.2,8.2,11,8,15,14,11.2,11.5,4.2,11,,,,,
GS,2/7/25,AB,,C20524_SURB3,C2,5/17/24,11/25/24,16,Trichoptera,Rhyacophilidae,L,BL,5,8.5,7.5,7.5,6.5,9,,,,,,,,,,
GS,2/7/25,AB,,C20524_SURB3,C2,5/17/24,11/25/24,16,Trichoptera,Lepidostomatidae,L,BL,5,4.5,6.5,5.8,7,3.2,,,,,,,,,,
GS,2/7/25,AB,,C20524_SURB3,C2,5/17/24,11/25/24,16,Coleoptera,Elmidae,L,BL,14,4.5,7,4.4,4.2,5,5.1,6,4.5,6,5.2,,,,,
GS,2/7/25,AB,,C20524_SURB3,C2,5/17/24,11/25/24,16,Diptera,Chironomidae,L,BL,59,4.5,7.5,6.2,5.5,8.5,7,5.2,6.5,7.5,6.3,,,,,
GS,2/7/25,AB,,C20524_SURB3,C2,5/17/24,11/25/24,16,Diptera,Simuliidae,L,BL,27,7.2,7,5.2,7.5,5.7,7,6.5,8,6.7,6.5,,,,,
GS,2/7/25,AB,,C20524_SURB3,C2,5/17/24,11/25/24,16,,Oligochaeta,A,BL,4,15.5,11.5,12.8,14.3,,,,,,,,,,,
GS,2/7/25,AB,,C20524_SURB3,C2,5/17/24,11/25/24,16,Diptera,Chironomidae,P,BL,9,5,7,5.5,4.7,4,4,5,5,3.4,,,,,,
GS,2/10/25,AB,,C20524_SURB4,C2,5/17/24,11/24/24,16,Plecoptera,Perlodidae,L ,BL,1,7.4,,,,,,,,,,,,,,
GS,2/10/25,AB,,C20524_SURB4,C2,5/17/24,11/24/24,16,Ephemeroptera,Ephemerellidae,L ,BL,8,7.3,7.2,10.8,7.7,10.5,10,7.5,3.2,,,,,,,
GS,2/10/25,AB,,C20524_SURB4,C2,5/17/24,11/24/24,16,Ephemeroptera,Heptageniidae,L ,BL,3,2.4,3.9,1.5,,,,,,,,,,,,
GS,2/10/25,AB,,C20524_SURB4,C2,5/17/24,11/24/24,16,Ephemeroptera,Baetidae,L ,BL,38,2.5,5,3.3,2.5,2.6,4.5,2.5,3.5,3,4.2,,,,,
GS,2/10/25,AB,,C20524_SURB4,C2,5/17/24,11/24/24,16,Ephemeroptera,Leptophlebidae,L ,BL,24,4.9,5.2,5.2,4.3,4.3,3.5,5,3.9,7,5.8,,,,,
GS,2/10/25,AB,,C20524_SURB4,C2,5/17/24,11/24/24,16,Trichoptera,Brachycentridae,L ,BL,2,4.5,5.2,,,,,,,,,,,,,
GS,2/10/25,AB,,C20524_SURB4,C2,5/17/24,11/24/24,16,Trichoptera,Glossosomatidae,L ,BL,2,6,6.5,,,,,,,,,,,,,
GS,2/10/25,AB,,C20524_SURB4,C2,5/17/24,11/24/24,16,Trichoptera,Hydropsychidae,L ,BL,11,10.2,4.2,7,8.7,8.1,11.2,7.4,5,4.9,10,,,,,
GS,2/10/25,AB,,C20524_SURB4,C2,5/17/24,11/24/24,16,Trichoptera,Rhyacophilidae,L ,BL,1,8.3,,,,,,,,,,,,,,
GS,2/10/25,AB,,C20524_SURB4,C2,5/17/24,11/24/24,16,Trichoptera,Lepidostomatidae,L ,BL,1,6.2,,,,,,,,,,,,,,
GS,2/10/25,AB,,C20524_SURB4,C2,5/17/24,11/24/24,16,Coleoptera,Elmidae,L ,BL,6,5.5,4.5,5.8,5.3,5,5,3.4,,,,,,,,
GS,2/10/25,AB,,C20524_SURB4,C2,5/17/24,11/24/24,16,Diptera,Chironomidae,L ,BL,76,7.5,6,6.5,7.1,6.9,5.3,7,6.7,6.8,6.5,,,,,
GS,2/10/25,AB,,C20524_SURB4,C2,5/17/24,11/24/24,16,Diptera,Simuliidae,L ,BL,1,6.3,,,,,,,,,,,,,,
GS,2/10/25,AB,,C20524_SURB4,C2,5/17/24,11/24/24,16,,Oligochaeta,A,BL,3,16,16.5,10.8,,,,,,,,,,,,
GS,2/10/25,AB,,C20524_SURB4,C2,5/17/24,11/24/24,16,Diptera,Chironomidae,A,BL,2,4.2,4,,,,,,,,,,,,,
GS,2/10/25,SV,,C20524_SURB5,C2,5/17/24,12/11/24,3,Ephemeroptera,Ephemerellidae,L ,BL,8,2.9,1.9,9,2.3,2.2,2.8,1.8,7.6,,,,,,,
GS,2/10/25,SV,,C20524_SURB5,C2,5/17/24,12/11/24,3,Ephemeroptera,Heptageniidae,L ,BL,7,3.6,2.5,4.7,1.5,1.7,1.6,4.7,,,,,,,,
GS,2/10/25,SV,,C20524_SURB5,C2,5/17/24,12/11/24,3,Ephemeroptera,Baetidae,L ,BL,108,3.8,6,2.4,5,3.3,2.3,3.7,2.2,1.8,4.2,,,,,
GS,2/10/25,SV,,C20524_SURB5,C2,5/17/24,12/11/24,3,Ephemeroptera,Leptophlebidae,L ,BL,6,4.7,2,6.2,4.5,3.8,6,,,,,,,,,
GS,2/10/25,SV,,C20524_SURB5,C2,5/17/24,12/11/24,3,Trichoptera,Brachycentridae,L ,BL,22,4.7,4.1,4.1,6.5,4.5,9,8.5,9.5,4.3,7.6,,,,,
GS,2/10/25,SV,,C20524_SURB5,C2,5/17/24,12/11/24,3,Trichoptera,Glossosomatidae,L ,BL,8,3.7,5.2,3.2,6.5,5.7,5.2,5.5,4.2,,,,,,,
GS,2/10/25,SV,,C20524_SURB5,C2,5/17/24,12/11/24,3,Trichoptera,Hydropsychidae,L ,BL,16,22,17.5,11,20.5,22,11,12,30.2,6.1,6.6,,,,,
GS,2/10/25,SV,,C20524_SURB5,C2,5/17/24,12/11/24,3,Trichoptera,Rhyacophilidae,L ,BL,1,17.5,,,,,,,,,,,,,,
GS,2/10/25,SV,,C20524_SURB5,C2,5/17/24,12/11/24,3,Trichoptera,Lepidostomatidae,L ,BL,2,4.1,1.7,,,,,,,,,,,,,
GS,2/10/25,SV,,C20524_SURB5,C2,5/17/24,12/11/24,3,Coleoptera,Elmidae,L ,BL,9,4.4,5.7,4.3,5.4,4.9,4.7,4.2,4.4,5.5,,,,,,
GS,2/10/25,SV,,C20524_SURB5,C2,5/17/24,12/11/24,3,Diptera,Chironomidae,L ,BL,25,5.1,2.7,3.5,3.8,5,2.2,1.5,6.1,4.3,4.5,,,,,
GS,2/10/25,SV,,C20524_SURB5,C2,5/17/24,12/11/24,3,Diptera,Simuliidae,L ,BL,15,6.9,7.2,7.1,5.7,5.5,4.7,6.4,6.1,5.2,3.7,,,,,
GS,2/10/25,SV,,C20524_SURB5,C2,5/17/24,12/11/24,3,Trichoptera,Lepidostomatidae MT,L ,BL,1,7.4,,,,,,,,,,,,,,
GS,2/10/25,SV,,C20524_SURB5,C2,5/17/24,12/11/24,3,Trichoptera,Glossosomatidae ,P,BL,5,5.6,5.7,5.4,5.7,6.2,,,,,,,,,,
GS,2/10/25,SV,,C20524_SURB5,C2,5/17/24,12/11/24,3,Diptera,Limoniidae,L ,BL,4,4.9,3.8,5.5,5.7,,,,,,,,,,,
GS,2/10/25,SV,,C20524_SURB5,C2,5/17/24,12/11/24,3,Diptera,Simuliidae,P,BL,23,4,2.9,3.2,3.3,3.5,3.3,3.1,4.4,4,3.4,,,,,
GS,2/10/25,SV,,C20524_SURB5,C2,5/17/24,12/11/24,3,Diptera,Chironomidae,P,BL,4,2,3.3,3.8,3.7,,,,,,,,,,,
GS,2/10/25,SV,,C20524_SURB5,C2,5/17/24,12/11/24,3,Diptera,Chironomidae,A,BL,3,2.3,2.9,2.7,,,,,,,,,,,,
GS,2/10/25,SV,,C20524_SURB5,C2,5/17/24,12/11/24,3,Diptera,Simuliidae,A,BL,1,3,,,,,,,,,,,,,,
GS,2/10/25,SV,,C20524_SURB5,C2,5/17/24,12/11/24,3,Oligochaeta,Oligochaeta,A,BL,1,28,,,,,,,,,,,,,,
GS,2/10/25,SV,,C20524_SURB5,C2,5/17/24,12/11/24,3,Tricladida,Planariidae,A,BL,2,4.5,4.1,,,,,,,,,,,,,
GS,2/10/25,AB,,T10524_SURB1,T1,7/30/24,12/12/25,5,Ephemeroptera,Ephemerellidae,L ,BL,1,9.1,,,,,,,,,,,redo due to sample being short,,,
GS,2/10/25,AB,,T10524_SURB1,T1,7/30/24,12/12/25,5,Ephemeroptera,Heptageniidae,P,BL,4,,,,,,,,,,,,,,,
GS,2/10/25,AB,,T10524_SURB1,T1,7/30/24,12/12/25,5,Ephemeroptera,Baetidae,L ,BL,2,2,5,,,,,,,,,,,,,
GS,2/10/25,AB,,T10524_SURB1,T1,7/30/24,12/12/25,5,Ephemeroptera,Baetidae,P,BL,35,5.6,4.5,5.2,6.7,3.5,5.5,4.2,3.4,,,,,,,
GS,2/10/25,AB,,T10524_SURB1,T1,7/30/24,12/12/25,5,Trichoptera,Brachycentridae,L ,BL,5,4,4.5,4.7,3.7,3.2,,,,,,,,,,
GS,2/10/25,AB,,T10524_SURB1,T1,7/30/24,12/12/25,5,Trichoptera,Brachycentridae,L ,HW,1,0.7,,,,,,,,,,,,,,
GS,2/10/25,AB,,T10524_SURB1,T1,7/30/24,12/12/25,5,Trichoptera,Glossosomatidae,L ,BL,4,5.9,5,5.5,5.2,,,,,,,,,,,
GS,2/10/25,AB,,T10524_SURB1,T1,7/30/24,12/12/25,5,Trichoptera,Glossosomatidae,L ,HW,3,1,1.1,0.7,,,,,,,,,,,,
GS,2/10/25,AB,,T10524_SURB1,T1,7/30/24,12/12/25,5,Trichoptera,Hydropsychidae,L ,BL,9,7.5,9.5,10.6,28.2,8.5,15.5,10.5,9.5,21.2,,,,,,
GS,2/10/25,AB,,T10524_SURB1,T1,7/30/24,12/12/25,5,Trichoptera,Rhyacophilidae,L ,BL,2,4.5,3.5,,,,,,,,,,,,,
GS,2/10/25,AB,,T10524_SURB1,T1,7/30/24,12/12/25,5,Diptera,Chironomidae,L ,BL,19,4.5,4,6.4,4,4.4,3.9,4.6,,,,,,,,
GS,2/10/25,AB,,T10524_SURB1,T1,7/30/24,12/12/25,5,Diptera,Chironomidae,P,BL,3,5.5,2.7,2.6,,,,,,,,,,,,
GS,2/10/25,AB,,T10524_SURB1,T1,7/30/24,12/12/25,5,Diptera,Simuliidae,P,BL,117,7.2,6.4,5.5,7.6,5.9,7.5,6.2,7.5,6.5,6.2,,,,,
GS,2/10/25,AB,,T10524_SURB1,T1,7/30/24,12/12/25,5,Coleoptera,rare,,BL,1,8.9,,,,,,,,,,,,,,
GS,2/10/25,AB,,T10524_SURB1,T1,7/30/24,12/12/25,5,Coleoptera,Elmidae,L ,BL,2,5.5,4.2,,,,,,,,,,,,,
GS,2/10/25,AB,,T10524_SURB2,T1,7/30/24,5/13/24,16,Plecoptera,Chloroperidae,L ,BL,1,5.8,,,,,,,,,,,,,,
GS,2/10/25,AB,,T10524_SURB2,T1,7/30/24,5/13/24,16,Ephemeroptera,Ephemerellidae,L ,BL,1,7.9,,,,,,,,,,,,,,
GS,2/10/25,AB,,T10524_SURB2,T1,7/30/24,5/13/24,16,Ephemeroptera,Heptageniidae,L ,BL,1,7.4,,,,,,,,,,,,,,
GS,2/10/25,AB,,T10524_SURB2,T1,7/30/24,5/13/24,16,Ephemeroptera,Baetidae,L ,BL,11,4,6,5,4.7,6,3.7,5.4,6,5.2,3.7,,,,,
GS,2/10/25,AB,,T10524_SURB2,T1,7/30/24,5/13/24,16,Trichoptera,Brachycentridae,L ,BL,5,7,5,4.9,7.7,6.9,,,,,,,,,,
GS,2/10/25,AB,,T10524_SURB2,T1,7/30/24,5/13/24,16,Trichoptera,Glossomatidae,L ,BL,3,4.8,5,5.1,,,,,,,,,,,,
GS,2/10/25,AB,,T10524_SURB2,T1,7/30/24,5/13/24,16,Trichoptera,Hydropsychidae,L ,BL,8,9,7.5,16,12.2,15,6.7,4,5.5,,,,,,,
GS,2/10/25,AB,,T10524_SURB2,T1,7/30/24,5/13/24,16,Diptera,Chironomidae,L ,BL,7,9.5,4.5,5.2,4.8,5,3.5,,,,,,,,,
GS,2/10/25,AB,,T10524_SURB2,T1,7/30/24,5/13/24,16,Diptera,Simuliidae,L ,BL,113,6.5,6.7,6,6.4,5.9,7.2,7.3,7.4,6.9,7,,,,,
GS,2/10/25,AB,,T10524_SURB2,T1,7/30/24,5/13/24,16,Coleoptera,Elmidae,A,BL,1,5.5,,,,,,,,,,,,,,
GS,2/10/25,AB,,T10524_SURB2,T1,7/30/24,5/13/24,16,Coleoptera,Elmidae,L ,BL,2,4,3.7,,,,,,,,,,,,,
GS,2/10/25,AB,,T10524_SURB2,T1,7/30/24,5/13/24,16,Coleoptera,Simuliidae,A,BL,1,5.2,,,,,,,,,,,,,,
GS,2/10/25,AB,,T10524_SURB3,T1,7/30/24,12/20/24,16,Plecoptera,Chloroperidae,L ,BL,1,4.5,,,,,,,,,,,,,,
GS,2/10/25,AB,,T10524_SURB3,T1,7/30/24,12/20/24,16,Plecoptera,Perlidae,L ,BL,1,3.6,,,,,,,,,,,,,,
GS,2/10/25,AB,,T10524_SURB3,T1,7/30/24,12/20/24,16,Ephemeroptera,Ephemerellidae,L ,BL,2,10,9.2,,,,,,,,,,,,,
GS,2/10/25,AB,,T10524_SURB3,T1,7/30/24,12/20/24,16,Ephemeroptera,Heptageniidae,L ,BL,4,5.4,4,3.7,3.4,,,,,,,,,,,
GS,2/10/25,AB,,T10524_SURB3,T1,7/30/24,12/20/24,16,Ephemeroptera,Baetidae,L ,BL,35,4.5,4.7,6,4.3,5,5.5,4.5,4,4.3,3,,,,,
GS,2/10/25,AB,,T10524_SURB3,T1,7/30/24,12/20/24,16,Ephemeroptera,Leptophlebidae,L ,BL,2,4,5.5,,,,,,,,,,,,,
GS,2/10/25,AB,,T10524_SURB3,T1,7/30/24,12/20/24,16,Trichoptera,Brachycentridae,L ,BL,1,6.5,,,,,,,,,,,,,,
GS,2/10/25,AB,,T10524_SURB3,T1,7/30/24,12/20/24,16,Trichoptera,Glossosomatidae,L ,BL,2,6.2,5,,,,,,,,,,,,,
GS,2/10/25,AB,,T10524_SURB3,T1,7/30/24,12/20/24,16,Trichoptera,Hydropsychidae,L ,BL,18,11.2,6.9,4,5.5,22.5,3.5,6,10.5,5.5,11.5,,,,,
GS,2/10/25,AB,,T10524_SURB3,T1,7/30/24,12/20/24,16,Trichoptera,Rhyacophilidae,L ,BL,2,10.5,9.4,,,,,,,,,,,,,
GS,2/10/25,AB,,T10524_SURB3,T1,7/30/24,12/20/24,16,Trichoptera,Lepidostomatidae,L ,BL,1,4.5,,,,,,,,,,,,,,
GS,2/10/25,AB,,T10524_SURB3,T1,7/30/24,12/20/24,16,Diptera,Chironomidae,L ,BL,14,7.5,7.4,3.5,4.9,2.9,5.3,2.4,2.9,6,4,,,,,
GS,2/10/25,AB,,T10524_SURB3,T1,7/30/24,12/20/24,16,Diptera,Simuliidae,L ,BL,87,7.5,7.4,6.3,7,6,6.2,5.8,6.3,6.5,5.5,,,,,
GS,2/10/25,AB,,T10524_SURB3,T1,7/30/24,12/20/24,16,Coleoptera,Elmidae,L ,BL,4,4,4,5,3.8,,,,,,,,,,,
GS,2/10/25,AB,,T10524_SURB3,T1,7/30/24,12/20/24,16,Coleoptera,Elmidae,A,BL,1,2.5,,,,,,,,,,,,,,
GS,2/10/25,AB,,T10524_SURB3,T1,7/30/24,12/20/24,16,Diptera,Tipulidae,L ,BL,2,4.7,6,,,,,,,,,,,,,
GS,2/10/25,AB,,T10524_SURB3,T1,7/30/24,12/20/24,16,Diptera,Simuliidae,A,BL,4,4.2,4.3,4.5,4.4,,,,,,,,,,,
GS,2/10/25,AB,,T10524_SURB3,T1,7/30/24,12/20/24,16,Diptera,Chironomidae,A,BL,7,4.4,3.2,2.3,3,2.5,3.5,1.9,,,,,,,,
GS,2/10/25,AB,,T10524_SURB3,T1,7/30/24,12/20/24,16,Amphipoda,Crangonyctidae,A,BL,1,5,,,,,,,,,,,,,,
GS,2/10/25,AB,,T10524_SURB4,T1,7/30/24,12/29/24,6,Plecoptera,Perlidae,L ,BL,1,5.2,,,,,,,,,,,,,,
GS,2/10/25,AB,,T10524_SURB4,T1,7/30/24,12/29/24,6,Ephemeroptera,Ephemerellidae,L ,BL,1,5.3,,,,,,,,,,,,,,
GS,2/10/25,AB,,T10524_SURB4,T1,7/30/24,12/29/24,6,Ephemeroptera,Baetidae,L ,BL,23,3.5,4.2,3.4,4.5,3,2.7,5.2,3.7,4.5,5,,,,,
GS,2/10/25,AB,,T10524_SURB4,T1,7/30/24,12/29/24,6,Ephemeroptera,Leptopblebidae,L ,BL,7,4,4.2,5.5,4.7,3.4,5,2.3,2.2,,,,,,,
GS,2/10/25,AB,,T10524_SURB4,T1,7/30/24,12/29/24,6,Trichoptera,Hydropsychidae,L ,BL,3,16.2,21,19.3,,,,,,,,,,,,
GS,2/10/25,AB,,T10524_SURB4,T1,7/30/24,12/29/24,6,Trichoptera,Rhyacophilidae,L ,BL,4,8,11.5,8.7,6,,,,,,,,,,,
GS,2/10/25,AB,,T10524_SURB4,T1,7/30/24,12/29/24,6,Diptera,Chironomidae,L ,BL,10,7.5,4.2,2.9,4.5,2.4,3,3.4,5.4,3,2.5,,,,,
GS,2/10/25,AB,,T10524_SURB4,T1,7/30/24,12/29/24,6,Diptera,Simuliidae,L ,BL,162,6.7,6.6,6.9,5.7,5.6,6.2,6,5.2,6.4,6.6,,,,,
GS,2/10/25,AB,,T10524_SURB4,T1,7/30/24,12/29/24,6,Coleoptera,n/a,,BL,2,5,3.4,,,,,,,,,,,,,
GS,2/10/25,AB,,T10524_SURB4,T1,7/30/24,12/29/24,6,Isopoda,Asellidae,L ,BL,1,4.9,,,,,,,,,,,,,,
GS,2/10/25,HA,,T10524_SURB5,T1,7/30/24,1/2/24,3,Ephemeroptera,Ephemerellidae,L ,BL,2,6.2,9.8,,,,,,,,,,,,,
GS,2/10/25,HA,,T10524_SURB5,T1,7/30/24,1/2/24,3,Ephemeroptera,Heptageniidae,L ,BL,2,3.8,5.2,,,,,,,,,,,,,
GS,2/10/25,HA,,T10524_SURB5,T1,7/30/24,1/2/24,3,Ephemeroptera,Baetidae,L ,BL,54,4.9,5.7,2.5,8.5,3.2,5.1,3.7,6.2,5.9,2.6,,,,,
GS,2/10/25,HA,,T10524_SURB5,T1,7/30/24,1/2/24,3,Trichoptera,Brachycentridae,L ,BL,4,4.2,4,4.2,6.9,,,,,,,,,,,
GS,2/10/25,HA,,T10524_SURB5,T1,7/30/24,1/2/24,3,Trichoptera,Rhyacophilidae,L ,BL,4,5.1,12.7,17,12.9,,,,,,,,,,,
GS,2/10/25,HA,,T10524_SURB5,T1,7/30/24,1/2/24,3,Diptera,Chironomidae,L ,BL,37,6.3,4.3,4.8,5,5.9,6.2,2.4,4.8,2.2,9.1,,,,,
GS,2/10/25,HA,,T10524_SURB5,T1,7/30/24,1/2/24,3,Diptera,Simuliidae,L ,BL,119,6.2,5.5,6.3,5.7,5.3,6.6,4.3,3.4,6.7,5.3,,,,,
GS,2/10/25,HA,,T10524_SURB5,T1,7/30/24,1/2/24,3,Diptera,Chironomidae,P,BL,1,3.1,,,,,,,,,,,,,,
GS,2/10/25,HA,,T10524_SURB5,T1,7/30/24,1/2/24,3,Diptera,Simuliidae,P,BL,2,4.7,4.6,,,,,,,,,,,,,
GS,2/10/25,HA,,T10524_SURB5,T1,7/30/24,1/2/24,3,Coleoptera,Elmidae,L ,BL,2,5,4.7,,,,,,,,,,,,,
GS,2/10/25,HA,,T10524_SURB5,T1,7/30/24,1/2/24,3,Coleoptera,Elmidae,A,BL,2,2.9,2.1,,,,,,,,,,,,,
CV,10/1/25,AB,,T20524_SURB1,T2,5/15/24,1/11/25,16,Ephemeroptera,Ephemerellidae,L,BL,1,7.5,,,,,,,,,,,,,,
CV,10/1/25,AB,,T20524_SURB1,T2,5/15/24,1/11/25,16,Ephemeroptera,Heptageniidae,P,BL,5,5.5,6,5.3,5.8,6,,,,,,,,,,
CV,10/1/25,AB,,T20524_SURB1,T2,5/15/24,1/11/25,16,Ephemeroptera,Baetidae,L,BL,8,2.3,2.5,1.9,2.5,3,3.6,2.5,3.1,,,,,,,
CV,10/1/25,AB,,T20524_SURB1,T2,5/15/24,1/11/25,16,Ephemeroptera,Leptophlebidae,L,BL,14,5.5,3,4.5,4.3,3.2,5.8,3.5,4.5,6.8,5.4,,,,,
CV,10/1/25,AB,,T20524_SURB1,T2,5/15/24,1/11/25,16,Trichoptera,Glossosomatidae,L,BL,2,5.5,5.4,,,,,,,,,,,,,
CV,10/1/25,AB,,T20524_SURB1,T2,5/15/24,1/11/25,16,Trichoptera,Hydropsychidae,L,BL,10,19.8,7.5,3,6.7,3,6,2.3,2,3.7,4,,,,,
CV,10/1/25,AB,,T20524_SURB1,T2,5/15/24,1/11/25,16,Diptera,Chironomidae,L,BL,25,6,3.5,5,4.5,4,4.1,6.2,5.7,3.4,5,,,,,
CV,10/1/25,AB,,T20524_SURB1,T2,5/15/24,1/11/25,16,Diptera,Simuliidae,L,BL,4,6.2,6.3,4,6,,,,,,,,,,,
CV,10/1/25,AB,,T20524_SURB1,T2,5/15/24,1/11/25,16,Diptera,Chironomidae,A,BL,3,3.7,3,3,,,,,,,,,,,,
CV,10/1/25,AB,,T20524_SURB1,T2,5/15/24,1/11/25,16,Diptera,Athericidae,L,BL,1,3.5,,,,,,,,,,,,,,
CV,10/1/25,AB,,T20524_SURB1,T2,5/15/24,1/11/25,16,Coleoptera,n/a,L,BL,3,5.3,4.9,4.9,,,,,,,,,,,,
CV,10/1/25,AB,,T20524_SURB1,T2,5/15/24,1/11/25,16,Ephemeroptera,Baetidae,P,BL,42,3.4,5,4.3,5.2,3.5,5.4,3.5,4.6,4.9,4,,,,,
CV,10/1/25,AB,,T20524_SURB2,T2,5/15/24,1/12/25,16,Plecoptera,Perlodidae,L,BL,3,6.4,7.5,8,,,,,,,,,,,,
CV,10/1/25,AB,,T20524_SURB2,T2,5/15/24,1/12/25,16,Ephemeroptera,Ephemerellidae,L,BL,5,9.2,9.2,7,9.2,8,,,,,,,,,,
CV,10/1/25,AB,,T20524_SURB2,T2,5/15/24,1/12/25,16,Ephemeroptera,Heptageniidae,L,BL,8,2.8,6.9,6.5,4.2,5,4.4,5.9,3.5,,,,,,,
CV,10/1/25,AB,,T20524_SURB2,T2,5/15/24,1/12/25,16,Ephemeroptera,Baetidae,L,BL,26,6,3,3.2,3.5,4.1,3.4,4.5,4.5,3,2.3,,,,,
CV,10/1/25,AB,,T20524_SURB2,T2,5/15/24,1/12/25,16,Ephemeroptera,Leptophlebidae,L,BL,10,3.2,4.3,6.5,5.3,4.5,4,3.3,6.6,3,3.8,,,,,
CV,10/1/25,AB,,T20524_SURB2,T2,5/15/24,1/12/25,16,Trichoptera,Brachycentridae,L,BL,3,4.3,5,4.5,,,,,,,,,,,,
CV,10/1/25,AB,,T20524_SURB2,T2,5/15/24,1/12/25,16,Trichoptera,Glossosomatidae,L,BL,26,3.2,3,2.7,4.1,3,2.2,2.5,3.2,2.8,2.3,,,,,
CV,10/1/25,AB,,T20524_SURB2,T2,5/15/24,1/12/25,16,Trichoptera,Hydropsychidae,L,BL,12,21.2,8.5,14.2,8,14.5,20.2,8.7,7.5,6,8.4,,,,,
CV,10/1/25,AB,,T20524_SURB2,T2,5/15/24,1/12/25,16,Diptera,Chironomidae,L,BL,8,5.4,5.4,4,2.6,9.2,6.5,8,6.6,2.1,4,,,,,
CV,10/1/25,AB,,T20524_SURB2,T2,5/15/24,1/12/25,16,Diptera,Simuliidae,L,BL,4,6,5.8,2.4,2.7,,,,,,,,,,,
CV,10/1/25,AB,,T20524_SURB2,T2,5/15/24,1/12/25,16,Coleoptera,Elmidae,A,BL,1,3.7,,,,,,,,,,,,,,
CV,10/1/25,AB,,T20524_SURB2,T2,5/15/24,1/12/25,16,Diptera,Athericidae,L,BL,1,7.5,,,,,,,,,,,,,,
CV,10/1/25,AB,,T20524_SURB2,T2,5/15/24,1/12/25,16,Ephemeroptera,Baetidae,P,BL,5,4.9,6.2,4,4.2,5.5,,,,,,,,,,
CV,10/1/25,AB,,T20524_SURB2,T2,5/15/24,1/12/25,16,Ephemeroptera,Heptageniidae,P,BL,1,1.5,,,,,,,,,,,,,,
CV,10/1/25,AB,,T20524_SURB2,T2,5/15/24,1/12/25,16,Diptera,Chironomidae,P,BL,10,5.5,3.5,2.9,2.3,3.6,3.3,3.4,3,3.1,3,,,,,
CV,10/1/25,AB,,T20524_SURB2,T2,5/15/24,1/12/25,16,Diptera,Simuliidae,A,BL,1,4.7,,,,,,,,,,,,,,
CV,10/1/25,HA,,T20524_SURB3,T2,5/15/24,1/14/25,7,Ephemeroptera,Ephemerellidae,L,BL,8,6.5,3.6,7.4,2,2.7,2.9,2,1.5,,,,,,,
CV,10/1/25,HA,,T20524_SURB3,T2,5/15/24,1/14/25,7,Ephemeroptera,Heptageniidae,L,BL,2,2.5,3.9,,,,,,,,,,,,,
CV,10/1/25,HA,,T20524_SURB3,T2,5/15/24,1/14/25,7,Ephemeroptera,Baetidae,P,BL,11,1.7,3.7,4.2,4,3.5,4.7,4.2,3,2.7,3,,,,,
CV,10/1/25,HA,,T20524_SURB3,T2,5/15/24,1/14/25,7,Ephemeroptera,Leptophlebidae,L,BL,20,5,4.4,4.1,3.6,4.2,4,5,3.7,4,5,,,,,
CV,10/1/25,HA,,T20524_SURB3,T2,5/15/24,1/14/25,7,Trichoptera,Brachycentridae,L,BL,1,3.4,,,,,,,,,,,,,,
CV,10/1/25,HA,,T20524_SURB3,T2,5/15/24,1/14/25,7,Trichoptera,Glossosomatidae,L,BL,1,5.5,,,,,,,,,,,,,,
CV,10/1/25,HA,,T20524_SURB3,T2,5/15/24,1/14/25,7,Trichoptera,Hydropsychidae,L,BL,4,6,7,12.3,12.4,,,,,,,,,,,
CV,10/1/25,HA,,T20524_SURB3,T2,5/15/24,1/14/25,7,Trichoptera,Lepidostomatidae,L,BL,2,3.9,3.8,,,,,,,,,,,,,
CV,10/1/25,HA,,T20524_SURB3,T2,5/15/24,1/14/25,7,Diptera,Chironomidae,L,BL,137,4.5,3.5,4,3.1,2,4,5.9,3,3.9,5.1,,,,,
CV,10/1/25,HA,,T20524_SURB3,T2,5/15/24,1/14/25,7,Diptera,Simuliidae,L,BL,1,3,,,,,,,,,,,,,,
CV,10/1/25,HA,,T20524_SURB3,T2,5/15/24,1/14/25,7,Coleoptera,n/a,L,BL,4,4.3,4.6,4.4,1.5,,,,,,,,,,,
CV,10/1/25,HA,,T20524_SURB3,T2,5/15/24,1/14/25,7,Diptera,Tipulidae,L,BL,1,5.1,,,,,,,,,,,,,,
CV,10/1/25,HA,,T20524_SURB3,T2,5/15/24,1/14/25,7,Diptera,Chironomidae,P,BL,7,2.5,2.6,3.4,3.5,2.6,2.5,2.1,,,,,,,,
CV,10/1/25,HA,,T20524_SURB3,T2,5/15/24,1/14/25,7,Ephemeroptera,Baetidae,L,BL,23,2,1.5,1.5,2,2.5,1.4,2,2.1,1.7,1.6,,,,,
CV,10/1/25,Grace,,T20524_SURB4,T2,5/15/24,2/26/25,14,Plecoptera,Perlidae,L,BL,1,3,,,,,,,,,,,,,,
CV,10/1/25,Grace,,T20524_SURB4,T2,5/15/24,2/26/25,14,Ephemeroptera,Ephemerellidae,L,BL,4,2.5,2.9,7,9.6,,,,,,,,,,,
CV,10/1/25,Grace,,T20524_SURB4,T2,5/15/24,2/26/25,14,Ephemeroptera,Heptageniidae,L,BL,4,4,2.3,2.5,5.6,,,,,,,,,,,
CV,10/1/25,Grace,,T20524_SURB4,T2,5/15/24,2/26/25,14,Ephemeroptera,Baetidae,L,BL,17,7.3,3.6,4,6,3.5,3.6,7.6,2.9,5.3,2.5,,,,,
CV,10/1/25,Grace,,T20524_SURB4,T2,5/15/24,2/26/25,14,Ephemeroptera,Leptophlebidae,L,BL,10,7.3,4.5,6.5,3,5,3.7,5.9,4,5.4,5.1,,,,,
CV,10/1/25,Grace,,T20524_SURB4,T2,5/15/24,2/26/25,14,Trichoptera,Brachycentridae,L,BL,4,4,7.6,10.7,8.3,,,,,,,,,,,
CV,10/1/25,Grace,,T20524_SURB4,T2,5/15/24,2/26/25,14,Trichoptera,Glossosomatidae,L,BL,19,5.3,5.6,5.6,4.8,6.2,5.2,5,5.5,5.7,6,,,,,
CV,10/1/25,Grace,,T20524_SURB4,T2,5/15/24,2/26/25,14,Trichoptera,Hydropsychidae,L,BL,26,7.2,4,9.5,4.5,9,10.2,10,13.1,8.5,5.5,,,,,
CV,10/1/25,Grace,,T20524_SURB4,T2,5/15/24,2/26/25,14,Trichoptera,Rhyacophilidae,L,BL,2,17.2,13.2,,,,,,,,,,,,,
CV,10/1/25,Grace,,T20524_SURB4,T2,5/15/24,2/26/25,14,Trichoptera,Lepidostomatidae,L,BL,5,2.5,2.9,2.5,3,2.5,,,,,,,,,,
CV,10/1/25,Grace,,T20524_SURB4,T2,5/15/24,2/26/25,14,Diptera,Chironomidae,L,BL,10,5,8.1,3.5,4.2,7.3,5,3.5,5.6,4.1,9.3,,,,,
CV,10/1/25,Grace,,T20524_SURB4,T2,5/15/24,2/26/25,14,Diptera,Simuliidae,L,BL,53,5,4,6.5,4.5,7.7,6,6.7,7.4,6.4,8,,,,,
CV,10/1/25,Grace,,T20524_SURB4,T2,5/15/24,2/26/25,14,Coleoptera,Elmidae,L,BL,3,4.2,3.9,5.1,,,,,,,,,,,,
CV,10/1/25,Grace,,T20524_SURB4,T2,5/15/24,2/26/25,14,Coleoptera,Elmidae,A,BL,1,3.1,,,,,,,,,,,,,,
CV,10/1/25,Grace,,T20524_SURB4,T2,5/15/24,2/26/25,14,Diptera,Simuliidae,P,BL,37,3.8,4.8,3.3,4.8,4,4.5,4.3,3.8,4,4.2,,,,,
CV,10/1/25,Grace,,T20524_SURB4,T2,5/15/24,2/26/25,14,Diptera,Tipulidae,L,BL,2,6.5,4.6,,,,,,,,,,,,,
CV,10/1/25,Grace,,T20524_SURB4,T2,5/15/24,2/26/25,14,Diptera,Chironomidae,P,BL,12,2.7,3,2.7,2.5,3.2,3.2,2,3.5,3.1,2.7,,,,,
CV,10/1/25,Grace,,T20524_SURB4,T2,5/15/24,2/28/25,7,Plecoptera,Perlodidae,L,BL,1,8.1,,,,,,,,,,,*need another (?),,,
CV,10/1/25,Grace,,T20524_SURB4,T2,5/15/24,2/28/25,7,Ephemeroptera,Ephemerellidae,L,BL,16,10,8.1,7.5,8.3,7.5,6.5,10,11.2,2.9,3,,,,,
CV,10/1/25,Grace,,T20524_SURB4,T2,5/15/24,2/28/25,7,Ephemeroptera,Heptageniidae,L,BL,17,7.8,3.2,2.9,7.4,2.4,2,5,6,5.4,2.5,,,,,
CV,10/1/25,Grace,,T20524_SURB5,T2,5/15/24,2/28/25,7,Ephemeroptera,Baetidae,L,BL,54,5.5,5.8,4.9,2.1,3.7,4.9,1.9,4.8,5.5,3.2,,,,,
CV,10/1/25,Grace,,T20524_SURB5,T2,5/15/24,2/28/25,7,Ephemeroptera,Leptophlebidae,L,BL,8,4.9,4.5,6.5,5.1,5.4,5.6,4,5.3,,,,,,,
CV,10/1/25,Grace,,T20524_SURB5,T2,5/15/24,2/28/25,7,Trichoptera,Brachycentridae,L,BL,4,6.5,4.3,4.4,5,,,,,,,,,,,
CV,10/1/25,Grace,,T20524_SURB5,T2,5/15/24,2/28/25,7,Trichoptera,Glossosomatidae,L,BL,16,5.5,6.2,5,6.2,6,5.8,3.2,4,4,2.8,,,,,
CV,10/1/25,Grace,,T20524_SURB5,T2,5/15/24,2/28/25,7,Trichoptera,Hydropsychidae,L,BL,11,8.4,8,10.7,8.2,5,12.2,20,,,,,,,,
CV,10/1/25,Grace,,T20524_SURB5,T2,5/15/24,2/28/25,7,Trichoptera,Lepidostomatidae,L,BL,1,3.3,,,,,,,,,,,,,,
CV,10/1/25,Grace,,T20524_SURB5,T2,5/15/24,2/28/25,7,Diptera,Chironomidae,L,BL,99,3.5,3.1,4.8,6.8,6.5,4.6,4.2,2.5,6.4,5.3,,,,,
CV,10/1/25,Grace,,T20524_SURB5,T2,5/15/24,2/28/25,7,Diptera,Simuliidae,L,BL,2,7.2,6.9,,,,,,,,,,,,,
CV,10/1/25,Grace,,T20524_SURB5,T2,5/15/24,2/28/25,7,Diptera,Simuliidae,P,BL,2,4,3.7,,,,,,,,,,,,,
CV,10/1/25,Grace,,T20524_SURB5,T2,5/15/24,2/28/25,7,Diptera,Tipulidae,L,BL,1,5.5,,,,,,,,,,,,,,
CV,10/1/25,Grace,,T20524_SURB5,T2,5/15/24,2/28/25,7,Coleoptera,Elmidae,L,BL,5,5.4,4.2,5.3,5.6,7.2,,,,,,,,,,
CV,10/1/25,Grace,,T20524_SURB5,T2,5/15/24,2/28/25,7,Diptera,Chironomidae,P,BL,4,5.2,2.7,2.7,3.5,,,,,,,,,,,
CV,10/1/25,Grace,,T20524_SURB5,T2,5/15/24,2/28/25,7,Ephemeroptera,Heptageniidae,P,BL,1,6.6,,,,,,,,,,,,,,
CV,10/1/25,Grace,,T20524_SURB5,T2,5/15/24,2/28/25,7,Diptera,Simuliidae,L,HW,1,1.2,,,,,,,,,,,,,,
CV,2/25/26,Alex,,T30524_SURB1,T3,5/-/24,2/10/25,16,Ephemeroptera,Ephemerellidae,L,BL,13,15.2,17,13.1,12.5,15.3,19.5,13.5,12.2,18.4,18,,"MULTIPLE PAGES FOR SURB1, ONLY USED FIRST",,,
CV,2/25/26,Alex,,T30524_SURB1,T3,5/-/24,2/10/25,16,Ephemeroptera,Heptageniidae,L,BL,1,4,,,,,,,,,,,,,,
CV,2/25/26,Alex,,T30524_SURB1,T3,5/-/24,2/10/25,16,Ephemeroptera,Baetidae,P,BL,44,7.5,4.5,2.5,4.4,4.5,7.5,5.4,5.2,4,5,,,,,
CV,2/25/26,Alex,,T30524_SURB1,T3,5/-/24,2/10/25,16,Ephemeroptera,Leptophlebidae,L,BL,13,9.5,10,8.3,9,8.5,8.5,10,6.5,5.4,7.5,,,,,
CV,2/25/26,Alex,,T30524_SURB1,T3,5/-/24,2/10/25,16,Trichoptera,Brachycentridae,L,BL,2,6.2,6.3,,,,,,,,,,,,,
CV,2/25/26,Alex,,T30524_SURB1,T3,5/-/24,2/10/25,16,Trichoptera,Glossosomatidae,L,BL,1,10,,,,,,,,,,,,,,
CV,2/25/26,Alex,,T30524_SURB1,T3,5/-/24,2/10/25,16,Trichoptera,Hydropsychidae,L,BL,3,20.2,25.6,15.5,,,,,,,,,,,,
CV,2/25/26,Alex,,T30524_SURB1,T3,5/-/24,2/10/25,16,Trichoptera,Hydropsychidae,L,HW,1,2,,,,,,,,,,,,,,
CV,2/25/26,Alex,,T30524_SURB1,T3,5/-/24,2/10/25,16,Trichoptera,Rhyacophilidae,L,BL,2,3.2,3.4,,,,,,,,,,,,,
CV,2/25/26,Alex,,T30524_SURB1,T3,5/-/24,2/10/25,16,Trichoptera,Lepidostomatidae,L,HW,1,1,,,,,,,,,,,,,,
CV,2/25/26,Alex,,T30524_SURB1,T3,5/-/24,2/10/25,16,Diptera,Chironomidae,L,BL,50,8,13.5,10.5,5,5,9.5,10,4.5,8.2,7.5,,,,,
CV,2/25/26,Alex,,T30524_SURB1,T3,5/-/24,2/10/25,16,Diptera,Simuliidae,L,BL,1,10,,,,,,,,,,,,,,
CV,2/25/26,Alex,,T30524_SURB1,T3,5/-/24,2/10/25,16,Coleoptera,n/a,L,BL,20,9.3,8.5,6.5,8.9,6.7,8.5,8.7,8.4,5.3,8.4,,,,,
CV,2/25/26,Alex,,T30524_SURB1,T3,5/-/24,2/10/25,16,Coleoptera,n/a,A,BL,2,5,4,,,,,,,,,,,,,
CV,2/25/26,Alex,,T30524_SURB1,T3,5/-/24,2/10/25,16,Diptera,Chironomidae,P,BL,2,4.6,5.2,,,,,,,,,,156,TOTAL for S1,,
CV,2/25/26,Alex/Grace,,T30524_SURB3,T3,5/14/24,2/13/25,16,Plecoptera,Perlidae,L,BL,1,2,,,,,,,,,,,"Two datasheets were filled out for SURB3, I compiled them in data sheet, first using numbers from Alex's sorting and then Grace's to fill to 10 measurements where applicable.",,,
CV,2/25/26,Alex/Grace,,T30524_SURB3,T3,5/14/24,2/13/25,16,Ephemeroptera,Ephemerellidae,L,BL,11,5.5,16,,,,,,,,,,,,,
CV,2/25/26,Alex/Grace,,T30524_SURB3,T3,5/14/24,2/13/25,16,Ephemeroptera,Heptageniidae,L,BL,11,10.3,7,5.8,,,,,,,,,,,,
CV,2/25/26,Alex/Grace,,T30524_SURB3,T3,5/14/24,2/13/25,16,Ephemeroptera,Baetidae,L,BL,35,5.9,4.5,4.5,2.5,4.4,6.5,4.1,6,3.8,5.1,,,,,
CV,2/25/26,Alex/Grace,,T30524_SURB3,T3,5/14/24,2/13/25,16,Ephemeroptera,Baetidae,P,BL,23,10.2,7.5,8.2,10,10,8.5,3.5,7.5,8.5,5,,,,,
CV,2/25/26,Alex/Grace,,T30524_SURB3,T3,5/14/24,2/13/25,16,Ephemeroptera,Leptophlebidae,L,BL,16,8,8.5,9,7.5,7.3,7.3,8.5,6.8,6.3,8,,,,,
CV,2/25/26,Alex/Grace,,T30524_SURB3,T3,5/14/24,2/13/25,16,Trichoptera,Brachycentridae,L,BL,2,4.5,5.6,,,,,,,,,,,,,
CV,2/25/26,Alex/Grace,,T30524_SURB3,T3,5/14/24,2/13/25,16,Trichoptera,Brachcentridae,L,HW,2,2,0.09,,,,,,,,,,,,,
CV,2/25/26,Alex/Grace,,T30524_SURB3,T3,5/14/24,2/13/25,16,Trichoptera,Glossosomatidae,L,BL,4,2.5,2.3,2.4,2.7,,,,,,,,,,,
CV,2/25/26,Alex/Grace,,T30524_SURB3,T3,5/14/24,2/13/25,16,Trichoptera,Hydropsychidae,L,BL,54,28,15,10.2,11.5,7,13,12.5,10,9.9,9.5,,,,,
CV,2/25/26,Alex/Grace,,T30524_SURB3,T3,5/14/24,2/13/25,16,Trichoptera,Rhyacophilidae,L,BL,1,13.5,,,,,,,,,,,,,,
CV,2/25/26,Alex/Grace,,T30524_SURB3,T3,5/14/24,2/13/25,16,Trichoptera,Lepidostomatidae,L,BL,4,8.5,5.8,6.7,1.4,,,,,,,,,,,
CV,2/25/26,Alex/Grace,,T30524_SURB3,T3,5/14/24,2/13/25,16,Trichoptera,Lepidostomatidae,L,HW,1,1.3,,,,,,,,,,,,,,
CV,2/25/26,Alex/Grace,,T30524_SURB3,T3,5/14/24,2/13/25,16,Diptera,Chironomidae,L,BL,65,7.3,7.4,8,7.5,12.2,8,12.5,11.3,5.5,6.4,,,,,
CV,2/25/26,Alex/Grace,,T30524_SURB3,T3,5/14/24,2/13/25,16,Diptera,Simuliidae,L,BL,75,10.7,10,10.3,7,8,11.1,11,8.7,10.2,10,,,,,
CV,2/25/26,Alex/Grace,,T30524_SURB3,T3,5/14/24,2/13/25,16,Diptera,Chironomidae,A,BL,3,5.5,3.6,2.6,,,,,,,,,,,,
CV,2/25/26,Alex/Grace,,T30524_SURB3,T3,5/14/24,2/13/25,16,Diptera,Chironomidae,P,BL,5,7.5,5,6.5,5.2,7.2,,,,,,,,,,
CV,2/24/26,Alex/Grace,,T30524_SURB3,T3,5/14/24,2/13/25,15,Coleoptera,n/a,L,BL,62,8.5,7.4,7,6.5,6.3,8.4,8.7,9,6.6,7.3,,,,,
CV,2/25/26,Alex/Grace,,T30524_SURB3,T3,5/14/24,2/13/25,16,Coleoptera,Elmidae,L,BL,29,5.5,4.2,5.5,4.7,4.8,4,4.7,5.7,4.2,5,,,,,
CV,2/25/26,Alex/Grace,,T30524_SURB3,T3,5/14/24,2/13/25,16,Coleoptera,Elmidae,A,BL,1,2.5,,,,,,,,,,,,,,
CV,2/25/26,Alex/Grace,,T30524_SURB3,T3,5/14/24,2/13/25,16,Diptera,Simuliidae,P,BL,4,3,5.1,4.6,4.4,,,,,,,,,,,
CV,2/25/26,Alex/Grace,,T30524_SURB3,T3,5/14/24,2/13/25,16,Diptera,Athericidae,A,BL,1,8.8,,,,,,,,,,,410,TOTAL FOR S3,,
CV,2/25/26,GS,,T30524_SURB4,T3,5/14/24,2/14/25,8,Plecoptera,Perlodidae,L,BL,2,4.5,3.2,,,,,,,,,,,,,
CV,2/25/26,GS,,T30524_SURB4,T3,5/14/24,2/14/25,8,Ephemeroptera,Ephemerellidae,L,BL,10,7.6,11,3.6,3.4,10,3.5,3.5,4.1,9.5,9.3,,,,,
CV,2/25/26,GS,,T30524_SURB4,T3,5/14/24,2/14/25,8,Ephemeroptera,Heptageniidae,L,BL,3,4.3,2.2,2.9,,,,,,,,,,,,
CV,2/25/26,GS,,T30524_SURB4,T3,5/14/24,2/14/25,8,Ephemeroptera,Baetidae,L,BL,3,2.2,2.6,1.6,,,,,,,,,,,,
CV,2/25/26,GS,,T30524_SURB4,T3,5/14/24,2/14/25,8,Trichoptera,Brachycentridae,L,BL,3,2.5,4,3.6,,,,,,,,,,,,
CV,2/25/26,GS,,T30524_SURB4,T3,5/14/24,2/14/25,8,Trichoptera,Brachycentridae,L,HW,1,1,,,,,,,,,,,,,,
CV,2/25/26,GS,,T30524_SURB4,T3,5/14/24,2/14/25,8,Trichoptera,Glossosomatidae,L,BL,5,9.4,9.7,10,9.4,8.3,,,,,,,,,,
CV,2/25/26,GS,,T30524_SURB4,T3,5/14/24,2/14/25,8,Trichoptera,Hydropsychidae,L,BL,5,16,15.5,12.2,11.9,13.2,,,,,,,,,,
CV,2/25/26,GS,,T30524_SURB4,T3,5/14/24,2/14/25,8,Trichoptera,Hydropsychidae,L,HW,1,2.5,,,,,,,,,,,,,,
CV,2/25/26,GS,,T30524_SURB4,T3,5/14/24,2/14/25,8,Trichoptera,Rhyacophilidae,L,BL,2,11.1,17,,,,,,,,,,,,,
CV,2/25/26,GS,,T30524_SURB4,T3,5/14/24,2/14/25,8,Trichoptera,Lepidostomatidae,L,BL,3,1.5,4.6,5.7,,,,,,,,,,,,
CV,2/25/26,GS,,T30524_SURB4,T3,5/14/24,2/14/25,8,Trichoptera,Lepidostomatidae,L,HW,1,0.8,,,,,,,,,,,,,,
CV,2/25/26,GS,,T30524_SURB4,T3,5/14/24,2/14/25,8,Diptera,Chironomidae,L,BL,44,4.9,7.6,10,6.2,4,7.4,13.5,11.2,8.5,5.3,,,,,
CV,2/25/26,GS,,T30524_SURB4,T3,5/14/24,2/14/25,8,Diptera,Simuliidae,L,BL,22,6.3,4.9,5.9,4,3.8,6.9,7,7.5,7.7,6.8,,,,,
CV,2/25/26,GS,,T30524_SURB4,T3,5/14/24,2/14/25,8,Diptera,Athericidae,L,BL,1,6.3,,,,,,,,,,,,,,
CV,2/25/26,GS,,T30524_SURB4,T3,5/14/24,2/14/25,8,Ephemeroptera,Ephemerellidae,P,BL,1,6.9,,,,,,,,,,,,,,
CV,2/25/26,GS,,T30524_SURB4,T3,5/14/24,2/14/25,8,Ephemeroptera,Heptageniidae,P,BL,3,6.3,6.9,3.5,,,,,,,,,,,,
CV,2/25/26,GS,,T30524_SURB4,T3,5/14/24,2/14/25,8,Ephemeroptera,Baetidae,P,BL,33,3.3,5,6.6,5.1,4.6,4.2,3.9,4.6,5.8,6.7,,"no count given, 33 total makes sample = 200 as noted on sheet",,,
CV,2/25/26,GS,,T30524_SURB4,T3,5/14/24,2/14/25,8,Diptera,Simuliidae,P,BL,6,3.5,4.8,3.9,3.5,3.6,3.5,,,,,,,,,
CV,2/25/26,GS,,T30524_SURB4,T3,5/14/24,2/14/25,8,Diptera,Simuliidae,P,HW,1,0.9,,,,,,,,,,,,,,
CV,2/25/26,GS,,T30524_SURB4,T3,5/14/24,2/14/25,8,Coleoptera,Elmidae,L,BL,39,8.5,8.4,6.4,7,3.8,6.3,7.2,7,7.5,6.1,,,,,
CV,2/25/26,GS,,T30524_SURB4,T3,5/14/24,2/14/25,8,Coleoptera,Elmidae,A,BL,4,4.3,4.5,4.6,4,,,,,,,,,,,
CV,2/25/26,GS,,T30524_SURB4,T3,5/14/24,2/14/25,8,Diptera,Chironomidae,P,BL,7,7.5,7.5,4.7,5,4.7,4.5,7,,,,,,,,
CV,2/25/26,Alex,,T30524_SURB5,T3,5/14/24,2/14/25,16,Ephemeroptera,Ephemerellidae,L,BL,3,13.2,15,5.5,,,,,,,,,,,,
CV,2/25/26,Alex,,T30524_SURB5,T3,5/14/24,2/14/25,16,Ephemeroptera,Baetidae,L,BL,22,12.2,5.3,3.5,9,8.5,7,6.2,7,9,6.5,,,,,
CV,2/25/26,Alex,,T30524_SURB5,T3,5/14/24,2/14/25,16,Ephemeroptera,Leptophlebidae,L,BL,4,4.5,5.5,4,8,,,,,,,,,,,
CV,2/25/26,Alex,,T30524_SURB5,T3,5/14/24,2/14/25,16,Trichoptera,Hydropsychidae,L,BL,1,13.5,,,,,,,,,,,,,,
CV,2/25/26,Alex,,T30524_SURB5,T3,5/14/24,2/14/25,16,Trichoptera,Rhyacophilidae,L,BL,3,8.5,4.5,8.6,,,,,,,,,,,,
CV,2/25/26,Alex,,T30524_SURB5,T3,5/14/24,2/14/25,16,Trichoptera,Lepidostomatidae,L,BL,1,6,,,,,,,,,,,,,,
CV,2/25/26,Alex,,T30524_SURB5,T3,5/14/24,2/14/25,16,Diptera,Chironomidae,L,BL,42,10,9.5,6.5,10.5,10.4,5.6,12.1,11.5,6.2,5,,,,,
CV,2/25/26,Alex,,T30524_SURB5,T3,5/14/24,2/14/25,16,Diptera,Simuliidae,L,BL,2,9,10.8,,,,,,,,,,,,,
CV,2/25/26,Alex,,T30524_SURB5,T3,5/14/24,2/14/25,16,Coleoptera,n/a,L,BL,16,7.5,8,6.4,8,6,8.2,6.6,7.8,6,6.9,,,,,
CV,2/25/26,Alex,,T30524_SURB5,T3,5/14/24,2/14/25,16,Diptera,Athericidae,L,BL,1,10,,,,,,,,,,,,,,
CV,2/25/26,Alex,,T30524_SURB5,T3,5/14/24,2/14/25,16,Coleoptera,n/a,A,BL,2,3,3.7,,,,,,,,,,,,,
CV,2/25/26,Alex,,T30524_SURB5,T3,5/14/24,2/14/25,16,Diptera,Chironomidae,P,BL,3,4.4,4.4,5.3,8.5,,,,,,,,100,TOTAL,,
CV,10/3/25,AB,,C1.50824_SURB1,C1.5,7/31/24,2/18/25,16,Ephemeroptera,Ephemerellidae,L,BL,2,7.5,6.9,,,,,,,,,,"CODED AS __0824_SURB_, actual sampling date was in 07/24",,,
CV,10/3/25,AB,,C1.50824_SURB1,C1.5,7/31/24,2/18/25,16,Ephemeroptera,Heptageniidae,L,BL,20,10,9.4,8.3,5.8,3.7,10,7.8,6.3,8.7,,,|,,,
CV,10/3/25,AB,,C1.50824_SURB1,C1.5,7/31/24,2/18/25,16,Ephemeroptera,Baetidae,L,BL,10,4,7.1,7.3,4.2,5.9,8.1,7,6.8,5.9,6,,|,,,
CV,10/3/25,AB,,C1.50824_SURB1,C1.5,7/31/24,2/18/25,16,Ephemeroptera,Leptophlebidae,L,BL,2,8.7,8.2,,,,,,,,,,|,,,
CV,10/3/25,AB,,C1.50824_SURB1,C1.5,7/31/24,2/18/25,16,Trichoptera,Rhyacophilidae,L,BL,1,16.1,,,,,,,,,,,|,,,
CV,10/3/25,AB,,C1.50824_SURB1,C1.5,7/31/24,2/18/25,16,Trichoptera,Lepidostomatidae,L,BL,4,4.5,4.4,3.7,4.5,,,,,,,,|,,,
CV,10/3/25,AB,,C1.50824_SURB1,C1.5,7/31/24,2/18/25,16,Diptera,Chironomidae,L,BL,9,12.2,11,5,8,8.5,13.4,8.7,11.5,8.3,,,|,,,
CV,10/3/25,AB,,C1.50824_SURB1,C1.5,7/31/24,2/18/25,16,Diptera,Simuliidae,L,BL,572,5.5,5,6,6.9,4.4,4.1,6.1,7,6.2,6.5,,|,,,
CV,10/3/25,AB,,C1.50824_SURB1,C1.5,7/31/24,2/18/25,16,Coleoptera,n/a,L,BL,2,5,5.5,,,,,,,,,,|,,,
CV,10/3/25,AB,,C1.50824_SURB1,C1.5,7/31/24,2/18/25,16,Coleoptera,n/a,A,BL,1,4.5,,,,,,,,,,,|,,,
CV,10/3/25,AB,,C1.50824_SURB2,C1.5,7/31/24,2/18/25,16,Ephemeroptera,Ephemerellidae,L,BL,5,15.5,16,16.8,12.5,9.7,,,,,,,|,,,
CV,10/3/25,AB,,C1.50824_SURB2,C1.5,7/31/24,2/18/25,16,Ephemeroptera,Heptageniidae,L,BL,4,10.7,10,9,3.2,,,,,,,,|,,,
CV,10/3/25,AB,,C1.50824_SURB2,C1.5,7/31/24,2/18/25,16,Ephemeroptera,Baetidae,L,BL,15,7.4,6.6,5.5,6.4,8.1,5.2,3.4,5,6.2,9.4,,|,,,
CV,10/3/25,AB,,C1.50824_SURB2,C1.5,7/31/24,2/18/25,16,Ephemeroptera,Leptophlebidae,L,BL,1,10.7,,,,,,,,,,,|,,,
CV,10/3/25,AB,,C1.50824_SURB2,C1.5,7/31/24,2/18/25,16,Trichoptera,Brachycentridae,L,BL,3,13.4,12.2,13.2,,,,,,,,,|,,,
CV,10/3/25,AB,,C1.50824_SURB2,C1.5,7/31/24,2/18/25,16,Trichoptera,Rhyacophilidae,L,BL,2,5.7,11.1,,,,,,,,,,|,,,
CV,10/3/25,AB,,C1.50824_SURB2,C1.5,7/31/24,2/18/25,16,Trichoptera,Lepidostomatidae,L,BL,1,4.5,,,,,,,,,,,|,,,
CV,10/3/25,AB,,C1.50824_SURB2,C1.5,7/31/24,2/18/25,16,Diptera,Chironomidae,L,BL,18,11.5,7,12.2,5.5,6.5,6.1,12.5,9.8,10.3,9.8,,|,,,
CV,10/3/25,AB,,C1.50824_SURB2,C1.5,7/31/24,2/18/25,16,Diptera,Simuliidae,L,BL,69,6,6.2,6.7,10.1,7,7.3,7,8.2,8.5,5.5,,|,,,
CV,10/3/25,AB,,C1.50824_SURB2,C1.5,7/31/24,2/18/25,16,Diptera,Athericidae,L,BL,1,16.5,,,,,,,,,,,|,,,
CV,10/3/25,AB,,C1.50824_SURB2,C1.5,7/31/24,2/18/25,16,Coleoptera,n/a,L,BL,15,6,5.5,6.7,6.4,4.6,4.8,5,4.9,5,6,,|,,,
CV,10/3/25,AB,,C1.50824_SURB2,C1.5,7/31/24,2/18/25,16,Oligochaeta,Oligochaeta,A,BL,1,12.1,,,,,,,,,,,|,,,
CV,10/3/25,AB,,C1.50824_SURB2,C1.5,7/31/24,2/18/25,16,Hymenoptera,Formicidae,P,BL,1,11.2,,,,,,,,,,,|,,,
CV,10/3/25,AB,,C1.50824_SURB2,C1.5,7/31/24,2/18/25,16,Hymenoptera,Formicidae,A,BL,1,7.2,,,,,,,,,,,|,,,
CV,10/3/25,AB,,C1.50824_SURB3,C1.5,7/31/24,2/19/25,16,Ephemeroptera,Ephemerellidae,L,BL,2,17,17.5,,,,,,,,,,|,,,
CV,10/3/25,AB,,C1.50824_SURB3,C1.5,7/31/24,2/19/25,16,Ephemeroptera,Heptageniidae,L,BL,19,6.1,10.7,13.2,8.5,5.7,4.1,7.2,7.2,10.1,3.9,,|,,,
CV,10/3/25,AB,,C1.50824_SURB3,C1.5,7/31/24,2/19/25,16,Ephemeroptera,Baetidae,L,BL,45,8.7,7.5,8.3,6.2,5.7,5.4,4.9,5.9,6.2,4.5,,|,,,
CV,10/3/25,AB,,C1.50824_SURB3,C1.5,7/31/24,2/19/25,16,Ephemeroptera,Leptophlebidae,L,BL,2,5.3,6.7,,,,,,,,,,|,,,
CV,10/3/25,AB,,C1.50824_SURB3,C1.5,7/31/24,2/19/25,16,Trichoptera,Brachycentridae,L,HW,2,0.5,0.6,,,,,,,,,,|,,,
CV,10/3/25,AB,,C1.50824_SURB3,C1.5,7/31/24,2/19/25,16,Trichoptera,Glossosomatidae,L,BL,2,10.7,5.4,,,,,,,,,,|,,,
CV,10/3/25,AB,,C1.50824_SURB3,C1.5,7/31/24,2/19/25,16,Trichoptera,Rhyacophilidae,L,BL,1,15.6,,,,,,,,,,,|,,,
CV,10/3/25,AB,,C1.50824_SURB3,C1.5,7/31/24,2/19/25,16,Trichoptera,Lepidostomatidae,L,BL,2,3.5,5.5,,,,,,,,,,|,,,
CV,10/3/25,AB,,C1.50824_SURB3,C1.5,7/31/24,2/19/25,16,Diptera,Chironomidae,L,BL,35,11.5,4.5,5.7,3.5,4.9,6,11.2,6.1,7.5,6.2,,|,,,
CV,10/3/25,AB,,C1.50824_SURB3,C1.5,7/31/24,2/19/25,16,Diptera,Simuliidae,L,BL,251,4.8,6.9,5,5.8,5.4,4.8,5.3,5.6,5.2,5.2,,|,,,
CV,10/3/25,AB,,C1.50824_SURB3,C1.5,7/31/24,2/19/25,16,Coleoptera,n/a,L,BL,13,6.4,5,5.2,5.1,5.5,5.1,4.9,4.5,5.3,5.5,,|,,,
CV,10/3/25,AB,,C1.50824_SURB3,C1.5,7/31/24,2/19/25,16,Coleoptera,n/a,A,BL,4,3.8,4.3,4,4.3,,,,,,,,|,,,
CV,10/3/25,GS,,C1.50824_SURB4,C1.5,7/31/24,2/21/25,6,Ephemeroptera,Ephemerellidae,L,BL,7,13.5,10,12.5,10.7,10.8,11,5.3,,,,,|,,,
CV,10/3/25,GS,,C1.50824_SURB4,C1.5,7/31/24,2/21/25,6,Ephemeroptera,Heptageniidae,L,BL,9,2.3,3.4,3,4.8,2.3,3.6,7.6,4,2.2,,,|,,,
CV,10/3/25,GS,,C1.50824_SURB4,C1.5,7/31/24,2/21/25,6,Ephemeroptera,Baetidae,L,BL,33,5.8,4.5,2.7,3,1.7,4.7,2.6,2.5,3.7,2.5,,|,,,
CV,10/3/25,GS,,C1.50824_SURB4,C1.5,7/31/24,2/21/25,6,Trichoptera,Brachycentridae,L,BL,56,12.2,10.4,4.6,2,2.5,2.3,2.2,1.7,2.5,2.3,,|,,,
CV,10/3/25,GS,,C1.50824_SURB4,C1.5,7/31/24,2/21/25,6,Trichoptera,Glossosomatidae,L,BL,2,8.5,10.5,,,,,,,,,,|,,,
CV,10/3/25,GS,,C1.50824_SURB4,C1.5,7/31/24,2/21/25,6,Trichoptera,Hydropsychidae,L,BL,1,2.5,,,,,,,,,,,|,,,
CV,10/3/25,GS,,C1.50824_SURB4,C1.5,7/31/24,2/21/25,6,Trichoptera,Lepidostomatidae,L,BL,1,2.3,,,,,,,,,,,|,,,
CV,10/3/25,GS,,C1.50824_SURB4,C1.5,7/31/24,2/21/25,6,Diptera,Chironomidae,L,BL,32,7.5,9.5,8.5,6.1,9.5,5.3,5.1,7.5,3.5,3,,|,,,
CV,10/3/25,GS,,C1.50824_SURB4,C1.5,7/31/24,2/21/25,6,Diptera,Simuliidae,L,BL,59,3.2,3.7,4.2,2.8,4.3,3,5.5,4.1,5.1,3,,|,,,
CV,10/3/25,GS,,C1.50824_SURB4,C1.5,7/31/24,2/21/25,6,Coleoptera,Elmidae,L,BL,3,3.5,4.3,3.9,,,,,,,,,|,,,
CV,10/3/25,GS,,C1.50824_SURB4,C1.5,7/31/24,2/21/25,6,Coleoptera,Elmidae,A,BL,1,2.5,,,,,,,,,,,|,,,
CV,10/3/25,GS,,C1.50824_SURB4,C1.5,7/31/24,2/21/25,6,Ephemeroptera,Ephemerellidae,L,HW,1,3,,,,,,,,,,,|,,,
CV,10/3/25,GS,,C1.50824_SURB5,C1.5,7/31/24,3/5/25,7,Ephemeroptera,Ephemerellidae,L,BL,1,11,,,,,,,,,,,|,,,
CV,10/3/25,GS,,C1.50824_SURB5,C1.5,7/31/24,3/5/25,7,Ephemeroptera,Heptageniidae,L,BL,16,3.8,6,3,4.5,4.1,5.5,4.6,7.7,3,2.7,,|,,,
CV,10/3/25,GS,,C1.50824_SURB5,C1.5,7/31/24,3/5/25,7,Ephemeroptera,Baetidae,L,BL,17,2,1.9,2,3,6.5,4,3,1.7,3.5,2.6,,|,,,
CV,10/3/25,GS,,C1.50824_SURB5,C1.5,7/31/24,3/5/25,7,Ephemeroptera,Leptophlebidae,L,BL,1,5.1,,,,,,,,,,,|,,,
CV,10/3/25,GS,,C1.50824_SURB5,C1.5,7/31/24,3/5/25,7,Trichoptera,Brachycentridae,L,BL,11,1,1.5,1.4,1.6,1.6,2,6.2,2.1,2,2,,|,,,
CV,10/3/25,GS,,C1.50824_SURB5,C1.5,7/31/24,3/5/25,7,Trichoptera,Rhyacophilidae,L,BL,1,9.2,,,,,,,,,,,|,,,
CV,10/3/25,GS,,C1.50824_SURB5,C1.5,7/31/24,3/5/25,7,Diptera,Chironomidae,L,BL,16,6.4,8.5,4.8,6.5,8.6,9.2,3.2,10,7.4,4,,|,,,
CV,10/3/25,GS,,C1.50824_SURB5,C1.5,7/31/24,3/5/25,7,Diptera,Simuliidae,L,BL,175,3.5,4.5,5.5,3,4.1,5.6,3.5,3.4,3,3.3,,|,,,
CV,10/3/25,GS,,C1.50824_SURB5,C1.5,7/31/24,3/5/25,7,Coleoptera,Elmidae,L,BL,4,3.6,3,3.2,1.5,,,,,,,,|,,,
CV,10/3/25,GS,,C1.50824_SURB5,C1.5,7/31/24,3/5/25,7,Coleoptera,Elmidae,A,BL,3,2,2.5,2.7,,,,,,,,,|,,,
CV,10/3/25,GS,,C1.50824_SURB5,C1.5,7/31/24,3/5/25,7,Diptera,Chironomidae,A,BL,1,2,,,,,,,,,,,--,,,
CV,10/3/25,GS,,C20824_SURB1,C2,8/-/2024,3/24/25,8,Plecoptera,Perlodidae,L,BL,2,3.7,2.3,,,,,,,,,,,,,
CV,10/3/25,GS,,C20824_SURB1,C2,8/-/2024,3/24/25,8,Ephemerellidae,Ephemerellidae,L,BL,1,10.4,,,,,,,,,,,,,,
CV,10/3/25,GS,,C20824_SURB1,C2,8/-/2024,3/24/25,8,Ephemerellidae,Heptageniidae,L,BL,8,3.5,4,6.2,4.5,2.1,6.7,1.8,2.5,,,,,,,
CV,10/3/25,GS,,C20824_SURB1,C2,8/-/2024,3/24/25,8,Ephemerellidae,Baetidae,L,BL,75,2,3.5,6.7,4.3,2.8,2.2,4.8,1.5,3.5,3.3,,,,,
CV,10/3/25,GS,,C20824_SURB1,C2,8/-/2024,3/24/25,8,Trichoptera,Brachycentridae,L,BL,5,2.1,2.5,2,2.5,2.2,,,,,,,,,,
CV,10/3/25,GS,,C20824_SURB1,C2,8/-/2024,3/24/25,8,Trichoptera,Glossosomatidae,L,BL,4,2.5,2.3,1.6,1.3,,,,,,,,,,,
CV,10/3/25,GS,,C20824_SURB1,C2,8/-/2024,3/24/25,8,Trichoptera,Rhyacophilidae,L,BL,1,5.2,,,,,,,,,,,,,,
CV,10/3/25,GS,,C20824_SURB1,C2,8/-/2024,3/24/25,8,Trichoptera,Lepidostomatidae,L,BL,5,3,4,3,4.3,3,,,,,,,,,,
CV,10/3/25,GS,,C20824_SURB1,C2,8/-/2024,3/24/25,8,Diptera,Chironomidae,L,BL,103,7.5,7.9,7.8,7.1,6,7.6,10,8,10,10.2,,,,,
CV,10/3/25,GS,,C20824_SURB1,C2,8/-/2024,3/24/25,8,Diptera,Simuliidae,L,BL,12,4.8,4.2,1.1,2.2,3,1.5,2.5,1.7,1.9,2.7,,,,,
CV,10/3/25,GS,,C20824_SURB1,C2,8/-/2024,3/24/25,8,Coleoptera,Elmidae,A,BL,4,2.5,2.7,2.5,2.5,,,,,,,,,,,
CV,10/3/25,GS,,C20824_SURB2,C2,8/-/2024,4/3/25,16,Plecoptera,Perlodidae,L,BL,8,1.9,1.5,2.7,2,1.7,1.8,2,1.4,,,,150,TOTAL,,
CV,10/3/25,GS,,C20824_SURB2,C2,8/-/2024,4/3/25,16,Ephemeroptera,Ephemerellidae,L,BL,2,11.3,5.3,,,,,,,,,,,,,
CV,10/3/25,GS,,C20824_SURB2,C2,8/-/2024,4/3/25,16,Ephemeroptera,Heptageniidae,L,BL,20,5.5,4.4,4.3,6,1.5,2.5,2.3,3.6,2.8,2.8,,,,,
CV,10/3/25,GS,,C20824_SURB2,C2,8/-/2024,4/3/25,16,Ephemeroptera,Baetidae,L,BL,41,3.5,4.2,3.8,3.5,2.7,2.3,3,3.9,1.5,1.5,,,,,
CV,10/3/25,GS,,C20824_SURB2,C2,8/-/2024,4/3/25,16,Trichoptera,Brachycentridae,L,BL,11,2.5,2,2.5,2,2.4,2.2,2.5,2.6,2.5,2.5,,,,,
CV,10/3/25,GS,,C20824_SURB2,C2,8/-/2024,4/3/25,16,Trichoptera,Glossosomatidae,L,BL,2,2,6.2,,,,,,,,,,,,,
CV,10/3/25,GS,,C20824_SURB2,C2,8/-/2024,4/3/25,16,Trichoptera,Hydropsychidae,L,BL,1,9.5,,,,,,,,,,,,,,
CV,10/3/25,GS,,C20824_SURB2,C2,8/-/2024,4/3/25,16,Trichoptera,Lepidostomatidae,L,BL,3,3.3,3.7,3.5,,,,,,,,,,,,
CV,10/3/25,GS,,C20824_SURB2,C2,8/-/2024,4/3/25,16,Diptera,Chironomidae,L,BL,13,6.2,8.2,6,8.5,4.2,8.5,3.5,5.4,3.5,3,,,,,
CV,10/3/25,GS,,C20824_SURB2,C2,8/-/2024,4/3/25,16,Diptera,Simuliidae,L,BL,45,2.7,3.5,2.4,5.1,3.1,3,5,3,2.5,3,,,,,
CV,10/3/25,GS,,C20824_SURB2,C2,8/-/2024,4/3/25,16,Coleoptera,Elmidae,A,BL,2,2.5,2.7,,,,,,,,,,,,,
CV,10/3/25,GS,,C20824_SURB2,C2,8/-/2024,4/3/25,16,Coleoptera,Elmidae,L,BL,1,3.5,,,,,,,,,,,,,,
CV,10/3/25,GS,,C20824_SURB2,C2,8/-/2024,4/3/25,16,Hymenoptera,Formidae,A,BL,1,4.5,,,,,,,,,,,,,,
CV,10/3/25,GS,,C20824_SURB3,C2,8/-/2024,3/28/25,no data,Ephemeroptera,Ephemerellidae,L,BL,4,1.5,1.8,4.4,2,,,,,,,,218,TOTAL,,
CV,10/3/25,GS,,C20824_SURB3,C2,8/-/2024,3/28/25,no data,Ephemeroptera,Heptageniidae,L,BL,5,2.7,2.5,3.8,2.9,2.5,,,,,,,,,,
CV,10/3/25,GS,,C20824_SURB3,C2,8/-/2024,3/28/25,no data,Ephemeroptera,Baetidae,L,BL,22,2.5,1.6,4,3.7,4.5,2.7,2.5,2,2.5,3.6,,,,,
CV,10/3/25,GS,,C20824_SURB3,C2,8/-/2024,3/28/25,no data,Trichoptera,Brachycentridae,L,BL,3,2.3,2,2.5,,,,,,,,,,,,
CV,10/3/25,GS,,C20824_SURB3,C2,8/-/2024,3/28/25,no data,Trichoptera,Glossosomatidae,L,BL,3,3.1,2,2.3,,,,,,,,,,,,
CV,10/3/25,GS,,C20824_SURB3,C2,8/-/2024,3/28/25,no data,Diptera,Chironomidae,L,BL,10,9.8,7.8,2.2,2.1,2.3,4,5.1,6.2,8.6,2.7,,,,,
CV,10/3/25,GS,,C20824_SURB3,C2,8/-/2024,3/28/25,no data,Diptera,Simuliidae,L,BL,168,5.5,1.9,4.9,5.5,5.8,2.7,6.8,3.9,7,2.7,,,,,
CV,10/3/25,GS,,C20824_SURB3,C2,8/-/2024,3/28/25,no data,Diptera,Chironomidae,P,BL,1,2.8,,,,,,,,,,,,,,
CV,10/3/25,GS,,C20824_SURB3,C2,8/-/2024,3/28/25,no data,Coleoptera,Elmidae,L,BL,2,4.3,3.3,,,,,,,,,,,,,
CV,10/3/25,GS,,C20824_SURB4,C2,8/-/2024,4/4/25,15,Plecoptera,Perlodidae,L,BL,1,3.2,,,,,,,,,,,211,TOTAL,,
CV,10/3/25,GS,,C20824_SURB4,C2,8/-/2024,4/4/25,15,Ephemeroptera,Ephemerellidae,L,BL,18,6.1,5.9,10.7,10.5,11.5,12,12.5,11.4,12,10.5,,,,,
CV,10/3/25,GS,,C20824_SURB4,C2,8/-/2024,4/4/25,15,Ephemeroptera,Heptageniidae,L,BL,17,3,4.2,2.5,7,3.5,2.9,3.2,2.9,1.5,2.5,,,,,
CV,10/3/25,GS,,C20824_SURB4,C2,8/-/2024,4/4/25,15,Ephemeroptera,Baetidae,L,BL,37,3.7,3,2.7,3.2,4,3.9,4.5,5.5,3.5,4,,,,,
CV,10/3/25,GS,,C20824_SURB4,C2,8/-/2024,4/4/25,15,Ephemeroptera,Leptophlebidae,L,BL,8,3,5.8,3,2,2.1,3.2,6.5,4.7,,,,,,,
CV,10/3/25,GS,,C20824_SURB4,C2,8/-/2024,4/4/25,15,Trichoptera,Brachycentridae,L,BL,3,10.5,2.3,2.7,,,,,,,,,,,,
CV,10/3/25,GS,,C20824_SURB4,C2,8/-/2024,4/4/25,15,Trichoptera,Glossosomatidae,L,BL,3,2.3,4.3,6,,,,,,,,,,,,
CV,10/3/25,GS,,C20824_SURB4,C2,8/-/2024,4/4/25,15,Trichoptera,Lepidostomatidae,L,BL,4,6,4.2,2.7,2.5,,,,,,,,,,,
CV,10/3/25,GS,,C20824_SURB4,C2,8/-/2024,4/4/25,15,Diptera,Chironomidae,L,BL,107,8.4,8,6.8,6,4.5,9.5,7.6,5,8.5,3.6,,,,,
CV,10/3/25,GS,,C20824_SURB4,C2,8/-/2024,4/4/25,15,Diptera,Simuliidae,L,BL,7,3.1,3.5,5,3,2.5,3.9,2.1,,,,,,,,
CV,10/3/25,GS,,C20824_SURB4,C2,8/-/2024,4/4/25,15,Diptera,Athericidae,L,BL,2,6.5,8.2,,,,,,,,,,,,,
CV,10/3/25,GS,,C20824_SURB4,C2,8/-/2024,4/4/25,15,Coleoptera,Elmidae,L,BL,2,4.1,3.5,,,,,,,,,,,,,
CV,10/3/25,GS,,C20824_SURB4,C2,8/-/2024,4/4/25,15,Coleoptera,Elmidae,A,BL,2,3,2.9,,,,,,,,,,,,,
CV,10/3/25,GS,,C20824_SURB5,C2,8/-/2024,4/15/25,5,Plecoptera,Perlidae,L,BL,1,4.3,,,,,,,,,,,253,TOTAL,,
CV,10/3/25,GS,,C20824_SURB5,C2,8/-/2024,4/15/25,5,Ephemeroptera,Ephemerellidae,L,BL,4,5.8,5.5,5.3,11.2,,,,,,,,,,,
CV,10/3/25,GS,,C20824_SURB5,C2,8/-/2024,4/15/25,5,Ephemeroptera,Heptageniidae,L,BL,13,4.1,3.8,8.7,2.8,6.7,7.9,3.8,3.7,4,3,,,,,
CV,10/3/25,GS,,C20824_SURB5,C2,8/-/2024,4/15/25,5,Ephemeroptera,Baetidae,L,BL,27,3.5,6,5.8,4,2.1,4.8,3.6,2.5,2.4,3.1,,,,,
CV,10/3/25,GS,,C20824_SURB5,C2,8/-/2024,4/15/25,5,Trichoptera,Brachycentridae,L,BL,8,10.7,2.4,10.5,2.3,2.4,2.4,2.1,2.2,,,,,,,
CV,10/3/25,GS,,C20824_SURB5,C2,8/-/2024,4/15/25,5,Trichoptera,Brachycentridae,A,BL,1,5.5,,,,,,,,,,,,,,
CV,10/3/25,GS,,C20824_SURB5,C2,8/-/2024,4/15/25,5,Trichoptera,Glossosomatidae,L,BL,4,3.4,1.5,2.1,6,,,,,,,,,,,
CV,10/3/25,GS,,C20824_SURB5,C2,8/-/2024,4/15/25,5,Trichoptera,Lepidostomatidae,L,BL,12,3.9,3.4,3,3.1,3.4,3,2.4,2.4,3.2,2.1,,,,,
CV,10/3/25,GS,,C20824_SURB5,C2,8/-/2024,4/15/25,5,Diptera,Chironomidae,L,BL,25,8.9,8.3,5.5,4.8,7.5,7.5,7,9.2,7.2,6.5,,,,,
CV,10/3/25,GS,,C20824_SURB5,C2,8/-/2024,4/15/25,5,Diptera,Simuliidae,L,BL,154,5,3.4,4,3.5,4.2,6.4,4.7,6,5.5,2.7,,,,,
CV,10/3/25,GS,,C20824_SURB5,C2,8/-/2024,4/15/25,5,Coleoptera,Elmidae,L,BL,2,4.5,4.6,,,,,,,,,,,,,
CV,10/3/25,GS,,C20824_SURB5,C2,8/-/2024,4/15/25,5,Coleoptera,Elmidae,A,BL,1,3,,,,,,,,,,,,,,
CV,10/3/25,GS,,C20824_SURB5,C2,8/-/2024,4/15/25,5,Coleoptera,rare,L,BL,1,12,,,,,,,,,,,,,,
CV,10/3/25,Grace,,T10824_SURB1,T1,7/-/2024,5/2/25,6,Plecoptera,Perlidae,L,BL,1,20,,,,,,,,,,,231,TOTAL,,
CV,2/17/26,Grace,,T10824_SURB1,T1,7/-/2024,5/2/25,6,Ephemeroptera,Heptageniidae,L,BL,10,5.5,4.2,7.5,4.3,4.5,2.5,5.3,2.7,3.5,5.5,,,,,
CV,2/17/26,Grace,,T10824_SURB1,T1,7/-/2024,5/2/25,6,Ephemeroptera,Baetidae,L,BL,33,5.2,3.2,2.8,3.5,3.5,5.7,4.5,1.3,4.7,5.5,,,,,
CV,2/17/26,Grace,,T10824_SURB1,T1,7/-/2024,5/2/25,6,Trichoptera,Brachycentridae,L,BL,2,2.1,9.7,,,,,,,,,,,,,
CV,2/17/26,Grace,,T10824_SURB1,T1,7/-/2024,5/2/25,6,Trichoptera,Glossosomatidae,L,BL,11,4.3,5.2,8.5,5.6,9.5,6,5.6,6.4,7.5,8,,,,,
CV,2/17/26,Grace,,T10824_SURB1,T1,7/-/2024,5/2/25,6,Trichoptera,Hydropsychidae,L,BL,1,12.2,,,,,,,,,,,,,,
CV,2/17/26,Grace,,T10824_SURB1,T1,7/-/2024,5/2/25,6,Trichoptera,Rhyacophilidae,L,BL,3,10.7,5.5,12.5,,,,,,,,,,,,
CV,2/17/26,Grace,,T10824_SURB1,T1,7/-/2024,5/2/25,6,Trichoptera,Lepidostomatidae,L,BL,5,2,2.5,1.5,2,2.1,,,,,,,,,,
CV,2/17/26,Grace,,T10824_SURB1,T1,7/-/2024,5/2/25,6,Diptera,Chironomidae,L,BL,6,5.4,3.2,7.2,2.5,1.9,5.3,,,,,,,,,
CV,2/17/26,Grace,,T10824_SURB1,T1,7/-/2024,5/2/25,6,Diptera,Simuliidae,L,BL,146,2.7,3,3.4,3.5,6.4,6.3,5.5,3.9,6.3,3.9,,,,,
CV,2/17/26,Grace,,T10824_SURB1,T1,7/-/2024,5/2/25,6,Coleoptera,Elmidae,L,BL,5,3.5,4,3.9,4,3.8,,,,,,,,,,
CV,2/17/26,Grace,,T10824_SURB1,T1,7/-/2024,5/2/25,6,Coleoptera,Elmidae,A,BL,4,3.2,3.1,2.5,3,,,,,,,,,,,
CV,2/17/26,Grace,,T10824_SURB1,T1,7/-/2024,5/2/25,6,Coleoptera,Elmidae,A,HW,1,0.4,,,,,,,,,,,,,,
CV,2/17/26,Grace,,T10824_SURB1,T1,7/-/2024,5/2/25,6,Diptera,Simuliidae,A,BL,2,3.5,2,,,,,,,,,,,,,
CV,2/17/26,Grace,,T10824_SURB1,T1,7/-/2024,5/2/25,6,Hemiptera,Aphididae,L,BL,1,4.4,,,,,,,,,,,,,,
CV,2/17/26,AW,,T10824_SURB2,T1,7/30/24,5/8/24,16,Plecoptera,Perlidae,L,BL,1,25,,,,,,,,,,,214,TOTAL,,
CV,2/17/26,AW,,T10824_SURB2,T1,7/30/24,5/8/24,16,Ephemeroptera,Ephemerellidae,L,BL,5,12,11.5,10.7,10.9,5.5,,,,,,,,,,
CV,2/17/26,AW,,T10824_SURB2,T1,7/30/24,5/8/24,16,Ephemeroptera,Heptageniidae,L,BL,9,2.9,5.8,6.9,6,4.9,1.9,6.3,6.9,1.7,,,,,,
CV,2/17/26,AW,,T10824_SURB2,T1,7/30/24,5/8/24,16,Ephemeroptera,Baetidae,L,BL,70,2.5,1.5,1.9,2,3.4,2.2,1.9,2,2.5,1.3,,,,,
CV,2/17/26,AW,,T10824_SURB2,T1,7/30/24,5/8/24,16,Ephemeroptera,Leptophlebidae,L,BL,1,2.9,,,,,,,,,,,,,,
CV,2/17/26,AW,,T10824_SURB2,T1,7/30/24,5/8/24,16,Trichoptera,Brachycentridae,L,BL,6,6.5,2.1,11.1,7.8,10.4,1.8,,,,,,,,,
CV,2/17/26,AW,,T10824_SURB2,T1,7/30/24,5/8/24,16,Trichoptera,Glossosomatidae,L,BL,16,4.5,4.2,1.6,4.5,2,3,4.4,10,4.5,4.2,,,,,
CV,2/17/26,AW,,T10824_SURB2,T1,7/30/24,5/8/24,16,Trichoptera,Hydropsychidae,L,BL,2,15,19.1,,,,,,,,,,,,,
CV,2/17/26,AW,,T10824_SURB2,T1,7/30/24,5/8/24,16,Trichoptera,Rhyacophilidae,L,BL,3,9.7,6.6,7.5,,,,,,,,,,,,
CV,2/17/26,AW,,T10824_SURB2,T1,7/30/24,5/8/24,16,Trichoptera,Lepidostomatidae,L,BL,40,3.6,2.6,3.8,2.4,2.4,3.4,2.5,2.6,2.9,2.5,,,,,
CV,2/17/26,AW,,T10824_SURB2,T1,7/30/24,5/8/24,16,Diptera,Chironomidae,L,BL,17,3,8.5,6.5,6.5,7.4,5.2,2.5,3.2,2,6.5,,,,,
CV,2/17/26,AW,,T10824_SURB2,T1,7/30/24,5/8/24,16,Diptera,Simuliidae,L,BL,10,2.4,3.1,1.6,2.3,3.1,3,2.1,2,2.5,2.5,,,,,
CV,2/17/26,AW,,T10824_SURB2,T1,7/30/24,5/8/24,16,Coleoptera,Elmidae,L,BL,22,4.2,2.9,3.2,2.8,2.1,4.4,3.6,4.5,3.7,3.8,,,,,
CV,2/17/26,AW,,T10824_SURB2,T1,7/30/24,5/8/24,16,Coleoptera,Elmidae,A,BL,10,2.9,2.5,2.9,2.8,2.7,,,,,,,,,,
CV,2/17/26,AW,,T10824_SURB2,T1,7/30/24,5/8/24,16,Trombidiformes,Hydrachnidae,A,BL,1,1,,,,,,,,,,,,,,
CV,2/17/26,AW,,T10824_SURB2,T1,7/30/24,5/8/24,16,Diptera,Blephariceridae,L,BL,1,3,,,,,,,,,,,,,,
CV,2/17/26,Alex,,T10824_SURB3,T1,7/30/24,5/15/25,16,Plecoptera,Perlidae,L,BL,2,3.4,3.5,,,,,,,,,,169,TOTAL,,
CV,2/17/26,Alex,,T10824_SURB3,T1,7/30/24,5/15/25,16,Ephemeroptera,Ephemerellidae,L,BL,5,10.5,10.4,13.4,10.3,12.4,,,,,,,,,,
CV,2/17/26,Alex,,T10824_SURB3,T1,7/30/24,5/15/25,16,Ephemeroptera,Heptageniidae,L,BL,9,2.6,7.3,3.3,4.2,2.5,4.7,3.3,7.8,7.4,,,,,,
CV,2/17/26,Alex,,T10824_SURB3,T1,7/30/24,5/15/25,16,Ephemeroptera,Baetidae,L,BL,26,3,3.5,4.8,1.9,6.6,2.1,3.2,1.4,2.8,2.5,,,,,
CV,2/17/26,Alex,,T10824_SURB3,T1,7/30/24,5/15/25,16,Trichoptera,Brachycentridae,L,BL,2,10,7.4,,,,,,,,,,,,,
CV,2/17/26,Alex,,T10824_SURB3,T1,7/30/24,5/15/25,16,Trichoptera,Glossosomatidae,L,BL,24,3.3,4.2,5.2,4,4.5,4,4.7,2.3,2.4,4.5,,,,,
CV,2/17/26,Alex,,T10824_SURB3,T1,7/30/24,5/15/25,16,Trichoptera,Hydropsychidae,L,BL,2,8.3,15.2,,,,,,,,,,,,,
CV,2/17/26,Alex,,T10824_SURB3,T1,7/30/24,5/15/25,16,Trichoptera,Lepidostomatidae,L,BL,15,4.5,4.5,2.5,2.3,1.5,3.5,3.5,3,3.6,3,,,,,
CV,2/17/26,Alex,,T10824_SURB3,T1,7/30/24,5/15/25,16,Diptera,Chironomidae,L,BL,16,6.3,5.2,8.5,7.6,6.5,5.1,2.1,2.8,5,3.2,,,,,
CV,2/17/26,Alex,,T10824_SURB3,T1,7/30/24,5/15/25,16,Diptera,Simuliidae,L,BL,60,5.1,3.4,4.3,3,3.7,5.7,6.2,5,4.4,4.7,,,,,
CV,2/17/26,Alex,,T10824_SURB3,T1,7/30/24,5/15/25,16,Diptera,Athericidae,L,BL,1,7.8,,,,,,,,,,,,,,
CV,2/17/26,Alex,,T10824_SURB3,T1,7/30/24,5/15/25,16,Coleoptera,Elmidae,L,BL,5,3.1,2.5,3.5,4,3.6,,,,,,,,,,
CV,2/17/26,Alex,,T10824_SURB3,T1,7/30/24,5/15/25,16,Coleoptera,Elmidae,A,BL,2,3,2.8,,,,,,,,,,,,,
CV,2/17/26,HA,,T10824_SURB4,T1,7/30/24,6/3/25,no data,Ephemeroptera,Ephemerellidae,L,BL,8,4.9,5.5,4.3,5.4,3.8,5.2,4.9,2.5,,,,221,TOTAL,,
CV,2/17/26,HA,,T10824_SURB4,T1,7/30/24,6/3/25,no data,Ephemeroptera,Heptageniidae,L,BL,12,5.4,5.7,5.6,2.9,7,7.9,5.8,3.3,2.7,3.5,,,,,
CV,2/17/26,HA,,T10824_SURB4,T1,7/30/24,6/3/25,no data,Ephemeroptera,Baetidae,L,BL,29,4.5,2.5,2.5,3.2,4.8,2.7,3.6,2.8,3.1,3.2,,,,,
CV,2/17/26,HA,,T10824_SURB4,T1,7/30/24,6/3/25,no data,Trichoptera,Brachycentridae,L,BL,10,9.1,4.8,10.3,7.2,11.1,11.3,10.8,8.9,,,,some brachys in transition to adult so were hard to take out in one piece,,,
CV,2/17/26,HA,,T10824_SURB4,T1,7/30/24,6/3/25,no data,Trichoptera,Glossosomatidae,L,BL,1,4.5,,,,,,,,,,,,,,
CV,2/17/26,HA,,T10824_SURB4,T1,7/30/24,6/3/25,no data,Trichoptera,Hydropsychidae,L,BL,2,6.7,13.5,,,,,,,,,,,,,
CV,2/17/26,HA,,T10824_SURB4,T1,7/30/24,6/3/25,no data,Trichoptera,Rhyacophilidae,L,BL,12,10.5,1.8,5.2,3.1,1.5,4.3,2.7,1.8,2,1.9,,,,,
CV,2/17/26,HA,,T10824_SURB4,T1,7/30/24,6/3/25,no data,Trichoptera,Lepidostomatidae,L,BL,25,2.1,2.2,2.4,2.4,2.3,2.6,3.6,3,2.6,2.6,,,,,
CV,2/17/26,HA,,T10824_SURB4,T1,7/30/24,6/3/25,no data,Coleoptera,Elmidae,L,BL,11,3.3,5.5,4.3,4.6,2.7,4.2,4,5.3,4.4,2.4,,,,,
CV,2/17/26,HA,,T10824_SURB4,T1,7/30/24,6/3/25,no data,Diptera,Chironomidae,L,BL,13,8.8,3.9,2.8,3.7,4.3,7.2,6.8,6.2,8.3,6.9,,,,,
CV,2/17/26,HA,,T10824_SURB4,T1,7/30/24,6/3/25,no data,Diptera,Simuliidae,L,BL,88,3.4,3.1,3,5.5,3.2,3.3,6.3,3.7,3.1,3.7,,,,,
CV,2/17/26,HA,,T10824_SURB4,T1,7/30/24,6/3/25,no data,Coleoptera,Elmidae,L,BL,7,3.2,3,3.2,3.1,2.8,3.3,3.1,,,,,,,,
CV,2/17/26,HA,,T10824_SURB4,T1,7/30/24,6/3/25,no data,Trichoptera,Glossosomatidae,A,BL,2,6,6,,,,,,,,,,,,,
CV,2/17/26,HA,,T10824_SURB4,T1,7/30/24,6/3/25,no data,Diptera,Chironomidae,A,BL,1,1.7,,,,,,,,,,,,,,
CV,2/17/26,HA,,T10824_SURB5,T1,7/30/24,6/3/25,10,Plecoptera,Perlidae,L,BL,1,24,,,,,,,,,,,243,TOTAL,,
CV,2/17/26,HA,,T10824_SURB5,T1,7/30/24,6/3/25,10,Ephemeroptera,Ephemerellidae,L,BL,18,12.2,6.4,4.2,4.7,4.5,4.2,4.9,4.1,3.7,5.2,,,,,
CV,2/17/26,HA,,T10824_SURB5,T1,7/30/24,6/3/25,10,Ephemeroptera,Heptageniidae,L,BL,25,5.9,3.7,4.7,4.3,7.1,3.8,4.9,3.5,6.5,7.1,,,,,
CV,2/17/26,HA,,T10824_SURB5,T1,7/30/24,6/3/25,10,Ephemeroptera,Baetidae,L,BL,33,3.7,2.8,4.5,4.6,3.4,3.1,5.4,2.8,3.8,2.6,,,,,
CV,2/17/26,HA,,T10824_SURB5,T1,7/30/24,6/3/25,10,Trichoptera,Brachycentridae,L,BL,12,9,10.5,9.4,10.9,5.4,2,11.4,7.7,-,-,,,,,
CV,2/17/26,HA,,T10824_SURB5,T1,7/30/24,6/3/25,10,Trichoptera,Glossosomatidae,L,BL,28,6,5.2,5.4,5.8,5.5,5.9,4.9,5.6,5.7,5.6,,,,,
CV,2/17/26,HA,,T10824_SURB5,T1,7/30/24,6/3/25,10,Trichoptera,Hydropsychidae,L,BL,2,8.3,7.4,,,,,,,,,,,,,
CV,2/17/26,HA,,T10824_SURB5,T1,7/30/24,6/3/25,10,Trichoptera,Rhyacophilidae,L,BL,2,9.3,9.1,,,,,,,,,,,,,
CV,2/17/26,HA,,T10824_SURB5,T1,7/30/24,6/3/25,10,Trichoptera,Lepidostomatidae,L,BL,41,2.2,6.8,2.1,2.4,1.7,2.3,4,2.5,2.4,2.7,,,,,
CV,2/17/26,HA,,T10824_SURB5,T1,7/30/24,6/3/25,10,Coleoptera,Elmidae,L,BL,9,3.4,3.3,3.1,3.4,3.1,2.8,3,2.9,2.3,,,,,,
CV,2/17/26,HA,,T10824_SURB5,T1,7/30/24,6/3/25,10,Diptera,Chironomidae,L,BL,22,3.7,3.1,2.4,6.5,7.6,8.6,5.9,5.6,3.7,9.4,,,,,
CV,2/17/26,HA,,T10824_SURB5,T1,7/30/24,6/3/25,10,Diptera,Simuliidae,L,BL,30,4.7,4.1,4.2,4,3.9,3.8,3.3,2.9,5.2,3.4,,,,,
CV,2/17/26,HA,,T10824_SURB5,T1,7/30/24,6/3/25,10,Trichoptera,Brachycentridae,P,BL,2,7,7.8,,,,,,,,,,,,,
CV,2/17/26,HA,,T10824_SURB5,T1,7/30/24,6/3/25,10,Trichoptera,Glossosomatidae,P,BL,8,5.5,4.3,5.5,5,4.5,4.6,4.5,5,,,,,,,
CV,2/17/26,HA,,T10824_SURB5,T1,7/30/24,6/3/25,10,Trichoptera,Lepidostomatidae,P,BL,2,5.9,5.3,,,,,,,,,,,,,
CV,2/17/26,HA,,T10824_SURB5,T1,7/30/24,6/3/25,10,Coleoptera,Elmidae,A,BL,2,2.8,2.9,,,,,,,,,,,,,
CV,2/17/26,HA,,T10824_SURB5,T1,7/30/24,6/3/25,10,Diptera,Simuliidae,A,BL,1,3.4,,,,,,,,,,,,,,
CV,2/17/26,HA,,T10824_SURB5,T1,7/30/24,6/3/25,10,Tricladida,Planariidae,A,BL,4,3.8,5.1,3.4,3.1,,,,,,,,,,,
CV,2/17/26,HA,,T10824_SURB5,T1,7/30/24,6/3/25,10,Diptera,Chironomidae,A,BL,1,1.6,,,,,,,,,,,,,,
CV,2/17/26,GS,,T20824_SURB1,T2,8/-/24,4/18/25,9,Plecoptera,Perlodidae,L,BL,1,3.2,,,,,,,,,,,put perlodidae in perlidae vial,,,
CV,2/17/26,GS,,T20824_SURB1,T2,8/-/24,4/18/25,9,Plecoptera,Perlidae,L,BL,2,36,39,,,,,,,,,,234,TOTAL,,
CV,2/17/26,GS,,T20824_SURB1,T2,8/-/24,4/18/25,9,Ephemeroptera,Ephemerellidae,L,BL,20,13.2,10.3,6.5,10.4,4.5,11.2,10.1,5.4,12.2,11.4,,,,,
CV,2/17/26,GS,,T20824_SURB1,T2,8/-/24,4/18/25,9,Ephemeroptera,Heptageniidae,L,BL,18,4.5,5.2,7.7,3.2,3.1,5,4.5,3.3,7,7.2,,,,,
CV,2/17/26,GS,,T20824_SURB1,T2,8/-/24,4/18/25,9,Ephemeroptera,Baetidae,L,BL,30,4.5,3.8,4.2,4.5,4.5,4.5,2.2,5.8,5.2,5.2,,,,,
CV,2/17/26,GS,,T20824_SURB1,T2,8/-/24,4/18/25,9,Trichoptera,Brachycentridae,L,BL,1,2,,,,,,,,,,,,,,
CV,2/17/26,GS,,T20824_SURB1,T2,8/-/24,4/18/25,9,Trichoptera,Glossosomatidae,L,BL,24,5.8,5.7,5.7,9.1,5.7,5.6,7.1,5.5,5,,,,,,
CV,2/17/26,GS,,T20824_SURB1,T2,8/-/24,4/18/25,9,Trichoptera,Glossosomatidae,L,HW,1,0.5,,,,,,,,,,,,,,
CV,2/17/26,GS,,T20824_SURB1,T2,8/-/24,4/18/25,9,Trichoptera,Hydropsychidae,L,BL,6,11.1,10.2,9.8,11.2,9.6,14.5,,,,,,,,,
CV,2/17/26,GS,,T20824_SURB1,T2,8/-/24,4/18/25,9,Trichoptera,Rhyacophilidae,L,BL,7,6.2,6.5,7.2,5.8,5.4,10.7,6.4,,,,,,,,
CV,2/17/26,GS,,T20824_SURB1,T2,8/-/24,4/18/25,9,Diptera,Chironomidae,L,BL,31,6.9,4.6,9.8,5.7,9.7,7.4,3,8.9,7.9,9.3,,,,,
CV,2/17/26,GS,,T20824_SURB1,T2,8/-/24,4/18/25,9,Diptera,Simuliidae,L,BL,80,6,6.5,5,4.5,6,4.6,4.5,5.8,5,6,,,,,
CV,2/17/26,GS,,T20824_SURB1,T2,8/-/24,4/18/25,9,Trichoptera,Glossosomatidae,A,BL,1,0.9,,,,,,,,,,,,,,
CV,2/17/26,GS,,T20824_SURB1,T2,8/-/24,4/18/25,9,Coleoptera,Elmidae,L,BL,11,5.4,4.1,4.9,5.4,4,4.1,2.9,4.6,4.6,4.5,,,,,
CV,2/17/26,GS,,T20824_SURB1,T2,8/-/24,4/18/25,9,Coleoptera,Elmidae,A,BL,1,3,,,,,,,,,,,,,,
CV,2/17/26,HA,,T20824_SURB2,T2,8/1/24,5/6/25,4,Ephemeroptera,Heptageniidae,L,BL,13,4.3,4.2,3.8,4.6,3.9,2.4,2,5.4,7.1,3.5,,lots of exoskeletons,,,
CV,2/17/26,HA,,T20824_SURB2,T2,8/1/24,5/6/25,4,Ephemeroptera,Baetidae,L,BL,22,4,4.1,3.5,3,3.1,3,3.2,2.5,2.6,3.2,,127,TOTAL,,
CV,2/17/26,HA,,T20824_SURB2,T2,8/1/24,5/6/25,4,Trichoptera,Brachycentridae,L,BL,6,10,7.1,6.9,10,9.4,7.5,,,,,,,,,
CV,2/17/26,HA,,T20824_SURB2,T2,8/1/24,5/6/25,4,Trichoptera,Glossosomatidae,L,BL,13,4.3,5.8,4.9,4.3,4.3,5.6,4.9,4.5,4.5,4.2,,,,,
CV,2/17/26,HA,,T20824_SURB2,T2,8/1/24,5/6/25,4,Trichoptera,Hydropsychidae,L,BL,4,10,13.5,16.3,10,,,,,,,,,,,
CV,2/17/26,HA,,T20824_SURB2,T2,8/1/24,5/6/25,4,Trichoptera,Lepidostomatidae,L,BL,7,2,2.1,2,1.2,2.9,2.5,4,,,,,,,,
CV,2/17/26,HA,,T20824_SURB2,T2,8/1/24,5/6/25,4,Diptera,Chironomidae,L,BL,8,5,4.3,7,2.2,3,3.4,3.2,4.3,,,,,,,
CV,2/17/26,HA,,T20824_SURB2,T2,8/1/24,5/6/25,4,Diptera,Chironomidae,P,BL,1,3.4,,,,,,,,,,,,,,
CV,2/17/26,HA,,T20824_SURB2,T2,8/1/24,5/6/25,4,Diptera,Simuliidae,L,BL,39,4,6.1,4.9,4.4,2.9,5.6,3.1,3.6,3.5,4,,,,,
CV,2/17/26,HA,,T20824_SURB2,T2,8/1/24,5/6/25,4,Diptera,Athericidae,L,BL,1,9,,,,,,,,,,,,,,
CV,2/17/26,HA,,T20824_SURB2,T2,8/1/24,5/6/25,4,Gastropoda,n/a,A,BL,1,4.7,,,,,,,,,,,,,,
CV,2/17/26,HA,,T20824_SURB2,T2,8/1/24,5/6/25,4,Coleoptera,Elmidae,L,BL,12,2.4,4,2.2,3,3.7,3.4,3,3.7,3.7,2.2,,,,,
CV,2/17/26,Alex,,T20824_SURB3,T2,8/-/24,5/8/25,3,Ephemeroptera,Ephemerellidae,L,BL,3,14.5,14.4,12.3,,,,,,,,,231,TOTAL,,
CV,2/17/26,Alex,,T20824_SURB3,T2,8/-/24,5/8/25,3,Ephemeroptera,Heptageniidae,L,BL,6,4.6,6.5,8.1,4.2,6.4,3.8,,,,,,,,,
CV,2/17/26,Alex,,T20824_SURB3,T2,8/-/24,5/8/25,3,Ephemeroptera,Baetidae,L,BL,2,4.2,2.5,,,,,,,,,,,,,
CV,2/17/26,Alex,,T20824_SURB3,T2,8/-/24,5/8/25,3,Ephemeroptera,Baetidae,P,BL,1,6.2,,,,,,,,,,,,,,
CV,2/17/26,Alex,,T20824_SURB3,T2,8/-/24,5/8/25,3,Trichoptera,Glossosomatidae,L,BL,4,3.9,5.2,6.4,5.4,,,,,,,,,,,
CV,2/17/26,Alex,,T20824_SURB3,T2,8/-/24,5/8/25,3,Trichoptera,Hydropsychidae,L,BL,2,10.9,11.3,,,,,,,,,,,,,
CV,2/17/26,Alex,,T20824_SURB3,T2,8/-/24,5/8/25,3,Trichoptera,Lepidostomatidae,L,BL,4,6.3,1.9,2.5,3.4,,,,,,,,,,,
CV,2/17/26,Alex,,T20824_SURB3,T2,8/-/24,5/8/25,3,Diptera,Chironomidae,L,BL,13,7,8.5,6.2,3.5,2,6.5,4,3.8,3,3.3,,,,,
CV,2/17/26,Alex,,T20824_SURB3,T2,8/-/24,5/8/25,3,Diptera,Simuliidae,L,BL,190,6.5,5.9,6.6,6.6,5.5,5.4,5.1,5.2,5.8,6.3,,,,,
CV,2/17/26,Alex,,T20824_SURB3,T2,8/-/24,5/8/25,3,Coleoptera,Elmidae,L,BL,6,4.2,2.7,4,4.1,4.1,4.2,,,,,,,,,
CV,2/17/26,HA,,T20824_SURB4,T2,8/1/24,5/8/25,no data,Ephemeroptera,Ephemerellidae,L,BL,4,10.8,6.2,4.1,12.1,,,,,,,,263,TOTAL,,
CV,2/17/26,HA,,T20824_SURB4,T2,8/1/24,5/8/25,no data,Ephemeroptera,Heptageniidae,L,BL,20,4.4,7.9,3.1,3.7,3.4,3,2.1,2.9,2.6,2,,,,,
CV,2/17/26,HA,,T20824_SURB4,T2,8/1/24,5/8/25,no data,Ephemeroptera,Baetidae,L,BL,15,3.7,1,1.5,2.7,3.9,2.5,3.5,2.7,2.5,2.7,,,,,
CV,2/17/26,HA,,T20824_SURB4,T2,8/1/24,5/8/25,no data,Ephemeroptera,Leptophlebidae,L,BL,1,4.3,,,,,,,,,,,,,,
CV,2/17/26,HA,,T20824_SURB4,T2,8/1/24,5/8/25,no data,Trichoptera,Brachycentridae,L,BL,4,8.7,9.7,8,6.1,,,,,,,,,,,
CV,2/17/26,HA,,T20824_SURB4,T2,8/1/24,5/8/25,no data,Trichoptera,Glossosomatidae,L,BL,4,5.5,6.2,8.7,10.2,,,,,,,,,,,
CV,2/17/26,HA,,T20824_SURB4,T2,8/1/24,5/8/25,no data,Trichoptera,Glossosomatidae,L,HW,1,0.5,,,,,,,,,,,,,,
CV,2/17/26,HA,,T20824_SURB4,T2,8/1/24,5/8/25,no data,Trichoptera,Hydropsychidae,L,BL,2,10.9,14.2,,,,,,,,,,,,,
CV,2/17/26,HA,,T20824_SURB4,T2,8/1/24,5/8/25,no data,Trichoptera,Rhyacophilidae,L,BL,4,4.2,9.2,12.3,12.5,,,,,,,,,,,
CV,2/17/26,HA,,T20824_SURB4,T2,8/1/24,5/8/25,no data,Trichoptera,Lepidostomatidae,L,BL,5,3.1,3.5,3,2.8,2.1,,,,,,,,,,
CV,2/17/26,HA,,T20824_SURB4,T2,8/1/24,5/8/25,no data,Diptera,Chironomidae,L,BL,18,6.2,6.1,7.4,6.1,3.5,4.2,2.1,1.9,1.9,1.5,,,,,
CV,2/17/26,HA,,T20824_SURB4,T2,8/1/24,5/8/25,no data,Diptera,Simuliidae,L,BL,173,3.2,4,5.2,5.3,5.5,4.7,5.5,5.9,5.2,3.7,,,,,
CV,2/17/26,HA,,T20824_SURB4,T2,8/1/24,5/8/25,no data,Coleoptera,Elmidae,L,BL,12,3.7,3.4,3.7,2.8,4,2.8,3.2,3.5,2.1,2.5,,,,,
CV,2/17/26,AW,,T20824_SURB5,T2,8/1/24,5/8/25,4,Ephemeroptera,Ephemerellidae,L,BL,5,10.6,11.3,11.9,11.2,12,,,,,,,,,,
CV,2/17/26,AW,,T20824_SURB5,T2,8/1/24,5/8/25,4,Ephemeroptera,Heptageniidae,L,BL,10,9.1,7.4,2.7,4.4,6.2,3.2,3.9,6.7,3.5,2.7,,,,,
CV,2/17/26,AW,,T20824_SURB5,T2,8/1/24,5/8/25,4,Ephemeroptera,Baetidae,L,BL,12,5.2,4.1,3.6,5.4,5.8,5.2,6.5,5.7,3.7,3.9,,,,,
CV,2/17/26,AW,,T20824_SURB5,T2,8/1/24,5/8/25,4,Trichoptera,Brachycentridae,L,BL,3,10.7,2.2,1.8,,,,,,,,,,,,
CV,2/17/26,AW,,T20824_SURB5,T2,8/1/24,5/8/25,4,Trichoptera,Glossosomatidae,L,BL,3,8.3,6.2,2.3,,,,,,,,,,,,
CV,2/17/26,AW,,T20824_SURB5,T2,8/1/24,5/8/25,4,Trichoptera,Glossosomatidae,P,BL,1,6.3,,,,,,,,,,,,,,
CV,2/17/26,AW,,T20824_SURB5,T2,8/1/24,5/8/25,4,Trichoptera,Hydropsychidae,L,BL,1,9.6,,,,,,,,,,,,,,
CV,2/17/26,AW,,T20824_SURB5,T2,8/1/24,5/8/25,4,Diptera,Chironomidae,L,BL,5,5,5.7,2.6,7.7,10,,,,,,,,,,
CV,2/17/26,AW,,T20824_SURB5,T2,8/1/24,5/8/25,4,Diptera,Simuliidae,L,BL,189,4.9,3.5,4.3,5.7,3.9,4.9,3.8,4.8,6.6,6.5,,,,,
CV,2/17/26,HA/AW,,T30824_SURB1,T3,7/29/24,6/5/25,16,Ephemeroptera,Ephemerellidae,L,BL,9,3.9,4.2,4,3.7,5.1,5.2,3.8,4.2,4,,,133 TOTAL,,,
CV,2/17/26,HA/AW,,T30824_SURB1,T3,7/29/24,6/5/25,16,Ephemeroptera,Baetidae,L,BL,23,2.9,2.5,3,2,3,2.7,3,2.1,2.5,2.7,,,,,
CV,2/17/26,HA/AW,,T30824_SURB1,T3,7/29/24,6/5/25,16,Trichoptera,Brachycentridae,L,BL,1,8,,,,,,,,,,,,,,
CV,2/17/26,HA/AW,,T30824_SURB1,T3,7/29/24,6/5/25,16,Trichoptera,Glossosomatidae,L,BL,24,5.8,3,5.9,5.8,4.9,3.8,3.2,5.5,6.2,4.2,,,,,
CV,2/17/26,HA/AW,,T30824_SURB1,T3,7/29/24,6/5/25,16,Trichoptera,Hydropsychidae,L,BL,3,10,6.5,9.1,,,,,,,,,,,,
CV,2/17/26,HA/AW,,T30824_SURB1,T3,7/29/24,6/5/25,16,Trichoptera,Lepidostomatidae,L,BL,8,1.1,1.8,2,2.4,2.3,2.5,2.6,2.7,,,,,,,
CV,2/17/26,HA/AW,,T30824_SURB1,T3,7/29/24,6/5/25,16,Diptera,Chironomidae,L,BL,30,8,5.2,6.5,3.9,3.1,9.2,4.5,3.2,3.3,2.3,,,,,
CV,2/17/26,HA/AW,,T30824_SURB1,T3,7/29/24,6/5/25,16,Diptera,Simuliidae,L,BL,1,3.1,,,,,,,,,,,,,,
CV,2/17/26,HA/AW,,T30824_SURB1,T3,7/29/24,6/5/25,16,Diptera,Tipulidae,L,BL,1,7.1,,,,,,,,,,,,,,
CV,2/17/26,HA/AW,,T30824_SURB1,T3,7/29/24,6/5/25,16,Coleoptera,Elmidae,L,BL,33,1.2,3.2,3.3,2,2.8,3.5,3,1.5,3,2.8,,,,,
CV,2/17/26,HA/AW,,T30824_SURB2,T3,7/29/24,7/10/25,16,Plecoptera,Perlidae,L,BL,1,20.8,,,,,,,,,,,134 TOTAL,,,
CV,2/17/26,HA/AW,,T30824_SURB2,T3,7/29/24,7/10/25,16,Ephemeroptera,Ephemerellidae,L,BL,11,10.9,5.9,4.9,6.2,4.3,4.2,5.1,4.2,3.4,4.9,,,,,
CV,2/17/26,HA/AW,,T30824_SURB2,T3,7/29/24,7/10/25,16,Ephemeroptera,Heptageniidae,L,BL,6,2.5,2.8,2,1.5,1.4,2.6,,,,,,,,,
CV,2/17/26,HA/AW,,T30824_SURB2,T3,7/29/24,7/10/25,16,Ephemeroptera,Baetidae,L,BL,34,2.1,2.9,1.8,3.1,3.4,3.3,4.2,2,2.2,2,,,,,
CV,2/17/26,HA/AW,,T30824_SURB2,T3,7/29/24,7/10/25,16,Trichoptera,Glossosomatidae,L,BL,28,5.2,5.9,4.1,4.2,3.8,5.6,4.4,2.3,4.2,4.3,,,,,
CV,2/17/26,HA/AW,,T30824_SURB2,T3,7/29/24,7/10/25,16,Trichoptera,Lepidostomatidae,L,BL,3,4.8,2.2,2.1,,,,,,,,,,,,
CV,2/17/26,HA/AW,,T30824_SURB2,T3,7/29/24,7/10/25,16,Diptera,Chironomidae,L,BL,19,9,7.2,8,6.5,3.2,4.8,5.4,6.3,7.9,2.6,,,,,
CV,2/17/26,HA/AW,,T30824_SURB2,T3,7/29/24,7/10/25,16,Diptera,Simuliidae,L,BL,4,4.2,3.1,2,2.2,,,,,,,,,,,
CV,2/17/26,HA/AW,,T30824_SURB2,T3,7/29/24,7/10/25,16,Tricladida,Planariidae,A,BL,2,3.9,4.2,,,,,,,,,,,,,
CV,2/17/26,HA/AW,,T30824_SURB2,T3,7/29/24,7/10/25,16,Coleoptera,Elmidae,A,BL,3,3.2,3.1,2.8,,,,,,,,,,,,
CV,2/17/26,HA/AW,,T30824_SURB2,T3,7/29/24,7/10/25,16,Coleoptera,Elmidae,L,BL,23,3,2.1,4.1,3.2,3.2,4.1,4,3,4.8,5.3,,,,,
CV,2/17/26,HA/AW,,T30824_SURB3,T3,7/29/24,7/10/25,16,Ephemeroptera,Ephemerellidae,L,BL,18,4,4.7,6,4.8,4.5,6.1,4.1,4.4,4.4,5,,181 TOTAL,,,
CV,2/19/26,HA/AW,,T30824_SURB3,T3,7/29/24,7/10/25,16,Ephemeroptera,Heptageniidae,L,BL,2,4.7,3.5,,,,,,,,,,,,,
CV,2/19/26,HA/AW,,T30824_SURB3,T3,7/29/24,7/10/25,16,Ephemeroptera,Baetidae,L,BL,58,4.7,2.7,3.6,2.8,3.2,2,2.5,1.7,1.4,1.3,,,,,
CV,2/19/26,HA/AW,,T30824_SURB3,T3,7/29/24,7/10/25,16,Trichoptera,Brachycentridae,L,BL,2,8.4,7.1,,,,,,,,,,,,,
CV,2/19/26,HA/AW,,T30824_SURB3,T3,7/29/24,7/10/25,16,Trichoptera,Glossosomatidae,L,BL,27,5.5,5.2,5.4,4.8,5.3,5.8,5.2,4.7,4.4,4.2,,,,,
CV,2/19/26,HA/AW,,T30824_SURB3,T3,7/29/24,7/10/25,16,Trichoptera,Hydropsychidae,L,BL,1,2.5,,,,,,,,,,,,,,
CV,2/19/26,HA/AW,,T30824_SURB3,T3,7/29/24,7/10/25,16,Trichoptera,Lepidostomatidae,L,BL,3,2.5,2.7,-,,,,,,,,,,,,
CV,2/19/26,HA/AW,,T30824_SURB3,T3,7/29/24,7/10/25,16,Diptera,Chironomidae,L,BL,44,3.4,8.2,3.1,9.1,7.1,6.5,1.9,1.6,9.6,6.2,,,,,
CV,2/19/26,HA/AW,,T30824_SURB3,T3,7/29/24,7/10/25,16,Diptera,Simuliidae,L,BL,4,2.4,3,2.1,2,,,,,,,,,,,
CV,2/19/26,HA/AW,,T30824_SURB3,T3,7/29/24,7/10/25,16,Tricladida,Planariidae,L,BL,2,4.5,2.8,,,,,,,,,,,,,
CV,2/19/26,HA/AW,,T30824_SURB3,T3,7/29/24,7/10/25,16,Coleoptera,Elmidae,L,BL,20,3.7,2.8,3.4,2.8,1.9,2.1,2.7,2.3,2.8,1.6,,,,,
CV,2/19/26,HA/AW,,T30824_SURB4,T3,7/29/24,6/10/25,16,Plecoptera,Perlidae,L,BL,2,4.6,2.8,,,,,,,,,,188 TOTAL,,,
CV,2/19/26,HA/AW,,T30824_SURB4,T3,7/29/24,6/10/25,16,Ephemeroptera,Ephemerellidae,L,BL,8,6.5,5,4.6,7,4.3,6.1,5.4,4.5,,,,,,,
CV,2/19/26,HA/AW,,T30824_SURB4,T3,7/29/24,6/10/25,16,Ephemeroptera,Heptageniidae,L,BL,1,4.1,,,,,,,,,,,,,,
CV,2/19/26,HA/AW,,T30824_SURB4,T3,7/29/24,6/10/25,16,Ephemeroptera,Baetidae,L,BL,43,4.3,3.1,2.7,2.8,4.8,3.2,2.1,1.8,1.9,1.4,,,,,
CV,2/19/26,HA/AW,,T30824_SURB4,T3,7/29/24,6/10/25,16,Trichoptera,Glossosomatidae,L,BL,36,4.5,5.1,4,3.8,4.1,4.4,4.3,4.2,3.1,5,,,,,
CV,2/19/26,HA/AW,,T30824_SURB4,T3,7/29/24,6/10/25,16,Trichoptera,Hydropsychidae,L,BL,2,8.5,7.3,,,,,,,,,,,,,
CV,2/19/26,HA/AW,,T30824_SURB4,T3,7/29/24,6/10/25,16,Trichoptera,Lepidostomatidae,L,BL,1,2.6,,,,,,,,,,,,,,
CV,2/19/26,HA/AW,,T30824_SURB4,T3,7/29/24,6/10/25,16,Diptera,Chironomidae,L,BL,38,3.8,3.3,3.8,7.5,2.5,2.6,2.3,2,7.5,2.8,,,,,
CV,2/19/26,HA/AW,,T30824_SURB4,T3,7/29/24,6/10/25,16,Diptera,Simuliidae,L,BL,6,3.1,3.2,4,0.7,2.3,1.4,,,,,,,,,
CV,2/19/26,HA/AW,,T30824_SURB4,T3,7/29/24,6/10/25,16,Coleoptera,Elmidae,A,BL,1,2.6,,,,,,,,,,,,,,
CV,2/19/26,HA/AW,,T30824_SURB4,T3,7/29/24,6/10/25,16,Tricladida,Planariidae,L,BL,3,4.4,2.5,3.4,,,,,,,,,,,,
CV,2/19/26,HA/AW,,T30824_SURB4,T3,7/29/24,6/10/25,16,Coleoptera,Elmidae,L,BL,44,2.7,1.4,2.5,4,2.1,2.2,1.8,2.4,2.3,2.7,,,,,
CV,2/19/26,HA/AW,,T30824_SURB5,T3,7/29/24,7/18/25,14,Ephemeroptera,Ephemerellidae,L,BL,20,3.8,3.5,5.5,3.5,4.9,5.2,4.3,2.5,2.9,3.6,,,,,
CV,2/19/26,HA/AW,,T30824_SURB5,T3,7/29/24,7/18/25,14,Ephemeroptera,Heptageniidae,L,BL,2,7.3,6,,,,,,,,,,,,,
CV,2/19/26,HA/AW,,T30824_SURB5,T3,7/29/24,7/18/25,14,Ephemeroptera,Baetidae,L,BL,24,2.5,1.8,1.9,2.2,1.8,1.4,3.9,1.2,1.9,3.4,,,,,
CV,2/19/26,HA/AW,,T30824_SURB5,T3,7/29/24,7/18/25,14,Trichoptera,Brachycentridae,L,BL,4,1.8,8.3,7.3,7.6,,,,,,,,,,,
CV,2/19/26,HA/AW,,T30824_SURB5,T3,7/29/24,7/18/25,14,Trichoptera,Glossosomatidae,L,BL,8,4.8,3.3,5.1,4.2,5,4.3,4.4,-,,,,,,,
CV,2/19/26,HA/AW,,T30824_SURB5,T3,7/29/24,7/18/25,14,Trichoptera,Hydropsychidae,L,BL,3,9.3,6.6,9.2,,,,,,,,,,,,
CV,2/19/26,HA/AW,,T30824_SURB5,T3,7/29/24,7/18/25,14,Trichoptera,Lepidostomatidae,L,BL,10,2.1,2.3,1.9,1.8,1.7,2.4,2.8,2.1,2.1,2.3,,,,,
CV,2/19/26,HA/AW,,T30824_SURB5,T3,7/29/24,7/18/25,14,Diptera,Chironomidae,L,BL,19,7.3,2.4,2.1,2.9,5.3,2.4,3,1.8,1.2,3,,,,,
CV,2/19/26,HA/AW,,T30824_SURB5,T3,7/29/24,7/18/25,14,Diptera,Simuliidae,L,BL,129,2.1,2.3,2.4,4.1,4.3,4.2,3.2,5.3,4.1,4.8,,,,,
CV,2/19/26,HA/AW,,T30824_SURB5,T3,7/29/24,7/18/25,14,Tricladida,Planariidae,L,BL,15,3.1,4.2,2.1,4.2,3.5,2.2,3.5,2.9,3.4,3.6,,,,,
CV,2/19/26,HA/AW,,T30824_SURB5,T3,7/29/24,7/18/25,14,Coleoptera,Elmidae,L,BL,24,3.6,2.9,3.4,2.4,2,3.1,3,2.9,2,2.9,,,,,
CV,2/19/26,HA/AW,,T30824_SURB5,T3,7/29/24,7/18/25,14,Coleoptera,Elmidae,A,BL,1,2.3,,,,,,,,,,,,,,
CV,2/19/26,HA,,C1.51024_SURB1,C1.5,10/-/24,6/18/25,16,Ephemeroptera,Heptageniidae,L,BL,2,6.3,5.2,,,,,,,,,,,,,
CV,2/19/26,HA,,C1.51024_SURB1,C1.5,10/-/24,6/18/25,16,Ephemeroptera,Baetidae,L,BL,16,7.4,4.3,2.2,2.5,2.9,3,3.6,2.7,2.6,3.4,,,,,
CV,2/19/26,HA,,C1.51024_SURB1,C1.5,10/-/24,6/18/25,16,Trichoptera,Brachycentridae,L,BL,44,2.5,3.5,7,2,3.3,2.6,1.8,4,3.6,2.8,,,,,
CV,2/19/26,HA,,C1.51024_SURB1,C1.5,10/-/24,6/18/25,16,Trichoptera,Lepidostomatidae,L,BL,5,1.3,5,1.6,4.4,4.7,,,,,,,,,,
CV,2/19/26,HA,,C1.51024_SURB1,C1.5,10/-/24,6/18/25,16,Coleoptera,Elmidae,L,BL,4,5.2,3.2,4,2.6,,,,,,,,,,,
CV,2/19/26,HA,,C1.51024_SURB1,C1.5,10/-/24,6/18/25,16,Coleoptera,Elmidae,A,BL,2,-,-,,,,,,,,,,,,,
CV,2/19/26,HA,,C1.51024_SURB1,C1.5,10/-/24,6/18/25,16,Diptera,Chironomidae,L,BL,12,4.4,2.4,6.3,2.2,4.2,5.9,3.3,4.7,5.2,2.3,,,,,
CV,2/19/26,HA,,C1.51024_SURB1,C1.5,10/-/24,6/18/25,16,Diptera,Chironomidae,A,BL,2,-,,,,,,,,,,,,,,
CV,2/19/26,HA,,C1.51024_SURB1,C1.5,10/-/24,6/18/25,16,Diptera,Chironomidae,P,BL,4,-,,,,,,,,,,,,,,
CV,2/19/26,HA,,C1.51024_SURB1,C1.5,10/-/24,6/18/25,16,Gastropoda,n/a,A,BL,1,-,,,,,,,,,,,,,,
CV,2/19/26,HA,,C1.51024_SURB1,C1.5,10/-/24,6/18/25,16,Tricladida,Planariidae,L,BL,1,-,,,,,,,,,,,,,,
CV,2/19/26,HA,,C1.51024_SURB1,C1.5,10/-/24,6/18/25,16,Amphipoda,Crangonyctidae,A,BL,2,-,,,,,,,,,,,,,,
CV,2/19/26,HA,,C1.51024_SURB1,C1.5,10/-/24,6/18/25,16,Diptera,Oestridae,L,BL,2,-,,,,,,,,,,,,,,
CV,2/19/26,HA/AW,,C1.51024_SURB2,C1.5,10/-/24,6/19/25,15,Plecoptera,Perlidae,L,BL,1,11.2,,,,,,,,,,,244 TOTAL,,,
CV,2/19/26,HA/AW,,C1.51024_SURB2,C1.5,10/-/24,6/19/25,15,Ephemeroptera,Ephemerellidae,L,BL,9,3.1,4.5,3.8,3.5,3,4.2,4.8,5.9,3.1,,,,,,
CV,2/19/26,HA/AW,,C1.51024_SURB2,C1.5,10/-/24,6/19/25,15,Ephemeroptera,Baetidae,L,BL,16,4,4.7,1.5,2.8,4.2,1.9,4.1,2.6,2.3,1.9,,,,,
CV,2/19/26,HA/AW,,C1.51024_SURB2,C1.5,10/-/24,6/19/25,15,Trichoptera,Brachycentridae,L,BL,68,7.5,2.1,2.5,5,4.2,2,2.5,1.7,2.1,1.5,,,,,
CV,2/19/26,HA/AW,,C1.51024_SURB2,C1.5,10/-/24,6/19/25,15,Trichoptera,Hydropsychidae,L,BL,3,6.1,10.2,11.4,,,,,,,,,,,,
CV,2/19/26,HA/AW,,C1.51024_SURB2,C1.5,10/-/24,6/19/25,15,Trichoptera,Lepidostomatidae,L,BL,20,5.1,4.4,4.1,5,4.2,1.5,3.6,4.2,4.3,4.7,,,,,
CV,2/19/26,HA/AW,,C1.51024_SURB2,C1.5,10/-/24,6/19/25,15,Diptera,Chironomidae,L,BL,40,3.1,4.4,2.9,2.4,2.5,4.5,2.6,4.3,3,2.8,,,,,
CV,2/19/26,HA/AW,,C1.51024_SURB2,C1.5,10/-/24,6/19/25,15,Coleoptera,Elmidae,A,BL,6,2.1,2.5,2.9,2.9,2.8,2.9,,,,,,,,,
CV,2/19/26,HA/AW,,C1.51024_SURB2,C1.5,10/-/24,6/19/25,15,Coleoptera,Elmidae,L,BL,36,5.2,2.4,2.4,3.1,3.4,1.2,4,2.1,2,5.2,,,,,
CV,2/19/26,HA/AW,,C1.51024_SURB2,C1.5,10/-/24,6/19/25,15,Oligochaeta,Worms,L,BL,32,14,13.5,12.5,10.5,9.8,15.4,12,13,10.6,11.4,,,,,
CV,2/19/26,HA/AW,,C1.51024_SURB2,C1.5,10/-/24,6/19/25,15,Diptera,Oestridae,L,BL,1,10.7,,,,,,,,,,,,,,
CV,2/19/26,HA/AW,,C1.51024_SURB2,C1.5,10/-/24,6/19/25,15,Amphipoda,Crangonyctidae,A,BL,11,2.1,3,3.3,2.4,1.8,2.1,1.5,3,1.8,2.1,,,,,
CV,2/19/26,HA/AW,,C1.51024_SURB2,C1.5,10/-/24,6/19/25,15,Tricladida,Planariidae,L,BL,1,4.5,,,,,,,,,,,,,,
CV,2/19/26,HA/AW,,C1.51024_SURB3,C1.5,10/-/24,6/23/25,16,Trichoptera,Brachycentridae,L,BL,16,2.3,7.5,2.1,2.8,1.9,1.8,7.9,2,2.1,2.6,,70 TOTAL,,,
CV,2/19/26,HA/AW,,C1.51024_SURB3,C1.5,10/-/24,6/23/25,16,Trichoptera,Lepidostomatidae,L,BL,2,4,4.1,,,,,,,,,,,,,
CV,2/19/26,HA/AW,,C1.51024_SURB3,C1.5,10/-/24,6/23/25,16,Diptera,Chironomidae,L,BL,8,3.2,2.1,2.4,2.8,3.2,4,2.5,5.8,,,,,,,
CV,2/19/26,HA/AW,,C1.51024_SURB3,C1.5,10/-/24,6/23/25,16,Coleoptera,Elmidae,L,BL,1,5.2,,,,,,,,,,,,,,
CV,2/19/26,HA/AW,,C1.51024_SURB3,C1.5,10/-/24,6/23/25,16,Amphipoda,Crangonyctidae,A,BL,9,5.1,1.9,2.9,2.5,2.3,2.6,2.8,5.7,2.9,,,,,,
CV,2/19/26,HA/AW,,C1.51024_SURB3,C1.5,10/-/24,6/23/25,16,Oligochaeta,Worms,L,BL,18,6.5,2.5,5.1,3.1,2.8,6,18.1,5.2,4.8,3.9,,,,,
CV,2/19/26,HA/AW,,C1.51024_SURB3,C1.5,10/-/24,6/23/25,16,Diptera,Oestridae,L,BL,16,5.7,2.1,14.2,7.1,8.5,6.2,11.7,16.7,8.1,6.5,,,,,
CV,2/19/26,HA/AW,,C1.51024_SURB4,C1.5,10/-/24,6/18/25,16,Ephemeroptera,Baetidae,L,BL,5,1.2,2,2.3,3,2.4,,,,,,,163 TOTAL,,,
CV,2/19/26,HA/AW,,C1.51024_SURB4,C1.5,10/-/24,6/18/25,16,Trichoptera,Brachycentridae,L,BL,38,2.8,2.1,2.7,7.8,2.4,4.3,2.5,3.8,4.1,2.8,,,,,
CV,2/19/26,HA/AW,,C1.51024_SURB4,C1.5,10/-/24,6/18/25,16,Trichoptera,Lepidostomatidae,L,BL,4,5.2,2,5.6,5.3,,,,,,,,,,,
CV,2/19/26,HA/AW,,C1.51024_SURB4,C1.5,10/-/24,6/18/25,16,Diptera,Chironomidae,L,BL,89,5.5,4.2,7,5.1,5.3,4.4,3,5.5,3.8,4.2,,,,,
CV,2/19/26,HA/AW,,C1.51024_SURB4,C1.5,10/-/24,6/18/25,16,Coleoptera,Elmidae,A,BL,6,2.4,2.2,2.5,2.3,2.4,2.8,,,,,,,,,
CV,2/19/26,HA/AW,,C1.51024_SURB4,C1.5,10/-/24,6/18/25,16,Coleoptera,Elmidae,L,BL,3,3.1,4.4,4.1,,,,,,,,,,,,
CV,2/19/26,HA/AW,,C1.51024_SURB4,C1.5,10/-/24,6/18/25,16,Amphipoda,Crangonyctidae,A,BL,7,5.4,5.3,3.1,1.4,2.9,2.7,2.1,,,,,,,,
CV,2/19/26,HA/AW,,C1.51024_SURB4,C1.5,10/-/24,6/18/25,16,Tricladida,Planariidae,L,BL,4,4.3,5.1,5.4,6.4,,,,,,,,,,,
CV,2/19/26,HA/AW,,C1.51024_SURB4,C1.5,10/-/24,6/18/25,16,Diptera,Oestridae,L,BL,5,6.3,7.2,8.9,8.8,6.2,,,,,,,,,,
CV,2/19/26,HA/AW,,C1.51024_SURB4,C1.5,10/-/24,6/18/25,16,Diptera,Chironomidae,A,BL,1,2.5,,,,,,,,,,,,,,
CV,2/19/26,HA,,C1.51024_SURB5,C1.5,10/-/24,6/23/25,16,Ephemeroptera,Baetidae,L,BL,1,1.7,,,,,,,,,,,,,,
CV,2/19/26,HA,,C1.51024_SURB5,C1.5,10/-/24,6/23/25,16,Trichoptera,Brachycentridae,L,BL,11,2.3,2.1,2.3,3.6,2.1,2.4,2.8,2.7,1.7,2.1,,,,,
CV,2/19/26,HA,,C1.51024_SURB5,C1.5,10/-/24,6/23/25,16,Trichoptera,Lepidostomatidae,L,BL,1,1.4,,,,,,,,,,,,,,
CV,2/19/26,HA,,C1.51024_SURB5,C1.5,10/-/24,6/23/25,16,Diptera,Chironomidae,L,BL,26,2.2,3.2,1.4,1.7,3.2,2.9,1.8,2.3,1.6,2.2,,,,,
CV,2/19/26,HA,,C1.51024_SURB5,C1.5,10/-/24,6/23/25,16,Diptera,Chironomidae,P,BL,2,2.7,2.4,,,,,,,,,,,,,
CV,2/19/26,HA,,C1.51024_SURB5,C1.5,10/-/24,6/23/25,16,Amphipoda,Crangonyctidae,A,BL,1,2.4,,,,,,,,,,,,,,
CV,2/19/26,HA,,C1.51024_SURB5,C1.5,10/-/24,6/23/25,16,Tricladida,Planariidae,L,BL,3,2.3,4.3,2,,,,,,,,,,,,
CV,2/19/26,HA,,C1.51024_SURB5,C1.5,10/-/24,6/23/25,16,Oligochaeta,worms,L,BL,2,7,-,,,,,,,,,,1 broken in half,,,
CV,2/19/26,HA/AW,,C21024_SURB1,C2,10/-/24,7/23/25,16,Plecoptera,Perlodidae,L,BL,3,4.7,4.8,5.2,,,,,,,,,118 TOTAL,,,
CV,2/19/26,HA/AW,,C21024_SURB1,C2,10/-/24,7/23/25,16,Ephemeroptera,Ephemerellidae,L,BL,1,5.2,,,,,,,,,,,,,,
CV,2/19/26,HA/AW,,C21024_SURB1,C2,10/-/24,7/23/25,16,Ephemeroptera,Heptageniidae,L,BL,1,1.3,,,,,,,,,,,,,,
CV,2/19/26,HA/AW,,C21024_SURB1,C2,10/-/24,7/23/25,16,Ephemeroptera,Baetidae,L,BL,11,3.1,2.6,2,2,3.6,1.5,1.2,1.6,2.3,2.4,,,,,
CV,2/19/26,HA/AW,,C21024_SURB1,C2,10/-/24,7/23/25,16,Trichoptera,Brachycentridae,L,BL,56,3.9,2.8,1.9,2,2.1,2.5,1.7,3.1,2.5,1.8,,,,,
CV,2/19/26,HA/AW,,C21024_SURB1,C2,10/-/24,7/23/25,16,Trichoptera,Hydropsychidae,L,BL,1,2.2,,,,,,,,,,,,,,
CV,2/19/26,HA/AW,,C21024_SURB1,C2,10/-/24,7/23/25,16,Trichoptera,Lepidostomatidae,L,BL,1,1.3,,,,,,,,,,,,,,
CV,2/19/26,HA/AW,,C21024_SURB1,C2,10/-/24,7/23/25,16,Diptera,Chironomidae,L,BL,37,3.5,2.8,3.3,2.5,2.3,2.7,4.2,4.9,3.7,2.8,,,,,
CV,2/19/26,HA/AW,,C21024_SURB1,C2,10/-/24,7/23/25,16,Diptera,Simuliidae,L,BL,1,3.2,,,,,,,,,,,,,,
CV,2/19/26,HA/AW,,C21024_SURB1,C2,10/-/24,7/23/25,16,Diptera,Oestridae,L,BL,1,8.6,,,,,,,,,,,,,,
CV,2/19/26,HA/AW,,C21024_SURB1,C2,10/-/24,7/23/25,16,Coleoptera,Elmidae,A,BL,1,2.5,,,,,,,,,,,,,,
CV,2/19/26,HA/AW,,C21024_SURB1,C2,10/-/24,7/23/25,16,Coleoptera,Elmidae,L,BL,1,5.3,,,,,,,,,,,,,,
CV,2/19/26,HA/AW,,C21024_SURB1,C2,10/-/24,7/23/25,16,Oligochaeta,Worms,L,BL,1,16.5,,,,,,,,,,,,,,
CV,2/19/26,HA/AW,,C21024_SURB1,C2,10/-/24,7/23/25,16,Tricladida,Planariidae,L,BL,2,4.2,3.1,,,,,,,,,,,,,
CV,2/19/26,HA/AW,,C21024_SURB2,C2,10/-/24,6/23/25,16,Plecoptera,Perlodidae,L,BL,2,4.1,3.8,,,,,,,,,,185 TOTAL,,,
CV,2/19/26,HA/AW,,C21024_SURB2,C2,10/-/24,6/23/25,16,Ephemeroptera,Ephemerellidae,L,BL,1,2.4,,,,,,,,,,,,,,
CV,2/19/26,HA/AW,,C21024_SURB2,C2,10/-/24,6/23/25,16,Ephemeroptera,Baetidae,L,BL,13,2.5,1.7,1,1.3,2.9,1.5,2.9,1.4,2.1,3.6,,,,,
CV,2/19/26,HA/AW,,C21024_SURB2,C2,10/-/24,6/23/25,16,Trichoptera,Brachycentridae,L,BL,139,2.1,2.3,3.1,1.9,2.4,2.3,4,2.7,2.8,2.3,,,,,
CV,2/19/26,HA/AW,,C21024_SURB2,C2,10/-/24,6/23/25,16,Trichoptera,Hydropsychidae,L,BL,1,1.7,,,,,,,,,,,,,,
CV,2/19/26,HA/AW,,C21024_SURB2,C2,10/-/24,6/23/25,16,Trichoptera,Lepidostomatidae,L,BL,1,1.3,,,,,,,,,,,,,,
CV,2/19/26,HA/AW,,C21024_SURB2,C2,10/-/24,6/23/25,16,Diptera,Chironomidae,L,BL,17,3.3,3.3,3.1,3.7,6.1,1.1,1.7,5.6,2.7,4.8,,,,,
CV,2/19/26,HA/AW,,C21024_SURB2,C2,10/-/24,6/23/25,16,Diptera,Simuliidae,L,BL,1,2.3,,,,,,,,,,,,,,
CV,2/19/26,HA/AW,,C21024_SURB2,C2,10/-/24,6/23/25,16,Diptera,Oestridae,L,BL,1,13.1,,,,,,,,,,,,,,
CV,2/19/26,HA/AW,,C21024_SURB2,C2,10/-/24,6/23/25,16,Oligochaeta,worms,L,BL,2,12.2,8.9,,,,,,,,,,,,,
CV,2/19/26,HA/AW,,C21024_SURB2,C2,10/-/24,6/23/25,16,Tricladida,Planariidae,L,BL,2,2.3,3.2,,,,,,,,,,,,,
CV,2/19/26,HA/AW,,C21024_SURB2,C2,10/-/24,6/23/25,16,Coleoptera,Elmidae,L,BL,4,4.7,4.5,4.5,0.9,,,,,,,,,,,
CV,2/19/26,HA/AW,,C21024_SURB2,C2,10/-/24,6/23/25,16,Amphipoda,Crangonyctidae,A,BL,1,2.7,,,,,,,,,,,,,,
CV,2/19/26,HA/AW,,C21024_SURB3,C2,10/-/24,6/23/25,16,Plecoptera,Perlodidae,L,BL,12,4,3.2,4,6.2,4.1,3.2,4.6,4.2,3.9,4.1,,130 TOTAL,,,
CV,2/20/26,HA/AW,,C21024_SURB3,C2,10/-/24,6/23/25,16,Ephemeroptera,Ephemerellidae,L,BL,1,3.9,,,,,,,,,,,,,,
CV,2/20/26,HA/AW,,C21024_SURB3,C2,10/-/24,6/23/25,16,Ephemeroptera,Baetidae,L,BL,5,4,2.3,2.1,3,2.2,,,,,,,,,,
CV,2/20/26,HA/AW,,C21024_SURB3,C2,10/-/24,6/23/25,16,Trichoptera,Brachycentridae,L,BL,9,2.3,1.5,1.6,2.1,2.3,9.2,3.5,1.7,1.5,,,,,,
CV,2/20/26,HA/AW,,C21024_SURB3,C2,10/-/24,6/23/25,16,Trichoptera,Lepidostomatidae,L,BL,8,1.7,1.8,1.3,1.2,2,4.4,2.2,1,,,,,,,
CV,2/20/26,HA/AW,,C21024_SURB3,C2,10/-/24,6/23/25,16,Diptera,Chironomidae,L,BL,69,4.9,2.2,2.6,2.4,2.2,2.6,1.5,2.5,1.3,1.8,,,,,
CV,2/20/26,HA/AW,,C21024_SURB3,C2,10/-/24,6/23/25,16,Collembola,Springtails,A,BL,1,1.5,,,,,,,,,,,,,,
CV,2/20/26,HA/AW,,C21024_SURB3,C2,10/-/24,6/23/25,16,Diptera,Oestridae,L,BL,8,30.2,12.1,14.2,8.9,9.1,11.4,13.1,7.1,,,,,,,
CV,2/20/26,HA/AW,,C21024_SURB3,C2,10/-/24,6/23/25,16,Tricladida,Planariidae,L,BL,4,3.6,2.5,2.4,2.2,,,,,,,,,,,
CV,2/20/26,HA/AW,,C21024_SURB3,C2,10/-/24,6/23/25,16,Oligochaeta,Worms,L,BL,8,17,19.2,14.1,7.9,7.2,9.3,3.2,5.3,,,,,,,
CV,2/20/26,HA/AW,,C21024_SURB3,C2,10/-/24,6/23/25,16,Coleoptera,Elmidae,A,BL,1,2.8,,,,,,,,,,,,,,
CV,2/20/26,HA/AW,,C21024_SURB3,C2,10/-/24,6/23/25,16,Coleoptera,Elmidae,L,BL,1,3.6,,,,,,,,,,,,,,
CV,2/20/26,HA/AW,,C21024_SURB3,C2,10/-/24,6/23/25,16,Amphipoda,Crangonyctidae,A,BL,3,2.5,5,2.1,,,,,,,,,,,,
CV,2/20/26,HA/AW,,C21024_SURB4,C2,10/-/24,6/25/25,16,Plecoptera,Perlodidae,L,BL,4,6.1,3.8,1.6,3.2,,,,,,,,43 TOTAL,,,
CV,2/20/26,HA/AW,,C21024_SURB4,C2,10/-/24,6/25/25,16,Ephemeroptera,Ephemerellidae,L,BL,1,5.2,,,,,,,,,,,,,,
CV,2/20/26,HA/AW,,C21024_SURB4,C2,10/-/24,6/25/25,16,Trichoptera,Brachycentridae,L,BL,19,2.6,2.1,2.4,1.4,1.6,3.9,2.1,2.3,2.9,2.2,,,,,
CV,2/20/26,HA/AW,,C21024_SURB4,C2,10/-/24,6/25/25,16,Trichoptera,Hydropsychidae,L,BL,1,2.3,,,,,,,,,,,,,,
CV,2/20/26,HA/AW,,C21024_SURB4,C2,10/-/24,6/25/25,16,Diptera,Chironomidae,L,BL,8,5.2,2.9,4.2,2.1,2.4,4.2,7.5,4.5,,,,,,,
CV,2/20/26,HA/AW,,C21024_SURB4,C2,10/-/24,6/25/25,16,Diptera,Oestridae,L,BL,2,4,9.1,,,,,,,,,,,,,
CV,2/20/26,HA/AW,,C21024_SURB4,C2,10/-/24,6/25/25,16,Oligochaeta,Worms,L,BL,2,3.9,12.4,,,,,,,,,,,,,
CV,2/20/26,HA/AW,,C21024_SURB4,C2,10/-/24,6/25/25,16,Amphipoda,Crangonyctidae,A,BL,2,3.3,3.4,,,,,,,,,,,,,
CV,2/20/26,HA/AW,,C21024_SURB4,C2,10/-/24,6/25/25,16,Coleoptera,Elmidae,L,BL,3,5.1,3.6,1.4,,,,,,,,,,,,
CV,2/20/26,HA/AW,,C21024_SURB4,C2,10/-/24,6/25/25,16,Trichoptera,Hydropsychidae,A,BL,1,2.5,,,,,,,,,,,,,,
CV,2/20/26,HA/AW,,C21024_SURB5,C2,10/-/24,7/25/25,16,Ephemeroptera,Ephemerellidae,L,BL,1,3.7,,,,,,,,,,,64 TOTAL,,,
CV,2/20/26,HA/AW,,C21024_SURB5,C2,10/-/24,7/25/25,16,Trichoptera,Brachycentridae,L,BL,32,1.4,2.4,1.5,1.7,1.6,1.8,2.1,1.5,1.8,2.2,,,,,
CV,2/20/26,HA/AW,,C21024_SURB5,C2,10/-/24,7/25/25,16,Trichoptera,Lepidostomatidae,L,BL,3,1.4,1.4,1.2,,,,,,,,,,,,
CV,2/20/26,HA/AW,,C21024_SURB5,C2,10/-/24,7/25/25,16,Diptera,Chironomidae,L,BL,22,3.4,1.6,2.5,1.6,2.4,3.1,1.4,2.3,2.6,1.5,,,,,
CV,2/20/26,HA/AW,,C21024_SURB5,C2,10/-/24,7/25/25,16,Amphipoda,Crangonyctidae,A,BL,1,4.2,,,,,,,,,,,,,,
CV,2/20/26,HA/AW,,C21024_SURB5,C2,10/-/24,7/25/25,16,Oligochaeta,Worms,L,BL,4,4.8,5.7,9.3,7.4,,,,,,,,,,,
CV,2/20/26,HA/AW,,T11024_SURB1,T1,10/-/24,-,16,Ephemeroptera,Ephemerellidae,L,BL,1,4.4,,,,,,,,,,,4 TOTAL,,,
CV,2/20/26,HA/AW,,T11024_SURB1,T1,10/-/24,-,16,Trichoptera,Brachycentridae,L,BL,1,2.1,,,,,,,,,,,,,,
CV,2/20/26,HA/AW,,T11024_SURB1,T1,10/-/24,-,16,Diptera,Chironomidae,L,BL,1,3.9,,,,,,,,,,,,,,
CV,2/20/26,HA/AW,,T11024_SURB1,T1,10/-/24,-,16,Diptera,n/a,L,BL,1,2.4,,,,,,,,,,,,,,
CV,2/20/26,HA/AW,,T11024_SURB2,T1,10/-/24,7/2/25,16,Ephemeroptera,Ephemerellidae,L,BL,5,4.1,4.6,5.7,4.1,4.5,,,,,,,144 TOTAL,,,
CV,2/20/26,HA/AW,,T11024_SURB2,T1,10/-/24,7/2/25,16,Ephemeroptera,Baetidae,L,BL,9,1.7,1.5,1.7,1.5,3.7,3.3,2,1.6,1.3,,,,,,
CV,2/20/26,HA/AW,,T11024_SURB2,T1,10/-/24,7/2/25,16,Trichoptera,Brachycentridae,L,BL,52,2.5,2.1,2.9,1.9,1.3,1.7,3.8,4.2,3.2,2.9,,,,,
CV,2/20/26,HA/AW,,T11024_SURB2,T1,10/-/24,7/2/25,16,Trichoptera,Hydropsychidae,L,BL,6,2.5,2.7,3.5,3.7,4.8,0.9,,,,,,,,,
CV,2/20/26,HA/AW,,T11024_SURB2,T1,10/-/24,7/2/25,16,Trichoptera,Lepidostomatidae,L,BL,1,1.6,,,,,,,,,,,,,,
CV,2/20/26,HA/AW,,T11024_SURB2,T1,10/-/24,7/2/25,16,Diptera,Chironomidae,L,BL,64,2.5,4.5,2.1,4.8,2.9,6,2.8,4,2.4,3.1,,,,,
CV,2/20/26,HA/AW,,T11024_SURB2,T1,10/-/24,7/2/25,16,Ephemeroptera,n/a,A,BL,1,3.7,,,,,,,,,,,,,,
CV,2/20/26,HA/AW,,T11024_SURB2,T1,10/-/24,7/2/25,16,Coleoptera,Elmidae,L,BL,3,4.1,5.2,3.8,,,,,,,,,,,,
CV,2/20/26,HA/AW,,T11024_SURB2,T1,10/-/24,7/2/25,16,Gastropoda,n/a,A,BL,3,-,-,-,,,,,,,,,,,,
CV,2/20/26,HA/AW,,T11024_SURB3,T1,10/-/24,7/2/25,16,Ephemeroptera,Ephemerellidae,L,BL,6,1.5,2,5.2,4,4.2,4.8,,,,,,138 TOTAL,,,
CV,2/20/26,HA/AW,,T11024_SURB3,T1,10/-/24,7/2/25,16,Ephemeroptera,Baetidae,L,BL,4,1.8,3.3,4.2,4.8,,,,,,,,,,,
CV,2/20/26,HA/AW,,T11024_SURB3,T1,10/-/24,7/2/25,16,Trichoptera,Brachycentridae,L,BL,50,2.8,2.3,2.6,2.4,2.4,2.7,1.8,2.2,2.7,3.4,,,,,
CV,2/20/26,HA/AW,,T11024_SURB3,T1,10/-/24,7/2/25,16,Trichoptera,Lepidostomatidae,L,BL,13,4.1,4.3,3.7,4.6,4.7,4.8,4.1,4.5,3.1,,,,,,
CV,2/20/26,HA/AW,,T11024_SURB3,T1,10/-/24,7/2/25,16,Diptera,Chironomidae,L,BL,54,3.4,2.6,3.2,5.3,4.2,3.2,6.4,3.8,3.6,4.8,,,,,
CV,2/20/26,HA/AW,,T11024_SURB3,T1,10/-/24,7/2/25,16,Trombidiformes,Hydrachnidae,A,BL,2,1.1,1.2,,,,,,,,,,,,,
CV,2/20/26,HA/AW,,T11024_SURB3,T1,10/-/24,7/2/25,16,Coleoptera,Elmidae,A,BL,1,2.8,,,,,,,,,,,,,,
CV,2/20/26,HA/AW,,T11024_SURB3,T1,10/-/24,7/2/25,16,Coleoptera,Elmidae,L,BL,3,5.2,4.4,3.1,,,,,,,,,,,,
CV,2/20/26,HA/AW,,T11024_SURB3,T1,10/-/24,7/2/25,16,Amphipoda,Crangonyctidae,A,BL,5,3.7,3.3,3.4,3.8,2.9,,,,,,,,,,
CV,2/20/26,HA/AW,,T11024_SURB4,T1,10/-/24,7/23/25,16,Ephemeroptera,Ephemerellidae,L,BL,7,5.5,4.5,6.1,5.4,4.9,5.3,4.6,,,,,84 TOTAL,,,
CV,2/20/26,HA/AW,,T11024_SURB4,T1,10/-/24,7/23/25,16,Ephemeroptera,Baetidae,L,BL,8,4.2,1.5,1.8,1.6,1.5,2,1.4,2.3,,,,,,,
CV,2/20/26,HA/AW,,T11024_SURB4,T1,10/-/24,7/23/25,16,Trichoptera,Brachycentridae,L,BL,42,2.5,3.1,2.7,5.1,1.9,2.4,2.7,1.3,1.9,1.6,,,,,
CV,2/20/26,HA/AW,,T11024_SURB4,T1,10/-/24,7/23/25,16,Trichoptera,Hydropsychidae,L,BL,3,1.7,2.6,3.5,,,,,,,,,,,,
CV,2/20/26,HA/AW,,T11024_SURB4,T1,10/-/24,7/23/25,16,Trichoptera,Lepidostomatidae,L,BL,5,4.7,5.6,4.1,0.9,1,,,,,,,,,,
CV,2/20/26,HA/AW,,T11024_SURB4,T1,10/-/24,7/23/25,16,Diptera,Chironomidae,L,BL,16,8.5,3.5,3,2.4,3.8,2.9,2.8,2.3,1.6,1.5,,,,,
CV,2/20/26,HA/AW,,T11024_SURB4,T1,10/-/24,7/23/25,16,Coleoptera,Elmidae,L,BL,3,5.1,2.6,1.2,,,,,,,,,,,,
CV,2/20/26,HA,,T11024_SURB5,T1,10/-/24,7/23/25,16,Ephemeroptera,Ephemerellidae,L,BL,3,3.4,3.6,4.2,,,,,,,,,67 TOTAL,,,
CV,2/20/26,HA,,T11024_SURB5,T1,10/-/24,7/23/25,16,Ephemeroptera,Baetidae,L,BL,3,4.1,2.4,1.2,,,,,,,,,,,,
CV,2/20/26,HA,,T11024_SURB5,T1,10/-/24,7/23/25,16,Trichoptera,Brachycentridae,L,BL,42,2.9,2,3.5,8.5,2.3,2.2,2.1,8.1,5.7,2.9,,,,,
CV,2/20/26,HA,,T11024_SURB5,T1,10/-/24,7/23/25,16,Trichoptera,Hydropsychidae,L,BL,4,2.9,2.8,1.4,0.8,,,,,,,,,,,
CV,2/20/26,HA,,T11024_SURB5,T1,10/-/24,7/23/25,16,Trichoptera,Lepidostomatidae,L,BL,4,4,3.4,3,3.2,,,,,,,,,,,
CV,2/20/26,HA,,T11024_SURB5,T1,10/-/24,7/23/25,16,Diptera,Chironomidae,L,BL,8,5.1,2.1,5.5,6.1,3.9,3.2,2.6,3.5,,,,,,,
CV,2/20/26,HA,,T11024_SURB5,T1,10/-/24,7/23/25,16,Diptera,Oestridae,L,BL,1,6.2,,,,,,,,,,,,,,
CV,2/20/26,HA,,T11024_SURB5,T1,10/-/24,7/23/25,16,Collembola,Springtails,A,BL,2,1.6,1.4,,,,,,,,,,,,,
CV,2/20/26,AW,,T21024_SURB1,T2,10/-/24,8/2/25,16,Ephemeroptera,Ephemerellidae,L,BL,29,7.9,4.5,4.3,5.1,4.1,6.3,5.9,7.1,3.9,4.9,,205 TOTAL,,,
CV,2/20/26,AW,,T21024_SURB1,T2,10/-/24,8/2/25,16,Ephemeroptera,Baetidae,L,BL,18,3.2,2.6,3.1,3.4,2.8,2.4,3.6,6.4,3.2,4.1,,,,,
CV,2/20/26,AW,,T21024_SURB1,T2,10/-/24,8/2/25,16,Trichoptera,Brachycentridae,L,BL,29,2.5,3.7,1.8,2.4,4.7,2.5,2.9,3.7,2.6,2.7,,,,,
CV,2/20/26,AW,,T21024_SURB1,T2,10/-/24,8/2/25,16,Trichoptera,Glossosomatidae,L,BL,3,6.1,5,6.1,,,,,,,,,,,,
CV,2/20/26,AW,,T21024_SURB1,T2,10/-/24,8/2/25,16,Trichoptera,Hydropsychidae,L,BL,2,7.1,12.2,,,,,,,,,,,,,
CV,2/20/26,AW,,T21024_SURB1,T2,10/-/24,8/2/25,16,Trichoptera,Lepidostomatidae,L,BL,9,4.1,4.5,5.1,3.7,5.2,4.8,5.5,3.7,4.1,,,,,,
CV,2/20/26,AW,,T21024_SURB1,T2,10/-/24,8/2/25,16,Diptera,Chironomidae,L,BL,46,5.2,6.3,4.8,3.5,4.9,7.3,2.1,2.2,2.8,3.4,,,,,
CV,2/20/26,AW,,T21024_SURB1,T2,10/-/24,8/2/25,16,Amphipoda,Crangonyctidae,A,BL,6,6.3,4.1,3.1,3.9,5.2,1.5,,,,,,,,,
CV,2/20/26,AW,,T21024_SURB1,T2,10/-/24,8/2/25,16,Gastropoda,n/a,A,BL,3,-,-,-,,,,,,,,,,,,
CV,2/20/26,AW,,T21024_SURB1,T2,10/-/24,8/2/25,16,Oligochaeta,worms,L,BL,12,21.2,13.2,11.4,6.8,6.5,10.4,9.8,7.9,7,3.7,,,,,
CV,2/20/26,AW,,T21024_SURB1,T2,10/-/24,8/2/25,16,Tricladida,Planariidae,L,BL,2,3.2,2.8,,,,,,,,,,,,,
CV,2/20/26,AW,,T21024_SURB1,T2,10/-/24,8/2/25,16,Diptera,n/a,A,BL,1,-,,,,,,,,,,,,,,
CV,2/20/26,AW,,T21024_SURB1,T2,10/-/24,8/2/25,16,Coleoptera,Elmidae,A,BL,14,2.9,2.3,2.7,2.3,2.6,3.1,2.1,2.8,3.1,2.9,,,,,
CV,2/20/26,AW,,T21024_SURB1,T2,10/-/24,8/2/25,16,Coleoptera,Elmidae,L,BL,31,2.6,3.8,2.2,2.7,3.8,3.2,5.6,6.4,4.7,6.6,,,,,
CV,2/20/26,AW,,T21024_SURB2,T2,10/-/24,7/31/25,12,Plecoptera,Perlodidae,L,BL,7,5.6,4.9,3.8,3.9,3.6,4.8,5.2,,,,,202 TOTAL,,,
CV,2/20/26,AW,,T21024_SURB2,T2,10/-/24,7/31/25,12,Ephemeroptera,Ephemerellidae,L,BL,20,5.2,6.5,4.3,5.2,4.4,4.9,4.6,5.1,4.9,5.7,,,,,
CV,2/20/26,AW,,T21024_SURB2,T2,10/-/24,7/31/25,12,Ephemeroptera,Baetidae,L,BL,13,5.3,4.9,3.5,5.6,7.9,3.2,3.9,4.2,5.3,2.9,,,,,
CV,2/20/26,AW,,T21024_SURB2,T2,10/-/24,7/31/25,12,Trichoptera,Brachycentridae,L,BL,47,8.5,2.8,2.5,7.7,2.8,5.3,6,3.2,4.7,7.8,,,,,
CV,2/20/26,AW,,T21024_SURB2,T2,10/-/24,7/31/25,12,Trichoptera,Glossosomatidae,L,BL,2,5.8,4.2,,,,,,,,,,,,,
CV,2/20/26,AW,,T21024_SURB2,T2,10/-/24,7/31/25,12,Trichoptera,Hydropsychidae,L,BL,16,17.4,4.8,5.3,4,4.2,10.4,11.8,3.9,4.9,5.7,,,,,
CV,2/20/26,AW,,T21024_SURB2,T2,10/-/24,7/31/25,12,Trichoptera,Lepidostomatidae,L,BL,15,4.9,4.9,4.7,4.9,4.5,5.6,4.3,5.1,4.7,4.3,,,,,
CV,2/20/26,AW,,T21024_SURB2,T2,10/-/24,7/31/25,12,Diptera,Chironomidae,L,BL,24,5.3,4.2,3.1,2.2,5.6,7.1,3.1,3.3,3.4,3.9,,,,,
CV,2/20/26,AW,,T21024_SURB2,T2,10/-/24,7/31/25,12,Diptera,Simuliidae,L,BL,1,3.6,,,,,,,,,,,,,,
CV,2/20/26,AW,,T21024_SURB2,T2,10/-/24,7/31/25,12,Diptera,Oestridae,L,BL,1,26.1,,,,,,,,,,,,,,
CV,2/20/26,AW,,T21024_SURB2,T2,10/-/24,7/31/25,12,Gastropoda,n/a,A,BL,4,-,-,-,-,,,,,,,,,,,
CV,2/20/26,AW,,T21024_SURB2,T2,10/-/24,7/31/25,12,Oligochaeta,worms,L,BL,4,24.8,6.4,5.3,2.2,,,,,,,,,,,
CV,2/20/26,AW,,T21024_SURB2,T2,10/-/24,7/31/25,12,Amphipoda,Crangonyctidae,A,BL,3,2.9,2.6,4.6,,,,,,,,,,,,
CV,2/20/26,AW,,T21024_SURB2,T2,10/-/24,7/31/25,12,Coleoptera,Elmidae,L,BL,38,6.9,4.2,3.9,3.8,5.2,5.8,3.8,5.5,4.9,4.9,,,,,
CV,2/20/26,AW,,T21024_SURB2,T2,10/-/24,7/31/25,12,Coleoptera,Elmidae,A,BL,7,2.9,2.8,2.7,2.4,2.9,3.1,2.5,,,,,,,,
CV,2/20/26,AW,,T21024_SURB3,T2,10/-/24,7/31/25,16,Ephemeroptera,Ephemerellidae,L,BL,10,7.1,6.2,7.5,6,5.3,8,5.1,5.2,7.8,7.6,,49 TOTAL,,,
CV,2/20/26,AW,,T21024_SURB3,T2,10/-/24,7/31/25,16,Ephemeroptera,Heptageniidae,L,BL,1,3,,,,,,,,,,,,,,
CV,2/20/26,AW,,T21024_SURB3,T2,10/-/24,7/31/25,16,Ephemeroptera,Baetidae,L,BL,8,6.2,2.4,2.3,5.1,1.7,2.6,2.9,2,,,,,,,
CV,2/20/26,AW,,T21024_SURB3,T2,10/-/24,7/31/25,16,Trichoptera,Brachycentridae,L,BL,3,2.8,2.5,3,,,,,,,,,,,,
CV,2/20/26,AW,,T21024_SURB3,T2,10/-/24,7/31/25,16,Trichoptera,Hydropsychidae,L,BL,1,4.9,,,,,,,,,,,,,,
CV,2/20/26,AW,,T21024_SURB3,T2,10/-/24,7/31/25,16,Trichoptera,Lepidostomatidae,L,BL,2,4.2,6,,,,,,,,,,,,,
CV,2/20/26,AW,,T21024_SURB3,T2,10/-/24,7/31/25,16,Coleoptera,Elmidae,L,BL,1,2.6,,,,,,,,,,,,,,
CV,2/20/26,AW,,T21024_SURB3,T2,10/-/24,7/31/25,16,Diptera,Chironomidae,L,BL,19,6.3,4.2,5.5,2.1,6.4,5.2,3.9,1.9,6,5.6,,,,,
CV,2/20/26,AW,,T21024_SURB3,T2,10/-/24,7/31/25,16,Ephemeroptera,Baetidae,A,BL,2,4.5,5.5,,,,,,,,,,,,,
CV,2/20/26,AW,,T21024_SURB3,T2,10/-/24,7/31/25,16,Tricladida,Planariidae,L,BL,1,6,,,,,,,,,,,,,,
CV,2/20/26,AW,,T21024_SURB3,T2,10/-/24,7/31/25,16,Gastropoda,n/a,A,BL,1,-,,,,,,,,,,,,,,
CV,2/20/26,AW,,T21024_SURB4,T2,10/-/24,8/1/25,16,Plecoptera,Perlodidae,L,BL,4,3.8,4.1,4.2,3.9,,,,,,,,133 TOTAL,,,
CV,2/20/26,AW,,T21024_SURB4,T2,10/-/24,8/1/25,16,Ephemeroptera,Ephemerellidae,L,BL,17,6,5.6,4.4,4.2,5.2,5.8,6.2,6.1,5.2,5.3,,,,,
CV,2/20/26,AW,,T21024_SURB4,T2,10/-/24,8/1/25,16,Ephemeroptera,Baetidae,L,BL,10,3.2,4.9,3.6,3.5,3.6,3.5,2.6,3.1,2.1,5.7,,,,,
CV,2/20/26,AW,,T21024_SURB4,T2,10/-/24,8/1/25,16,Trichoptera,Brachycentridae,L,BL,22,2.4,3.4,9.4,6.8,3.1,2.4,3.4,4.6,3.8,5.9,,,,,
CV,2/20/26,AW,,T21024_SURB4,T2,10/-/24,8/1/25,16,Trichoptera,Glossosomatidae,L,BL,4,4.2,5,4.9,5.3,,,,,,,,,,,
CV,2/20/26,AW,,T21024_SURB4,T2,10/-/24,8/1/25,16,Trichoptera,Hydropsychidae,L,BL,19,4.2,10.5,8.9,9.4,3.6,9.2,5.6,4.3,3.1,4.5,,,,,
CV,2/20/26,AW,,T21024_SURB4,T2,10/-/24,8/1/25,16,Trichoptera,Lepidostomatidae,L,BL,7,4.8,5.3,4.8,4.3,3.9,4.1,5.1,,,,,,,,
CV,2/20/26,AW,,T21024_SURB4,T2,10/-/24,8/1/25,16,Diptera,Chironomidae,L,BL,6,5.8,4.2,4.8,5.2,3.1,3.6,,,,,,,,,
CV,2/20/26,AW,,T21024_SURB4,T2,10/-/24,8/1/25,16,Diptera,Simuliidae,L,BL,5,3.4,3.3,2.6,3.9,4.1,,,,,,,,,,
CV,2/20/26,AW,,T21024_SURB4,T2,10/-/24,8/1/25,16,Tricladida,Planariidae,L,BL,1,3.9,,,,,,,,,,,,,,
CV,2/20/26,AW,,T21024_SURB4,T2,10/-/24,8/1/25,16,Diptera,Athericidae,L,BL,1,6.2,,,,,,,,,,,,,,
CV,2/20/26,AW,,T21024_SURB4,T2,10/-/24,8/1/25,16,Coleoptera,Elmidae,L,BL,33,4.8,5.4,2.7,3.2,4.8,4.9,6.2,5.1,4.1,2.8,,,,,
CV,2/20/26,AW,,T21024_SURB4,T2,10/-/24,8/1/25,16,Coleoptera,Elmidae,A,BL,4,3.1,2.9,2.7,3.2,,,,,,,,,,,
CV,2/20/26,AW,,T21024_SURB5,T2,10/-/24,8/1/25,16,Ephemeroptera,Ephemerellidae,L,BL,9,6.8,5.2,5.7,4.9,7.8,5.5,5.3,5,5.2,,,72 TOTAL,,,
CV,2/20/26,AW,,T21024_SURB5,T2,10/-/24,8/1/25,16,Ephemeroptera,Baetidae,L,BL,7,2,5.2,5.1,2.6,1.9,3,2,,,,,,,,
CV,2/20/26,AW,,T21024_SURB5,T2,10/-/24,8/1/25,16,Trichoptera,Brachycentridae,L,BL,13,6.9,2.7,7.2,2.5,5.6,8,10,3,2.8,8.8,,,,,
CV,2/20/26,AW,,T21024_SURB5,T2,10/-/24,8/1/25,16,Trichoptera,Hydropsychidae,L,BL,14,2.4,2.1,4.1,9.6,4.5,5.3,4.4,5.8,8.6,3.9,,,,,
CV,2/20/26,AW,,T21024_SURB5,T2,10/-/24,8/1/25,16,Trichoptera,Lepidostomatidae,L,BL,4,5,4,4.8,4.2,,,,,,,,,,,
CV,2/20/26,AW,,T21024_SURB5,T2,10/-/24,8/1/25,16,Coleoptera,Elmidae,L,BL,11,6.3,3.9,4,5.6,5.4,3.6,4,3.8,3.1,4.6,,,,,
CV,2/20/26,AW,,T21024_SURB5,T2,10/-/24,8/1/25,16,Diptera,n/a,A,BL,3,4,5.1,1.6,,,,,,,,,,,,
CV,2/20/26,AW,,T21024_SURB5,T2,10/-/24,8/1/25,16,Diptera,Chironomidae,L,BL,4,5.5,10.9,2.5,2.2,,,,,,,,,,,
CV,2/20/26,AW,,T21024_SURB5,T2,10/-/24,8/1/25,16,Coleoptera,Elmidae,A,BL,4,2.7,2.9,3,2.4,,,,,,,,,,,
CV,2/20/26,AW,,T21024_SURB5,T2,10/-/24,8/1/25,16,Diptera,Chironomidae,P,BL,1,5.8,,,,,,,,,,,,,,
CV,2/20/26,AW,,T21024_SURB5,T2,10/-/24,8/1/25,16,Oligochaeta,Worms,L,BL,2,10.2,5,,,,,,,,,,,,,
CV,2/20/26,AW,,T31024_SURB1,T3,10/-/24,8/1/25,16,Plecoptera,Perlodidae,L,BL,1,3.8,,,,,,,,,,,99 TOTAL,,,
CV,2/20/26,AW,,T31024_SURB1,T3,10/-/24,8/1/25,16,Ephemeroptera,Ephemerellidae,L,BL,4,6.1,4.5,2.1,4.7,,,,,,,,,,,
CV,2/20/26,AW,,T31024_SURB1,T3,10/-/24,8/1/25,16,Ephemeroptera,Baetidae,L,BL,20,5.1,2.5,4.5,4,4.4,3.7,1.8,3.2,2.9,3.6,,,,,
CV,2/20/26,AW,,T31024_SURB1,T3,10/-/24,8/1/25,16,Trichoptera,Brachycentridae,L,BL,6,3.6,3,2.5,2,2.9,2.6,,,,,,,,,
CV,2/20/26,AW,,T31024_SURB1,T3,10/-/24,8/1/25,16,Trichoptera,Glossosomatidae,L,BL,3,5.6,6.1,4.3,,,,,,,,,,,,
CV,2/20/26,AW,,T31024_SURB1,T3,10/-/24,8/1/25,16,Trichoptera,Hydropsychidae,L,BL,19,2.6,4.2,1.6,3.4,6.5,3.8,8,12.5,4.3,4.6,,,,,
CV,2/20/26,AW,,T31024_SURB1,T3,10/-/24,8/1/25,16,Trichoptera,Lepidostomatidae,L,BL,17,4.5,2,3.1,2.2,5,4.8,2,2.5,3.5,2.3,,,,,
CV,2/20/26,AW,,T31024_SURB1,T3,10/-/24,8/1/25,16,Coleoptera,Elmidae,L,BL,19,4.6,4,5,2.1,4.8,3.7,4.3,5,2.9,5.1,,,,,
CV,2/20/26,AW,,T31024_SURB1,T3,10/-/24,8/1/25,16,Diptera,Simuliidae,L,BL,3,3.1,2.5,1.3,,,,,,,,,,,,
CV,2/20/26,AW,,T31024_SURB1,T3,10/-/24,8/1/25,16,Diptera,n/a,A,BL,1,1.5,,,,,,,,,,,,,,
CV,2/20/26,AW,,T31024_SURB1,T3,10/-/24,8/1/25,16,Tricladida,Planariidae,L,BL,4,3.2,3.1,3.3,4.1,,,,,,,,,,,
CV,2/20/26,AW,,T31024_SURB1,T3,10/-/24,8/1/25,16,Coleoptera,Elmidae,A,BL,1,2.5,,,,,,,,,,,,,,
CV,2/20/26,HA,,T31024_SURB2,T3,10/-/24,-,16,Plecoptera,Perlodidae,L,BL,5,2.7,2.6,3.1,2.9,4,,,,,,,,,,
CV,2/20/26,HA,,T31024_SURB2,T3,10/-/24,-,16,Ephemeroptera,Ephemerellidae,L,BL,1,4.8,,,,,,,,,,,,,,
CV,2/20/26,HA,,T31024_SURB2,T3,10/-/24,-,16,Ephemeroptera,Heptageniidae,L,BL,8,4.4,1.9,3.3,4.2,5.8,4.5,5.1,3.5,,,,,,,
CV,2/20/26,HA,,T31024_SURB2,T3,10/-/24,-,16,Ephemeroptera,Baetidae,L,BL,33,1.1,2,3.3,1.9,2.3,4.2,1.8,2.1,4,2.6,,,,,
CV,2/20/26,HA,,T31024_SURB2,T3,10/-/24,-,16,Ephemeroptera,Leptophlebidae,L,BL,1,-,,,,,,,,,,,,,,
CV,2/20/26,HA,,T31024_SURB2,T3,10/-/24,-,16,Trichoptera,Brachycentridae,L,BL,8,3.1,2.2,7,1.2,2,2,3.2,2.2,,,,,,,
CV,2/20/26,HA,,T31024_SURB2,T3,10/-/24,-,16,Trichoptera,Hydropsychidae,L,BL,23,4.9,3.2,6.1,8.2,7.8,3.9,6.2,1.2,6.1,4.8,,,,,
CV,2/20/26,HA,,T31024_SURB2,T3,10/-/24,-,16,Trichoptera,Lepidostomatidae,L,BL,24,3.5,3.4,3.2,1.2,1.9,4,4.5,2.2,3.4,2.9,,,,,
CV,2/20/26,HA,,T31024_SURB2,T3,10/-/24,-,16,Coleoptera,Elmidae,L,BL,41,3.3,2.8,3.1,5.1,4.1,1.9,4.9,5,3,2.5,,,,,
CV,2/20/26,HA,,T31024_SURB2,T3,10/-/24,-,16,Diptera,Simuliidae,L,BL,1,5.1,,,,,,,,,,,,,,
CV,2/20/26,HA,,T31024_SURB2,T3,10/-/24,-,16,Tricladida,Planariidae,L,BL,7,3.2,2.9,3,3.1,3,2.1,3.2,,,,,,,,
CV,2/20/26,HA,,T31024_SURB3,T3,10/-/24,-,16,Plecoptera,Perlodidae,L,BL,7,2.6,1.2,2.3,3,1.3,3.2,1.7,,,,,152 TOTAL,,,
CV,2/20/26,HA,,T31024_SURB3,T3,10/-/24,-,16,Ephemeroptera,Ephemerellidae,L,BL,3,6.1,5.7,3.5,,,,,,,,,,,,
CV,2/20/26,HA,,T31024_SURB3,T3,10/-/24,-,16,Ephemeroptera,Heptageniidae,L,BL,8,8.1,2.2,3.4,3.8,2.9,1.2,1.3,1.2,,,,,,,
CV,2/20/26,HA,,T31024_SURB3,T3,10/-/24,-,16,Ephemeroptera,Baetidae,L,BL,40,3.2,1.3,2.5,2,4.9,2.7,4.6,4.2,1.6,4.7,,,,,
CV,2/20/26,HA,,T31024_SURB3,T3,10/-/24,-,16,Trichoptera,Brachycentridae,L,BL,5,8.5,2.5,2,2.2,2.1,,,,,,,,,,
CV,2/20/26,HA,,T31024_SURB3,T3,10/-/24,-,16,Trichoptera,Hydropsychidae,L,BL,24,6.6,2.3,7.3,5.7,6.7,10.4,4.1,4,3.7,2.4,,,,,
CV,2/20/26,HA,,T31024_SURB3,T3,10/-/24,-,16,Trichoptera,Lepidostomatidae,L,BL,14,1.2,3.5,3.3,2.6,2.6,1.3,3.3,1.1,1,3.9,,,,,
CV,2/20/26,HA,,T31024_SURB3,T3,10/-/24,-,16,Coleoptera,Elmidae,L,BL,20,3,2.1,4.4,4.7,2.1,3.6,3.7,4.4,2.8,3,,,,,
CV,2/20/26,HA,,T31024_SURB3,T3,10/-/24,-,16,Diptera,Chironomidae,L,BL,1,3.2,,,,,,,,,,,,,,
CV,2/20/26,HA,,T31024_SURB3,T3,10/-/24,-,16,Diptera,Simuliidae,L,BL,13,2.2,2.3,2.5,1.4,2.2,1.9,2.6,1.6,3.5,1.6,,,,,
CV,2/20/26,HA,,T31024_SURB3,T3,10/-/24,-,16,Coleoptera,Elmidae,A,BL,3,2.3,2.5,2.6,,,,,,,,,,,,
CV,2/20/26,AW,,T31024_SURB4,T3,10/-/24,8/25/25,8,Plecoptera,Perlidae,L,BL,8,3.4,3.8,4.5,4.8,4.2,5.1,4.2,3.1,,,,222 TOTAL,,,
CV,2/20/26,AW,,T31024_SURB4,T3,10/-/24,8/25/25,8,Ephemeroptera,Ephemerellidae,L,BL,16,4,4.1,4.2,4.7,5.3,4.5,3.8,3.9,4.1,2.9,,,,,
CV,2/20/26,AW,,T31024_SURB4,T3,10/-/24,8/25/25,8,Ephemeroptera,Heptageniidae,L,BL,2,2.1,2,,,,,,,,,,,,,
CV,2/20/26,AW,,T31024_SURB4,T3,10/-/24,8/25/25,8,Ephemeroptera,Baetidae,L,BL,23,4.5,4.3,3.7,4.1,2.8,3.1,5.2,4.3,5.1,4.8,,,,,
CV,2/20/26,AW,,T31024_SURB4,T3,10/-/24,8/25/25,8,Trichoptera,Brachycentridae,L,BL,5,2.6,6.2,6.1,1.8,2.3,,,,,,,,,,
CV,2/20/26,AW,,T31024_SURB4,T3,10/-/24,8/25/25,8,Trichoptera,Glossosomatidae,L,BL,8,4.3,6.5,5.4,3.8,6.2,4.3,4.1,4.7,,,,,,,
CV,2/20/26,AW,,T31024_SURB4,T3,10/-/24,8/25/25,8,Trichoptera,Rhyacophilidae,L,BL,29,5.8,7.2,8.3,5.4,6.2,6.4,6.3,6.7,18.4,14.3,,,,,
CV,2/20/26,AW,,T31024_SURB4,T3,10/-/24,8/25/25,8,Trichoptera,Lepidostomatidae,L,BL,19,3.5,3.2,4.5,3.4,3.5,2.7,3.6,4.1,3.2,3.3,,,,,
CV,2/20/26,AW,,T31024_SURB4,T3,10/-/24,8/25/25,8,Diptera,Chironomidae,L,BL,5,5.8,5.2,4,1.8,5.2,,,,,,,,,,
CV,2/20/26,AW,,T31024_SURB4,T3,10/-/24,8/25/25,8,Diptera,Simuliidae,L,BL,4,3.5,3.8,4.3,2.4,,,,,,,,,,,
CV,2/20/26,AW,,T31024_SURB4,T3,10/-/24,8/25/25,8,Coleoptera,Elmidae,A,BL,4,2.5,3.1,2.8,3.4,,,,,,,,,,,
CV,2/20/26,AW,,T31024_SURB4,T3,10/-/24,8/25/25,8,Coleoptera,Elmidae,L,BL,91,3.5,3.6,3.1,3.4,4.6,4.7,3.1,2.9,3.2,,,,,,
CV,2/20/26,AW,,T31024_SURB4,T3,10/-/24,8/25/25,8,Diptera,n/a,A,BL,3,3.7,4.1,3.2,,,,,,,,,,,,
CV,2/20/26,AW,,T31024_SURB4,T3,10/-/24,8/25/25,8,Tricladida,Planariidae,L,BL,5,3.8,3.4,4.1,4,-,,,,,,,,,,
CV,2/20/26,AW,,T31024_SURB5,T3,10/-/24,8/25/25,16,Plecoptera,Perlidae,L,BL,1,2.8,,,,,,,,,,,113 TOTAL,,,
CV,2/20/26,AW,,T31024_SURB5,T3,10/-/24,8/25/25,16,Ephemeroptera,Ephemerellidae,L,BL,4,4.3,5.4,3.1,2.2,,,,,,,,,,,
CV,2/20/26,AW,,T31024_SURB5,T3,10/-/24,8/25/25,16,Ephemeroptera,Heptageniidae,L,BL,3,2.3,2.2,3.2,,,,,,,,,,,,
CV,2/20/26,AW,,T31024_SURB5,T3,10/-/24,8/25/25,16,Ephemeroptera,Baetidae,L,BL,31,5.2,3.1,4.8,5.4,3.1,3.3,3.3,1.4,2.8,4.4,,,,,
CV,2/20/26,AW,,T31024_SURB5,T3,10/-/24,8/25/25,16,Trichoptera,Brachycentridae,L,BL,6,2.5,2.1,1.1,1.7,4.1,6.8,5.8,4.7,3.5,,,,,,
CV,2/20/26,AW,,T31024_SURB5,T3,10/-/24,8/25/25,16,Trichoptera,Brachycentridae,L,HW,1,1,,,,,,,,,,,,,,
CV,2/20/26,AW,,T31024_SURB5,T3,10/-/24,8/25/25,16,Trichoptera,Glossosomatidae,L,BL,2,5.1,3.8,,,,,,,,,,,,,
CV,2/20/26,AW,,T31024_SURB5,T3,10/-/24,8/25/25,16,Trichoptera,Hydropsychidae,L,BL,21,2.1,1.8,11.8,4.1,5.2,6.3,11.3,4.2,,,,,,,
CV,2/20/26,AW,,T31024_SURB5,T3,10/-/24,8/25/25,16,Trichoptera,Lepidostomatidae,L,BL,15,2.4,1.7,3.4,3.3,1.1,1.8,2.7,3.1,3.2,4.3,,,,,
CV,2/20/26,AW,,T31024_SURB5,T3,10/-/24,8/25/25,16,Diptera,Chironomidae,L,BL,1,1.8,,,,,,,,,,,,,,
CV,2/20/26,AW,,T31024_SURB5,T3,10/-/24,8/25/25,16,Diptera,Simuliidae,L,BL,3,1.7,1.8,0.7,,,,,,,,,,,,
CV,2/20/26,AW,,T31024_SURB5,T3,10/-/24,8/25/25,16,Diptera,n/a,A,BL,4,2.1,1.8,1.1,1.3,,,,,,,,,,,
CV,2/20/26,AW,,T31024_SURB5,T3,10/-/24,8/25/25,16,Trombidiformes,Hydrachnidae,A,BL,1,0.6,,,,,,,,,,,,,,
CV,2/20/26,AW,,T31024_SURB5,T3,10/-/24,8/25/25,16,Coleoptera,Elmidae,L,BL,19,3.8,2.1,3.3,3.4,3.9,2.8,3.9,4.2,2.1,2.3,,,,,
CV,2/20/26,AW,,T31024_SURB5,T3,10/-/24,8/25/25,16,Coleoptera,Elmidae,A,BL,1,2.5,,,,,,,,,,,,,,
CV,2/25/26,Sarah,,ER1024_SURB1,ER,10/-/24,-,10,Plecoptera,Perlidae,L,BL,4,3.3,2.1,2.2,2.2,,,,,,,,206 TOTAL,,,
CV,2/25/26,Sarah,,ER1024_SURB1,ER,10/-/24,-,10,Ephemeroptera,Ephemerellidae,L,BL,21,2,3.2,2.3,2.1,2.7,4.3,1.9,2.2,2.4,2.1,,,,,
CV,2/25/26,Sarah,,ER1024_SURB1,ER,10/-/24,-,10,Ephemeroptera,Baetidae,L,BL,85,1.8,2.1,1.5,1.4,1.2,1.8,2.4,1.2,1.1,0.9,,,,,
CV,2/25/26,Sarah,,ER1024_SURB1,ER,10/-/24,-,10,Trichoptera,Brachycentridae,L,BL,2,7.9,9.1,,,,,,,,,,,,,
CV,2/25/26,Sarah,,ER1024_SURB1,ER,10/-/24,-,10,Trichoptera,Glossosomatidae,L,BL,8,2.1,2.2,2.7,2.5,2.1,3.1,4.5,2.7,,,,,,,
CV,2/25/26,Sarah,,ER1024_SURB1,ER,10/-/24,-,10,Trichoptera,Glossosomatidae,L,HW,1,1.1,,,,,,,,,,,,,,
CV,2/25/26,Sarah,,ER1024_SURB1,ER,10/-/24,-,10,Trichoptera,Hydropsychidae,L,BL,57,4,3.7,3.5,8.9,10.4,3.1,2.2,2.4,2.1,4.5,,,,,
CV,2/25/26,Sarah,,ER1024_SURB1,ER,10/-/24,-,10,Diptera,Chironomidae,L,BL,24,3.5,2.6,3.1,3.2,1.8,1.4,4.1,3.8,3.4,5.1,,,,,
CV,2/25/26,Sarah,,ER1024_SURB1,ER,10/-/24,-,10,Gastropoda,n/a,A,BL,1,-,,,,,,,,,,,,,,
CV,2/25/26,Sarah,,ER1024_SURB1,ER,10/-/24,-,10,Coleoptera,Elmidae,L,BL,2,1.4,1.2,,,,,,,,,,,,,
CV,2/25/26,Sarah,,ER1024_SURB1,ER,10/-/24,-,10,Diptera,n/a,A,BL,1,2.2,,,,,,,,,,,,,,
CV,2/25/26,Sarah,,ER1024_SURB2,ER,10/-/24,-,13,Plecoptera,Perlidae,L,BL,9,2.4,2.3,3.8,4.1,1.9,2.3,3.4,3.2,2.8,,,198 TOTAL,,,
CV,2/25/26,Sarah,,ER1024_SURB2,ER,10/-/24,-,13,Ephemeroptera,Ephemerellidae,L,BL,28,3.2,3.8,3.3,1.5,3.1,4.1,2.7,2.2,3,1.4,,,,,
CV,2/25/26,Sarah,,ER1024_SURB2,ER,10/-/24,-,13,Ephemeroptera,Heptageniidae,L,BL,1,2.1,,,,,,,,,,,,,,
CV,2/25/26,Sarah,,ER1024_SURB2,ER,10/-/24,-,13,Ephemeroptera,Baetidae,L,BL,10,2.1,1.3,1.3,1.5,1.3,1.7,2.3,1.8,0.9,2.1,,,,,
CV,2/25/26,Sarah,,ER1024_SURB2,ER,10/-/24,-,13,Trichoptera,Glossosomatidae,L,BL,45,1.1,4.6,5.4,1.1,2.8,2.1,3.8,7.8,1.7,3.3,,,,,
CV,2/25/26,Sarah,,ER1024_SURB2,ER,10/-/24,-,13,Trichoptera,Hydropsychidae,L,BL,28,4.5,6.6,4.3,4.3,6.5,3.1,9.2,6.1,5.7,5.1,,,,,
CV,2/25/26,Sarah,,ER1024_SURB2,ER,10/-/24,-,13,Trichoptera,Lepidostomatidae,L,BL,2,2.7,2.9,,,,,,,,,,,,,
CV,2/25/26,Sarah,,ER1024_SURB2,ER,10/-/24,-,13,Diptera,Chironomidae,L,BL,67,5.3,4.2,5.8,6.2,6.4,8.9,4.2,3.3,1.1,2.9,,,,,
CV,2/25/26,Sarah,,ER1024_SURB2,ER,10/-/24,-,13,Coleoptera,Elmidae,L,BL,7,4.6,2.5,2,1.9,3.5,3,1.2,,,,,,,,
CV,2/25/26,Sarah,,ER1024_SURB2,ER,10/-/24,-,13,Coleoptera,Elmidae,A,BL,1,2.4,,,,,,,,,,,,,,
CV,2/25/26,K,,ER1024_SURB3,ER,10/-/24,-,16,Plecoptera,Perlidae,L,BL,3,4,3.5,3.1,,,,,,,,,162,TOTAL,,
CV,2/25/26,K,,ER1024_SURB3,ER,10/-/24,-,16,Ephemeroptera,Ephemerellidae,L,BL,13,3.1,3.5,1.9,3.9,2.8,3.1,2.5,2,3,2.9,,,,,
CV,2/25/26,K,,ER1024_SURB3,ER,10/-/24,-,16,Ephemeroptera,Baetidae,L,BL,45,2,1.8,1.3,2.2,1.9,1,1.3,1.6,2.1,1.9,,,,,
CV,2/25/26,K,,ER1024_SURB3,ER,10/-/24,-,16,Trichoptera,Brachycentridae,L,BL,2,10,3.2,,,,,,,,,,,,,
CV,2/25/26,K,,ER1024_SURB3,ER,10/-/24,-,16,Trichoptera,Hydropsychidae,L,BL,42,9,5.2,5.1,3.2,12.1,5.9,6.9,3.5,4.9,8,,,,,
CV,2/25/26,K,,ER1024_SURB3,ER,10/-/24,-,16,Coleoptera,Elmidae,L,BL,12,4.1,1.9,2.6,2.3,5.2,2,3.1,2.2,3.9,0.9,,,,,
CV,2/25/26,K,,ER1024_SURB3,ER,10/-/24,-,16,Diptera,Chironomidae,A,BL,1,2.9,,,,,,,,,,,,,,
CV,2/25/26,K,,ER1024_SURB3,ER,10/-/24,-,16,Diptera,Chironomidae,L,BL,41,5.4,2.1,3.2,3.9,6.1,5,4.5,1.4,1.5,4,,,,,
CV,2/25/26,K,,ER1024_SURB3,ER,10/-/24,-,16,Coleoptera,Elmidae,A,BL,2,2.7,2.6,,,,,,,,,,,,,
CV,2/25/26,K,,ER1024_SURB3,ER,10/-/24,-,16,n/a,other,P,BL,1,3.1,,,,,,,,,,,,,,
CV,2/26/26,K,,ER1024_SURB4,ER,10/-/24,-,16,Plecoptera,Perlidae,L,BL,14,2.3,4.1,3.1,3.4,4.2,5.6,3.1,2.9,2.1,2.3,,,,,
CV,2/26/26,K,,ER1024_SURB4,ER,10/-/24,-,16,Ephemeroptera,Ephemerellidae,L,BL,21,3.8,2.7,3.1,2.1,1.8,2.7,3.1,2.6,2.7,2,,,,,
CV,2/26/26,K,,ER1024_SURB4,ER,10/-/24,-,16,Ephemeroptera,Baetidae,L,BL,14,1.8,1.4,1.3,1.2,1.5,1.7,2,1.9,1.7,1.2,,,,,
CV,2/26/26,K,,ER1024_SURB4,ER,10/-/24,-,16,Ephemeroptera,Leptophlebidae,L,BL,1,4,,,,,,,,,,,,,,
CV,2/26/26,K,,ER1024_SURB4,ER,10/-/24,-,16,Trichoptera,Glossosomatidae,L,BL,12,5.1,5.4,4.3,4,2.8,3.7,2.9,2.3,4,2.7,,,,,
CV,2/26/26,K,,ER1024_SURB4,ER,10/-/24,-,16,Trichoptera,Hydropsychidae,L,BL,21,9.1,2.3,1.8,3.8,5,10.1,3.7,9.7,6.5,5,,,,,
CV,2/26/26,K,,ER1024_SURB4,ER,10/-/24,-,16,Trichoptera,Lepidostomatidae,L,BL,2,3.2,3.4,,,,,,,,,,,,,
CV,2/26/26,K,,ER1024_SURB4,ER,10/-/24,-,16,Diptera,Chironomidae,L,BL,61,2.1,2.6,1.9,2.3,3.3,1.9,1.5,3.1,2,7.1,,,,,
CV,2/26/26,K,,ER1024_SURB4,ER,10/-/24,-,16,Diptera,Athericidae,L,BL,1,8.1,,,,,,,,,,,,,,
CV,2/26/26,K,,ER1024_SURB4,ER,10/-/24,-,16,Gastropoda,n/a,A,BL,2,-,-,-,,,,,,,,,,,,
CV,2/26/26,K,,ER1024_SURB4,ER,10/-/24,-,16,Coleoptera,Elmidae,L,BL,3,2.4,2.5,2.3,,,,,,,,,,,,
CV,2/26/26,K,,ER1024_SURB4,ER,10/-/24,-,16,Diptera,n/a,P,BL,5,4.5,4.2,4.1,4.2,1.8,,,,,,,,,,
CV,2/26/26,K,,ER1024_SURB4,ER,10/-/24,-,16,Diptera,n/a,A,BL,2,2.5,4.6,,,,,,,,,,,,,
CV,2/26/26,K,,ER1024_SURB4,ER,10/-/24,-,16,Coleoptera,Elmidae,L,BL,51,4.5,3.6,3.1,4.2,2.1,2.1,1.4,2.8,4.5,3.7,,,,,
CV,2/26/26,AW,,ER1024_SURB5,ER,10/-/24,-,8,Plecoptera,Perlidae,L,BL,4,2,2.8,2,3.1,,,,,,,,,,,
CV,2/26/26,AW,,ER1024_SURB5,ER,10/-/24,-,8,Ephemeroptera,Ephemerellidae,L,BL,19,3.4,2.8,2.1,2.2,2.8,2.3,3.8,4.1,2,2.9,,,,,
CV,2/26/26,AW,,ER1024_SURB5,ER,10/-/24,-,8,Ephemeroptera,Heptageniidae,L,BL,1,2.7,,,,,,,,,,,,,,
CV,2/26/26,AW,,ER1024_SURB5,ER,10/-/24,-,8,Ephemeroptera,Baetidae,L,BL,101,1.5,1.2,1.3,1.9,2.7,1.9,1.8,1.1,0.9,1.4,,,,,
CV,2/26/26,AW,,ER1024_SURB5,ER,10/-/24,-,8,Ephemeroptera,Glossosomatidae,L,BL,16,3.5,3.3,4.1,3.7,3.8,3.9,3.2,2.9,4.5,4.1,,,,,
CV,2/26/26,AW,,ER1024_SURB5,ER,10/-/24,-,8,Trichoptera,Hydropsychidae,L,BL,27,4.5,3.3,3.2,3.1,4.8,3.7,3.1,3,1.8,8.4,,,,,
CV,2/26/26,AW,,ER1024_SURB5,ER,10/-/24,-,8,Trichoptera,Rhyacophilidae,L,BL,2,3.1,2.1,,,,,,,,,,,,,
CV,2/26/26,AW,,ER1024_SURB5,ER,10/-/24,-,8,Diptera,Chironomidae,L,BL,24,5.1,4.3,5.1,5.9,3.6,2.1,1.2,5.9,6.2,5.8,,,,,
CV,2/26/26,AW,,ER1024_SURB5,ER,10/-/24,-,8,Coleoptera,Elmidae,L,BL,7,4.5,2.8,3.8,3.5,4.2,4.5,4.7,,,,,,,,
CV,2/26/26,AW,,ER1024_SURB5,ER,10/-/24,-,8,Coleoptera,Elmidae,A,BL,2,2.3,2.4,,,,,,,,,,,,,
CV,2/26/26,AW,,ER1024_SURB5,ER,10/-/24,-,8,Gastropoda,n/a,A,BL,1,-,,,,,,,,,,,,,,
CV,2/26/26,AW,,ER1024_SURB5,ER,10/-/24,-,8,Diptera,n/a,A,BL,4,1.8,3.8,4,1.2,,,,,,,,,,,
CV,2/26/26,Kelley,,CR1024_SURB1,CR,10/-/24,9/-/25,9,Plecoptera,Perlidae,L,BL,2,2.6,2.3,,,,,,,,,,,,,
CV,2/26/26,Kelley,,CR1024_SURB1,CR,10/-/24,9/-/25,9,Ephemeroptera,Ephemerellidae,L,BL,16,3.3,2.4,3.8,3.5,3.2,2.7,3,2.9,4.1,4.2,,,,,
CV,2/26/26,Kelley,,CR1024_SURB1,CR,10/-/24,9/-/25,9,Ephemeroptera,Heptageniidae,L,BL,3,2.8,3.1,1.3,,,,,,,,,,,,
CV,2/26/26,Kelley,,CR1024_SURB1,CR,10/-/24,9/-/25,9,Ephemeroptera,Baetidae,L,BL,116,4.5,2,1.7,2.2,1.3,2.3,1.8,1.7,2.2,2.5,,,,,
CV,2/26/26,Kelley,,CR1024_SURB1,CR,10/-/24,9/-/25,9,Trichoptera,Brachycentridae,L,BL,12,9.2,4.3,10.6,3.8,4,9.2,10.9,4.5,11.8,10.5,,,,,
CV,2/26/26,Kelley,,CR1024_SURB1,CR,10/-/24,9/-/25,9,Trichoptera,Hydropsychidae,L,BL,41,12,5.2,2.6,12.2,7.3,11.9,7.5,4.7,2.5,8.5,,,,,
CV,2/26/26,Kelley,,CR1024_SURB1,CR,10/-/24,9/-/25,9,Trichoptera,Lepidostomatidae,L,BL,3,5.5,3,3.2,,,,,,,,,,,,
CV,2/26/26,Kelley,,CR1024_SURB1,CR,10/-/24,9/-/25,9,Trichoptera,Lepidostomatidae,L,HW,1,0.5,,,,,,,,,,,,,,
CV,2/26/26,Kelley,,CR1024_SURB1,CR,10/-/24,9/-/25,9,Coleoptera,Elmidae,L,BL,6,4.1,3,3,5,2.9,4.3,,,,,,,,,
CV,2/26/26,Kelley,,CR1024_SURB1,CR,10/-/24,9/-/25,9,Diptera,Limoniidae,L,BL,1,8,,,,,,,,,,,,,,
CV,2/26/26,Kelley,,CR1024_SURB1,CR,10/-/24,9/-/25,9,Diptera,Chironomidae,L,BL,22,6.1,4.8,5.7,4.1,3,2.5,6,3.7,5.3,4.2,,,,,
CV,2/26/26,Kelley,,CR1024_SURB1,CR,10/-/24,9/-/25,9,Diptera,Simuliidae,L,BL,1,2.3,,,,,,,,,,,,,,
CV,2/26/26,Kelley,,CR1024_SURB1,CR,10/-/24,9/-/25,9,Coleoptera,n/a,A,BL,1,2.4,,,,,,,,,,,,,,
CV,2/26/26,Kelley,,CR1024_SURB1,CR,10/-/24,9/-/25,9,Gastropoda,n/a,A,BL,2,2.9,2.8,,,,,,,,,,,,,
CV,2/26/26,Kelley,,CR1024_SURB2,CR,10/-/24,9/-/25,11,Plecoptera,Pteronarcyidae,L,BL,1,34.5,,,,,,,,,,,,,,
CV,2/26/26,Kelley,,CR1024_SURB2,CR,10/-/24,9/-/25,11,Plecoptera,Perlidae,L,BL,1,1.9,,,,,,,,,,,,,,
CV,2/26/26,Kelley,,CR1024_SURB2,CR,10/-/24,9/-/25,11,Ephemeroptera,Ephemerellidae,L,BL,33,4.5,2.3,2.7,4,2.1,3.5,3.9,1.3,2.3,4.2,,,,,
CV,2/26/26,Kelley,,CR1024_SURB2,CR,10/-/24,9/-/25,11,Ephemeroptera,Heptageniidae,L,BL,3,1.2,6.7,1.2,,,,,,,,,,,,
CV,2/26/26,Kelley,,CR1024_SURB2,CR,10/-/24,9/-/25,11,Ephemeroptera,Baetidae,L,BL,75,2.1,2.5,2,1.9,2.1,2.3,2,2.4,1.9,3,,,,,
CV,2/26/26,Kelley,,CR1024_SURB2,CR,10/-/24,9/-/25,11,Ephemeroptera,Leptophlebidae,L,BL,2,2.2,2.5,,,,,,,,,,,,,
CV,2/26/26,Kelley,,CR1024_SURB2,CR,10/-/24,9/-/25,11,Trichoptera,Brachycentridae,L,BL,15,8,6.2,3.4,5.9,4,3.4,4.6,7.7,3.2,3,,,,,
CV,2/26/26,Kelley,,CR1024_SURB2,CR,10/-/24,9/-/25,11,Trichoptera,Hydropsychidae,L,BL,33,12.7,3.5,12.9,5.5,2.9,6,8,3.7,11.7,3,,,,,
CV,2/26/26,Kelley,,CR1024_SURB2,CR,10/-/24,9/-/25,11,Trichoptera,Lepidostomatidae,L,BL,2,2,2.6,,,,,,,,,,,,,
CV,2/26/26,Kelley,,CR1024_SURB2,CR,10/-/24,9/-/25,11,Trichoptera,Lepidostomatidae,L,HW,1,0.5,,,,,,,,,,,,,,
CV,2/26/26,Kelley,,CR1024_SURB2,CR,10/-/24,9/-/25,11,Coleoptera,Elmidae,L,BL,7,5.4,2.1,3.1,2.5,4.9,2.4,2,,,,,,,,
CV,2/26/26,Kelley,,CR1024_SURB2,CR,10/-/24,9/-/25,11,Diptera,Limoniidae,L,BL,1,3.3,,,,,,,,,,,,,,
CV,2/26/26,Kelley,,CR1024_SURB2,CR,10/-/24,9/-/25,11,Diptera,Chironomidae,L,BL,30,9.2,3.2,3.7,5.1,6.6,6,4.5,6,1.6,3,,,,,
CV,2/26/26,Kelley,,CR1024_SURB2,CR,10/-/24,9/-/25,11,Diptera,Athericidae,L,BL,1,8.2,,,,,,,,,,,,,,
CV,2/26/26,Kelley,,CR1024_SURB2,CR,10/-/24,9/-/25,11,Gastropoda,n/a,A,BL,4,4.7,2.8,4.6,4.8,,,,,,,,,,,
CV,2/26/26,Kelley,,CR1024_SURB2,CR,10/-/24,9/-/25,11,Diptera,Chironomidae,P,BL,3,3.9,4.1,3.7,,,,,,,,,,,,
CV,2/26/26,Kelley,,CR1024_SURB2,CR,10/-/24,9/-/25,11,Coleoptera,n/a,A,BL,1,2.5,,,,,,,,,,,,,,
CV,2/26/26,Kelley,,CR1024_SURB3,CR,10/-/24,9/-/25,16,Plecoptera,Perlidae,L,BL,1,4,,,,,,,,,,,,,,
CV,2/26/26,Kelley,,CR1024_SURB3,CR,10/-/24,9/-/25,16,Ephemeroptera,Ephemerellidae,L,BL,11,3.5,2.3,2.6,2.7,2,2.2,3.5,3.1,3.3,3,,,,,
CV,2/26/26,Kelley,,CR1024_SURB3,CR,10/-/24,9/-/25,16,Ephemeroptera,Heptageniidae,L,BL,1,2.9,,,,,,,,,,,,,,
CV,2/26/26,Kelley,,CR1024_SURB3,CR,10/-/24,9/-/25,16,Ephemeroptera,Baetidae,L,BL,35,2.1,2,1.8,1.3,1.9,1.7,2.3,1.2,1.9,1.6,,,,,
CV,2/26/26,Kelley,,CR1024_SURB3,CR,10/-/24,9/-/25,16,Trichoptera,Brachycentridae,L,BL,4,3.4,4.3,2.1,3.7,,,,,,,,,,,
CV,2/26/26,Kelley,,CR1024_SURB3,CR,10/-/24,9/-/25,16,Trichoptera,Brachycentridae,L,HW,1,0.6,,,,,,,,,,,,,,
CV,2/26/26,Kelley,,CR1024_SURB3,CR,10/-/24,9/-/25,16,Trichoptera,Hydropsychidae,L,BL,19,4,5,7.5,5,10.5,3.5,8.3,3.6,3,7,,,,,
CV,2/26/26,Kelley,,CR1024_SURB3,CR,10/-/24,9/-/25,16,Trichoptera,Lepidostomatidae,L,BL,1,2.3,,,,,,,,,,,,,,
CV,2/26/26,Kelley,,CR1024_SURB3,CR,10/-/24,9/-/25,16,Coleoptera,Elmidae,L,BL,8,3.9,5,2.6,5.2,4.5,4.6,1.8,4.5,,,,,,,
CV,2/27/26,Kelley,,CR1024_SURB3,CR,10/-/24,9/-/25,16,Diptera,Limoniidae,L,BL,2,3.6,3,,,,,,,,,,,,,
CV,2/27/26,Kelley,,CR1024_SURB3,CR,10/-/24,9/-/25,16,Diptera,Chironomidae,L,BL,31,4.8,4.6,2.8,2.4,6.5,7.2,2.7,3.7,6.3,4.6,,,,,
CV,2/27/26,Kelley,,CR1024_SURB3,CR,10/-/24,9/-/25,16,Diptera,Simuliidae,L,BL,1,1.7,,,,,,,,,,,,,,
CV,2/27/26,Kelley,,CR1024_SURB3,CR,10/-/24,9/-/25,16,Diptera,Athericidae,L,BL,1,7.5,,,,,,,,,,,,,,
CV,2/27/26,Kelley,,CR1024_SURB3,CR,10/-/24,9/-/25,16,Diptera,Chironomidae,P,BL,3,3.8,3.4,3,,,,,,,,,,,,
CV,2/27/26,Kelley,,CR1024_SURB4,CR,10/-/24,9/-/25,8,Ephemeroptera,Ephemerellidae,L,BL,72,3.4,2.2,2.6,2.7,3.9,4.1,2.1,2.4,3.3,2.9,,,,,
CV,2/27/26,Kelley,,CR1024_SURB4,CR,10/-/24,9/-/25,8,Ephemeroptera,Heptageniidae,L,BL,2,4.2,2.2,,,,,,,,,,,,,
CV,2/27/26,Kelley,,CR1024_SURB4,CR,10/-/24,9/-/25,8,Ephemeroptera,Baetidae,L,BL,60,4.2,2,1.9,2,2,2.5,1.8,2.1,1.9,2.2,,,,,
CV,2/27/26,Kelley,,CR1024_SURB4,CR,10/-/24,9/-/25,8,Trichoptera,Brachycentridae,L,BL,10,9.4,11,11.2,8.5,9.5,6.5,7,3.5,3,3.7,,,,,
CV,2/27/26,Kelley,,CR1024_SURB4,CR,10/-/24,9/-/25,8,Trichoptera,Hydropsychidae,L,BL,38,9.5,4.5,3.7,5.5,11.1,4,2.9,5,11.3,4.3,,,,,
CV,2/27/26,Kelley,,CR1024_SURB4,CR,10/-/24,9/-/25,8,Trichoptera,Lepidostomatidae,L,BL,1,3.7,,,,,,,,,,,,,,
CV,2/27/26,Kelley,,CR1024_SURB4,CR,10/-/24,9/-/25,8,Trichoptera,Lepidostomatidae,L,HW,2,0.5,0.5,,,,,,,,,,,,,
CV,2/27/26,Kelley,,CR1024_SURB4,CR,10/-/24,9/-/25,8,Coleoptera,Elmidae,L,BL,10,5.4,4.1,3.7,2.4,1.9,5.2,2.5,2.1,2.1,1.8,,,,,
CV,2/27/26,Kelley,,CR1024_SURB4,CR,10/-/24,9/-/25,8,Diptera,Limoniidae,L,BL,1,2.6,,,,,,,,,,,,,,
CV,2/27/26,Kelley,,CR1024_SURB4,CR,10/-/24,9/-/25,8,Diptera,Chironomidae,L,BL,25,7.1,1.5,4.9,2.5,4,5,6.9,7.1,4.7,5.1,,,,,
CV,2/27/26,Kelley,,CR1024_SURB4,CR,10/-/24,9/-/25,8,Diptera,Simuliidae,L,BL,1,5.6,,,,,,,,,,,,,,
CV,2/27/26,Kelley,,CR1024_SURB4,CR,10/-/24,9/-/25,8,Diptera,Athericidae,L,BL,3,9.2,6.8,7.3,,,,,,,,,,,,
CV,2/27/26,Kelley,,CR1024_SURB4,CR,10/-/24,9/-/25,8,Diptera,Chironomidae,P,BL,3,4.9,3.5,3.2,,,,,,,,,,,,
CV,2/27/26,Kelley,,CR1024_SURB4,CR,10/-/24,9/-/25,8,Coleoptera,n/a,A,BL,3,2.6,2.4,2.3,,,,,,,,,,,,
CV,2/27/26,Kelley,,CR1024_SURB4,CR,10/-/24,9/-/25,8,Diptera,Chironomidae,A,BL,1,3.4,,,,,,,,,,,,,,
CV,2/27/26,Kelley,,CR1024_SURB4,CR,10/-/24,9/-/25,8,Trombidiformes,Hydrachnidae,A,BL,1,1.2,,,,,,,,,,,,,,
CV,2/27/26,Kelley/SV,,CR1024_SURB5,CR,10/-/24,9/-/25,16,Ephemeroptera,Ephemerellidae,L,BL,18,3,2.2,3.1,2,2,4.5,2.9,3.3,3.3,3.2,,138 TOTAL,,,
CV,2/27/26,Kelley/SV,,CR1024_SURB5,CR,10/-/24,9/-/25,16,Ephemeroptera,Heptageniidae,L,BL,3,3.5,4.3,4.5,,,,,,,,,,,,
CV,2/27/26,Kelley/SV,,CR1024_SURB5,CR,10/-/24,9/-/25,16,Ephemeroptera,Baetidae,L,BL,9,2.4,5,2.4,2.1,2.9,2.7,1.6,1.7,4.3,,,,,,
CV,2/27/26,Kelley/SV,,CR1024_SURB5,CR,10/-/24,9/-/25,16,Trichoptera,Psychomyiidae,L,BL,1,4,,,,,,,,,,,,,,
CV,2/27/26,Kelley/SV,,CR1024_SURB5,CR,10/-/24,9/-/25,16,Trichoptera,Hydropsychidae,L,BL,7,5.2,7.5,6.6,4.5,2.3,2.6,1.2,,,,,,,,
CV,2/27/26,Kelley/SV,,CR1024_SURB5,CR,10/-/24,9/-/25,16,Trichoptera,Lepidostomatidae,L,BL,11,2.2,3.4,3.5,3.9,3,3.5,1.7,3.2,2.7,2,,,,,
CV,2/27/26,Kelley/SV,,CR1024_SURB5,CR,10/-/24,9/-/25,16,Diptera,Elmidae,L,BL,8,3.3,5.6,5.4,1.9,2.1,2.1,2.1,1.7,,,,,,,
CV,2/27/26,Kelley/SV,,CR1024_SURB5,CR,10/-/24,9/-/25,16,Diptera,Antherix*,L,BL,1,4.5,,,,,,,,,,,*maybe Anthrax (genus)? Couldn't find Antherix anywhere online,,,
CV,2/27/26,Kelley/SV,,CR1024_SURB5,CR,10/-/24,9/-/25,16,Diptera,Chironomidae,L,BL,68,1.8,4.1,7.1,5.6,2.3,6.1,3.8,4.1,4.8,7.5,,,,,
CV,2/27/26,Kelley/SV,,CR1024_SURB5,CR,10/-/24,9/-/25,16,Diptera,Simuliidae,L,BL,3,5.6,2.3,2.5,,,,,,,,,,,,
CV,2/27/26,Kelley/SV,,CR1024_SURB5,CR,10/-/24,9/-/25,16,Gastropoda,n/a,A,BL,3,3.3,3.2,3.1,,,,,,,,,,,,
CV,2/27/26,Kelley/SV,,CR1024_SURB5,CR,10/-/24,9/-/25,16,Collembola,Springtails,A,BL,1,1.6,,,,,,,,,,,,,,
CV,2/27/26,Kelley/SV,,CR1024_SURB5,CR,10/-/24,9/-/25,16,Diptera,Chironomidae,P,BL,3,4.3,3,3.2,,,,,,,,,,,,
CV,2/27/26,Kelley/SV,,CR1024_SURB5,CR,10/-/24,9/-/25,16,Diptera,Chironomidae,A,BL,1,2.5,,,,,,,,,,,,,,
CV,2/27/26,Kelley/SV,,CR1024_SURB5,CR,10/-/24,9/-/25,16,Trombidiformes,Hydrachnidae,A,BL,1,1.3,,,,,,,,,,,,,,
CV,2/28/26,Kelley,,C1.50525_SURB1,C1.5,5/-/25,10/3/25,16,Ephemeroptera,Ephemerellidae,L,BL,1,2.5,,,,,,,,,,,lots of empty cases,,,
CV,2/28/26,Kelley,,C1.50525_SURB1,C1.5,5/-/25,10/3/25,16,Ephemeroptera,Heptageniidae,L,BL,14,4,1.4,4.5,1.7,2.7,1.9,2,1.8,1.8,1.8,,127,TOTAL (130 if counting the measured but not totalled individuals),,
CV,2/28/26,Kelley,,C1.50525_SURB1,C1.5,5/-/25,10/3/25,16,Ephemeroptera,Baetidae,L,BL,37,5,2.9,2.1,2.1,4.5,5.3,2.5,1.6,1.8,2.3,,,,,
CV,2/28/26,Kelley,,C1.50525_SURB1,C1.5,5/-/25,10/3/25,16,Ephemeroptera,Leptophlebidae,L,BL,2,2.4,4.8,,,,,,,,,,,,,
CV,2/28/26,Kelley,,C1.50525_SURB1,C1.5,5/-/25,10/3/25,16,Trichoptera,Brachycentridae,L,BL,3,4.2,2.3,3.3,,,,,,,,,,,,
CV,2/28/26,Kelley,,C1.50525_SURB1,C1.5,5/-/25,10/3/25,16,Trichoptera,Hydropsychidae,L,BL,1,12.3,7.5,12.1,,,,,,,,,"sheet says 1 individual, 3 measured",,,
CV,2/28/26,Kelley,,C1.50525_SURB1,C1.5,5/-/25,10/3/25,16,Trichoptera,Lepidostomatidae,L,BL,17,3.5,5.3,1.5,5.6,2.1,5.7,3.4,1.6,-,-,,,,,
CV,2/28/26,Kelley,,C1.50525_SURB1,C1.5,5/-/25,10/3/25,16,Trichoptera,Lepidostomatidae,L,HW,2,0.3,0.2,,,,,,,,,,,,,
CV,2/28/26,Kelley,,C1.50525_SURB1,C1.5,5/-/25,10/3/25,16,Coleoptera,Elmidae,L,BL,1,3.5,2.6,,,,,,,,,,"sheet says 1 individual, 2 measured",,,
CV,2/28/26,Kelley,,C1.50525_SURB1,C1.5,5/-/25,10/3/25,16,Diptera,Limoniidae,L,BL,5,7.7,7.5,8,7.5,5,,,,,,,,,,
CV,2/28/26,Kelley,,C1.50525_SURB1,C1.5,5/-/25,10/3/25,16,Diptera,Chironomidae,L,BL,35,1.7,4,1.6,4,3.6,2.1,5.5,3.5,2.2,1.4,,,,,
CV,2/28/26,Kelley,,C1.50525_SURB1,C1.5,5/-/25,10/3/25,16,Diptera,Athericidae,L,BL,1,4,,,,,,,,,,,,,,
CV,2/28/26,Kelley,,C1.50525_SURB1,C1.5,5/-/25,10/3/25,16,Trichoptera,Brachycentridae,P,BL,3,9,7.2,8.5,,,,,,,,,,,,
CV,2/28/26,Kelley,,C1.50525_SURB1,C1.5,5/-/25,10/3/25,16,Trichoptera,Brachycentridae,P,HW,3,1.4,1.5,1.4,,,,,,,,,,,,
CV,2/28/26,Kelley,,C1.50525_SURB1,C1.5,5/-/25,10/3/25,16,Diptera,Chironomidae,A,BL,1,2.9,,,,,,,,,,,,,,
CV,2/28/26,Kelley,,C1.50525_SURB1,C1.5,5/-/25,10/3/25,16,Diptera,Chironomidae,P,BL,1,2,,,,,,,,,,,,,,
CV,2/28/26,Kelley,,C1.50525_SURB2,C1.5,5/-/25,10/3/25,16,Plecoptera,Chloroperlidae,L,BL,1,5,,,,,,,,,,,152,TOTAL,,
CV,2/28/26,Kelley,,C1.50525_SURB2,C1.5,5/-/25,10/3/25,16,Ephemeroptera,Ephemerellidae,L,BL,30,7,2.3,12,10,1.7,1.8,1.9,5.7,3.1,2,,,,,
CV,2/28/26,Kelley,,C1.50525_SURB2,C1.5,5/-/25,10/3/25,16,Ephemeroptera,Heptageniidae,L,BL,16,4.2,1.8,6.3,3.4,4.2,6.8,1.3,1.4,8.4,5.1,,,,,
CV,2/28/26,Kelley,,C1.50525_SURB2,C1.5,5/-/25,10/3/25,16,Ephemeroptera,Baetidae,L,BL,33,3.1,3.1,1.8,2.4,3.7,2.1,1.5,7.9,3,2.4,,,,,
CV,2/28/26,Kelley,,C1.50525_SURB2,C1.5,5/-/25,10/3/25,16,Ephemeroptera,Leptophlebidae,L,BL,6,4.8,2.6,1.5,4.7,3.4,5.7,,,,,,,,,
CV,2/28/26,Kelley,,C1.50525_SURB2,C1.5,5/-/25,10/3/25,16,Trichoptera,Hydropsychidae,L,BL,4,16.5,19.7,15.5,5,,,,,,,,,,,
CV,2/28/26,Kelley,,C1.50525_SURB2,C1.5,5/-/25,10/3/25,16,Trichoptera,Rhyacophilidae,L,BL,3,11.4,7,2.5,,,,,,,,,,,,
CV,2/28/26,Kelley,,C1.50525_SURB2,C1.5,5/-/25,10/3/25,16,Trichoptera,Lepidostomatidae,L,BL,5,6.3,4.8,4.7,4.4,3,,,,,,,,,,
CV,2/28/26,Kelley,,C1.50525_SURB2,C1.5,5/-/25,10/3/25,16,Trichoptera,Lepidostomatidae,L,HW,3,0.5,0.5,0.5,,,,,,,,,,,,
CV,2/28/26,Kelley,,C1.50525_SURB2,C1.5,5/-/25,10/3/25,16,Coleoptera,Elmidae,L,BL,13,3.1,2.6,4.3,3.2,5,5.1,4.6,4.1,2.2,2.4,,,,,
CV,2/28/26,Kelley,,C1.50525_SURB2,C1.5,5/-/25,10/3/25,16,Diptera,Limoniidae,L,BL,5,5,7.5,9.5,4.7,4.5,,,,,,,,,,
CV,2/28/26,Kelley,,C1.50525_SURB2,C1.5,5/-/25,10/3/25,16,Diptera,Chironomidae,L,BL,20,7.4,2,4,2,3.8,2.8,1.6,3.7,3.4,2.5,,,,,
CV,2/28/26,Kelley,,C1.50525_SURB2,C1.5,5/-/25,10/3/25,16,Diptera,Simuliidae,L,BL,1,4,,,,,,,,,,,,,,
CV,2/28/26,Kelley,,C1.50525_SURB2,C1.5,5/-/25,10/3/25,16,Coleoptera,n/a,A,BL,1,2.8,,,,,,,,,,,,,,
CV,2/28/26,Kelley,,C1.50525_SURB2,C1.5,5/-/25,10/3/25,16,Diptera,Chironomidae,P,BL,7,1.8,2,2.6,2.4,2.4,2.3,2.1,,,,,,,,
CV,2/28/26,Kelley,,C1.50525_SURB2,C1.5,5/-/25,10/3/25,16,n/a,terrestrial,A,BL,1,5.3,,,,,,,,,,,,,,
CV,2/28/26,Kelley,,C1.50525_SURB2,C1.5,5/-/25,10/3/25,16,Amphipoda,Crangonyctidae,A,BL,1,3.9,,,,,,,,,,,,,,
CV,2/28/26,Kelley,,C1.50525_SURB2,C1.5,5/-/25,10/3/25,16,Diptera,Chironomidae,A,BL,1,2.3,,,,,,,,,,,,,,
CV,2/28/26,Kelley,,C1.50525_SURB2,C1.5,5/-/25,10/3/25,16,Podocopida,Ostracod,A,BL,1,1.3,,,,,,,,,,,,,,
CV,2/28/26,Kelley,,C1.50525_SURB3,C1.5,5/-/25,10/7/25,16,Ephemeroptera,Heptageniidae,L,BL,1,1.6,,,,,,,,,,,lots of exoskeletons,,,
CV,2/28/26,Kelley,,C1.50525_SURB3,C1.5,5/-/25,10/7/25,16,Ephemeroptera,Baetidae,L,BL,12,3.4,2,2.1,1.9,1.6,1.5,1.9,1.7,1.5,1.5,,18,TOTAL,,
CV,2/28/26,Kelley,,C1.50525_SURB3,C1.5,5/-/25,10/7/25,16,Ephemeroptera,Leptophlebidae,L,BL,1,4.6,,,,,,,,,,,,,,
CV,2/28/26,Kelley,,C1.50525_SURB3,C1.5,5/-/25,10/7/25,16,Diptera,Chironomidae,L,BL,2,3.4,2.2,,,,,,,,,,,,,
CV,2/28/26,Kelley,,C1.50525_SURB3,C1.5,5/-/25,10/7/25,16,Diptera,Chironomidae,P,BL,2,2.5,2,,,,,,,,,,,,,
CV,2/28/26,Kelley,,C1.50525_SURB4,C1.5,5/-/25,10/7/25,16,Ephemeroptera,Ephemerellidae,L,BL,11,10.3,9.7,9.8,2,2.7,1.9,1.6,2.2,2.7,1.7,,lots of exoskeletons,,,
CV,2/28/26,Kelley,,C1.50525_SURB4,C1.5,5/-/25,10/7/25,16,Ephemeroptera,Heptageniidae,L,BL,22,3,3.1,3.1,2.3,2.3,1.6,1.9,1.1,2.1,5.8,,136,TOTAL,,
CV,2/28/26,Kelley,,C1.50525_SURB4,C1.5,5/-/25,10/7/25,16,Ephemeroptera,Baetidae,L,BL,37,4.8,3,2.7,3.5,1.5,2,1.7,2.5,4.5,3,,,,,
CV,2/28/26,Kelley,,C1.50525_SURB4,C1.5,5/-/25,10/7/25,16,Ephemeroptera,Leptophlebidae,L,BL,8,2.9,2.6,5.2,6.8,5.8,3.1,4.8,3.7,,,,,,,
CV,2/28/26,Kelley,,C1.50525_SURB4,C1.5,5/-/25,10/7/25,16,Trichoptera,Hydropsychidae,L,BL,3,16.5,8.5,11.5,,,,,,,,,,,,
CV,2/28/26,Kelley,,C1.50525_SURB4,C1.5,5/-/25,10/7/25,16,Trichoptera,Rhyacophilidae,L,BL,1,6,,,,,,,,,,,,,,
CV,2/28/26,Kelley,,C1.50525_SURB4,C1.5,5/-/25,10/7/25,16,Trichoptera,Lepidostomatidae,L,BL,6,3.1,3.3,3.4,3.9,2.9,3,,,,,,,,,
CV,2/28/26,Kelley,,C1.50525_SURB4,C1.5,5/-/25,10/7/25,16,Trichoptera,Lepidostomatidae,L,HW,3,0.2,0.4,0.2,,,,,,,,,,,,
CV,2/28/26,Kelley,,C1.50525_SURB4,C1.5,5/-/25,10/7/25,16,Coleoptera,Elmidae,L,BL,10,3,2.7,4.1,3.3,4,4.2,4.1,3,1.8,2,,,,,
CV,2/28/26,Kelley,,C1.50525_SURB4,C1.5,5/-/25,10/7/25,16,Diptera,Limoniidae,L,BL,3,6.2,5.6,6.9,,,,,,,,,,,,
CV,2/28/26,Kelley,,C1.50525_SURB4,C1.5,5/-/25,10/7/25,16,Diptera,Chironomidae,L,BL,19,4,3.9,2,3.9,3.5,2.2,2.8,1.5,2.3,3.1,,,,,
CV,2/28/26,Kelley,,C1.50525_SURB4,C1.5,5/-/25,10/7/25,16,Diptera,Simuliidae,L,BL,1,3.4,,,,,,,,,,,,,,
CV,2/28/26,Kelley,,C1.50525_SURB4,C1.5,5/-/25,10/7/25,16,Diptera,Chironomidae,P,BL,7,2,2.1,2.2,2.2,1.7,2,2.6,,,,,,,,
CV,2/28/26,Kelley,,C1.50525_SURB4,C1.5,5/-/25,10/7/25,16,Diptera,Chironomidae,A,BL,4,2,2,2.3,2.1,,,,,,,,,,,
CV,2/28/26,Kelley,,C1.50525_SURB4,C1.5,5/-/25,10/7/25,16,Coleoptera,n/a,A,BL,1,2.5,,,,,,,,,,,,,,
CV,2/28/26,Kelley,,C1.50525_SURB5,C1.5,5/-/25,10/9/25,11,Ephemeroptera,Ephemerellidae,L,BL,19,11.6,11,6.4,3,3.3,2.6,5.7,10.5,7.5,3.7,,215,TOTAL,,
CV,2/28/26,Kelley,,C1.50525_SURB5,C1.5,5/-/25,10/9/25,11,Ephemeroptera,Heptageniidae,L,BL,25,3.5,3.9,1.5,1.7,2.9,2.3,2.9,2.1,1.1,4.2,,,,,
CV,2/28/26,Kelley,,C1.50525_SURB5,C1.5,5/-/25,10/9/25,11,Ephemeroptera,Baetidae,L,BL,54,5.5,5,4.1,1.9,1.1,2.4,2.7,3.2,1.7,2.2,,,,,
CV,2/28/26,Kelley,,C1.50525_SURB5,C1.5,5/-/25,10/9/25,11,Ephemeroptera,Leptophlebidae,L,BL,1,2,,,,,,,,,,,,,,
CV,2/28/26,Kelley,,C1.50525_SURB5,C1.5,5/-/25,10/9/25,11,Trichoptera,Rhyacophilidae,L,BL,4,10.5,6.8,4.8,5.5,,,,,,,,,,,
CV,2/28/26,Kelley,,C1.50525_SURB5,C1.5,5/-/25,10/9/25,11,Trichoptera,Brachycentridae,L,BL,4,4.2,4,3.7,3,,,,,,,,,,,
CV,2/28/26,Kelley,,C1.50525_SURB5,C1.5,5/-/25,10/9/25,11,Trichoptera,Glossosomatidae,L,BL,19,3.4,5.8,6.1,5,2.7,3.4,5.5,6.1,3.1,6.1,,,,,
CV,2/28/26,Kelley,,C1.50525_SURB5,C1.5,5/-/25,10/9/25,11,Trichoptera,Hydropsychidae,L,BL,12,25,27,14,7.5,8.9,7,11.9,12.9,9,13.8,,,,,
CV,2/28/26,Kelley,,C1.50525_SURB5,C1.5,5/-/25,10/9/25,11,Trichoptera,Lepidostomatidae,L,BL,6,3.6,1.4,4.8,6.1,6.2,1.7,,,,,,,,,
CV,2/28/26,Kelley,,C1.50525_SURB5,C1.5,5/-/25,10/9/25,11,Trichoptera,Lepidostomatidae,L,BW,2,0.5,0.7,,,,,,,,,,,,,
CV,2/28/26,Kelley,,C1.50525_SURB5,C1.5,5/-/25,10/9/25,11,Coleoptera,Elmidae,L,BL,3,3,2.2,4.8,,,,,,,,,,,,
CV,2/28/26,Kelley,,C1.50525_SURB5,C1.5,5/-/25,10/9/25,11,Diptera,Limoniidae,L,BL,4,7.4,6.3,5.9,2.3,,,,,,,,,,,
CV,2/28/26,Kelley,,C1.50525_SURB5,C1.5,5/-/25,10/9/25,11,Diptera,Chironomidae,L,BL,54,3.8,2.5,1.6,3.5,4.4,6.4,3.3,0.6,1.5,3,,,,,
CV,2/28/26,Kelley,,C1.50525_SURB5,C1.5,5/-/25,10/9/25,11,Diptera,Chironomidae,P,BL,4,2.1,2.1,2.1,1.9,,,,,,,,,,,
CV,2/28/26,Kelley,,C1.50525_SURB5,C1.5,5/-/25,10/9/25,11,Coleoptera,n/a,A,BL,1,2.6,,,,,,,,,,,,,,
CV,2/28/26,Kelley,,C1.50525_SURB5,C1.5,5/-/25,10/9/25,11,Trichoptera,n/a,P,BL,2,6.6,7,,,,,,,,,,,,,
CV,2/28/26,Kelley,,C1.50525_SURB5,C1.5,5/-/25,10/9/25,11,Trichoptera,n/a,P,HW,1,1.1,,,,,,,,,,,,,,
CV,3/30/26,Moira,,C20525_SURB1,C2,5/20/25,-,7,Plecoptera,Perlodidae,L,BL,2,1.5,7.6,,,,,,,,,,,,,
CV,3/30/26,Moira,,C20525_SURB1,C2,5/20/25,-,7,Ephemeroptera,Ephemerellidae,L,BL,7,6.6,2.2,2.4,2.9,1.5,2.3,2.6,,,,,,,,
CV,3/30/26,Moira,,C20525_SURB1,C2,5/20/25,-,7,Ephemeroptera,Heptageniidae,L,BL,24,1.2,4.1,1.4,1.9,3.8,2.7,0.9,1.6,3.6,1.6,,,,,
CV,3/30/26,Moira,,C20525_SURB1,C2,5/20/25,-,7,Ephemeroptera,Baetidae,L,BL,31,2.6,1.8,2.9,1.6,1.9,1.7,1.8,2.2,2.4,1.2,,,,,
CV,3/30/26,Moira,,C20525_SURB1,C2,5/20/25,-,7,Ephemeroptera,Leptophlebidae,L,BL,5,3.9,5.1,3.2,4.2,1.9,,,,,,,,,,
CV,3/30/26,Moira,,C20525_SURB1,C2,5/20/25,-,7,Trichoptera,Brachycentridae,L,BL,2,6.8,3.2,,,,,,,,,,,,,
CV,3/30/26,Moira,,C20525_SURB1,C2,5/20/25,-,7,Trichoptera,Glossosomatidae,L,BL,4,1.5,1.7,1.4,1.7,,,,,,,,,,,
CV,3/30/26,Moira,,C20525_SURB1,C2,5/20/25,-,7,Trichoptera,Hydropsychidae,L,BL,4,7.9,10.2,14.2,4.9,,,,,,,,,,,
CV,3/30/26,Moira,,C20525_SURB1,C2,5/20/25,-,7,Trichoptera,Lepidostomatidae,L,BL,3,3.6,2.1,5.1,,,,,,,,,,,,
CV,3/30/26,Moira,,C20525_SURB1,C2,5/20/25,-,7,Coleoptera,Elmidae,L,BL,10,3.9,3.4,5.2,1.9,2.7,3.8,2.3,2.6,,,,,,,
CV,3/30/26,Moira,,C20525_SURB1,C2,5/20/25,-,7,Coleoptera,Elmidae,A,BL,2,4.2,3.1,,,,,,,,,,,,,
CV,3/30/26,Moira,,C20525_SURB1,C2,5/20/25,-,7,Diptera,Chironomidae,L,BL,93,1.9,4.2,2.1,3.2,1.6,3.2,3.4,1.9,1.8,3.2,,,,,
CV,3/30/26,Moira,,C20525_SURB1,C2,5/20/25,-,7,Diptera,Athericidae,L,BL,3,5.6,5.5,3.3,,,,,,,,,,,,
CV,3/30/26,Moira,,C20525_SURB1,C2,5/20/25,-,7,Tricladida,Planariidae,A,BL,18,3.7,2.4,2.9,4.6,3.8,1.8,1.5,2.6,0.6,1.6,,,,,
CV,3/30/26,Moira,,C20525_SURB1,C2,5/20/25,-,7,Trombidiformes,Hydrachnidae,A,BL,2,0.4,0.2,,,,,,,,,,,,,
CV,3/30/26,Moira,,C20525_SURB2,C2,5/20/25,2/27/26,11,Ephemeroptera,Ephemerellidae,L,BL,2,2.6,1.4,,,,,,,,,,,,,
CV,3/30/26,Moira,,C20525_SURB2,C2,5/20/25,2/27/26,11,Ephemeroptera,Heptageniidae,L,BL,13,2.9,4.5,6.1,3.9,4.4,1.4,6.6,1.9,5.4,1.2,,,,,
CV,3/30/26,Moira,,C20525_SURB2,C2,5/20/25,2/27/26,11,Ephemeroptera,Baetidae,L,BL,26,1.9,3.9,2.2,1.8,3.5,2.3,3.8,1.9,1.8,1.2,,,,,
CV,3/30/26,Moira,,C20525_SURB2,C2,5/20/25,2/27/26,11,Ephemeroptera,Leptophlebidae,L,BL,3,1.9,2.8,3.2,,,,,,,,,,,,
CV,3/30/26,Moira,,C20525_SURB2,C2,5/20/25,2/27/26,11,Trichoptera,Brachycentridae,L,BL,1,3.6,,,,,,,,,,,,,,
CV,3/30/26,Moira,,C20525_SURB2,C2,5/20/25,2/27/26,11,Trichoptera,Glossosomatidae,L,BL,6,3.1,3.1,2.4,1.6,1.2,2.6,,,,,,,,,
CV,3/30/26,Moira,,C20525_SURB2,C2,5/20/25,2/27/26,11,Trichoptera,Hydropsychidae,L,BL,9,15.6,13.4,18.2,16.4,9.8,16.8,9.8,5.9,3.2,,,,,,
CV,3/30/26,Moira,,C20525_SURB2,C2,5/20/25,2/27/26,11,Trichoptera,Rhyacophilidae,L,BL,2,2.6,2.8,,,,,,,,,,,,,
CV,3/30/26,Moira,,C20525_SURB2,C2,5/20/25,2/27/26,11,Trichoptera,Lepidostomatidae,L,BL,7,1.2,3.2,4.1,6.4,1.6,2.2,2.4,,,,,,,,
CV,3/30/26,Moira,,C20525_SURB2,C2,5/20/25,2/27/26,11,Coleoptera,Elmidae,L,BL,21,2.4,3.3,2.7,4.2,2.6,4.3,2.4,2.3,2.9,1.4,,,,,
CV,3/30/26,Moira,,C20525_SURB2,C2,5/20/25,2/27/26,11,Diptera,Chironomidae,L,BL,104,8.4,3.6,0.7,4.4,2.8,3.4,0.8,1.6,0.4,3.3,,,,,
CV,3/30/26,Moira,,C20525_SURB2,C2,5/20/25,2/27/26,11,Diptera,Athericidae,L,BL,1,3.3,,,,,,,,,,,,,,
CV,3/30/26,Moira,,C20525_SURB2,C2,5/20/25,2/27/26,11,Tricladida,Planariidae,A,BL,20,1.4,2.3,3.3,1.1,2,2.3,0.9,3.1,3.9,,,,,,
CV,3/30/26,Moira,,C20525_SURB2,C2,5/20/25,2/27/26,11,Trombidiformes,Hydrachnidae,A,BL,1,0.4,,,,,,,,,,,,,,
CV,3/30/26,Moira,,C20525_SURB2,C2,5/20/25,2/27/26,11,Diptera,Chironomidae,P,BL,4,3,2.1,2.2,,,,,,,,,,,,
CV,3/30/26,Moira,,C20525_SURB3,C2,5/20/25,2/27/26,6,Ephemeroptera,Ephemerellidae,L,BL,48,5.3,1.6,7.2,1.2,3.1,0.7,2.4,1.3,0.8,1.5,,,,,
CV,3/30/26,Moira,,C20525_SURB3,C2,5/20/25,2/27/26,6,Ephemeroptera,Heptageniidae,L,BL,37,1.9,2.9,3.2,2.1,2,1.9,1.1,1.3,1.2,2.6,,,,,
CV,3/30/26,Moira,,C20525_SURB3,C2,5/20/25,2/27/26,6,Ephemeroptera,Baetidae,L,BL,7,4,3.8,3.5,3.9,4.4,4,4.1,,,,,,,,
CV,3/30/26,Moira,,C20525_SURB3,C2,5/20/25,2/27/26,6,Trichoptera,Glossosomatidae,L,BL,6,2.4,2.4,1.9,2.6,3.3,1.2,,,,,,,,,
CV,3/30/26,Moira,,C20525_SURB3,C2,5/20/25,2/27/26,6,Trichoptera,Hydropsychidae,L,BL,3,27.2,22.4,4.8,,,,,,,,,,,,
CV,3/30/26,Moira,,C20525_SURB3,C2,5/20/25,2/27/26,6,Trichoptera,Lepidostomatidae,L,BL,7,2.2,1.6,1.9,1.8,1.4,1.7,1.6,,,,,,,,
CV,3/30/26,Moira,,C20525_SURB3,C2,5/20/25,2/27/26,6,Coleoptera,Elmidae,L,BL,8,3.3,1.6,2.7,1.7,2.7,2.4,1.3,1.3,,,,,,,
CV,3/30/26,Moira,,C20525_SURB3,C2,5/20/25,2/27/26,6,Coleoptera,Elmidae,A,BL,2,1.3,2.3,,,,,,,,,,,,,
CV,3/30/26,Moira,,C20525_SURB3,C2,5/20/25,2/27/26,6,Diptera,Chironomidae,L,BL,81,2.2,1.8,1.4,3.9,4.4,4.2,0.8,0.7,3.7,1.3,,,,,
CV,3/30/26,Moira,,C20525_SURB3,C2,5/20/25,2/27/26,6,Diptera,Simuliidae,L,BL,6,5.4,6.1,4.4,2.3,4.6,3.3,,,,,,,,,
CV,3/30/26,Moira,,C20525_SURB3,C2,5/20/25,2/27/26,6,Tricladida,Planariidae,A,BL,17,2.6,1.8,1.3,1.6,1.7,1.8,2,2.8,2.1,2.3,,,,,
CV,3/30/26,Moira,,C20525_SURB3,C2,5/20/25,2/27/26,6,Trombidiformes,Hydrachnidae,A,BL,2,0.4,0.3,,,,,,,,,,,,,
CV,3/30/26,Moira,,C20525_SURB4,C2,5/20/25,3/9/26,6,Plecoptera,Perlodidae,L,BL,4,3.2,3.6,7.8,12.6,,,,,,,,,,,
CV,3/30/26,Moira,,C20525_SURB4,C2,5/20/25,3/9/26,6,Ephemeroptera,Ephemerellidae,L,BL,9,2.2,1.9,2.6,1.7,1.8,1.3,1.3,1.4,0.7,,,,,,
CV,3/30/26,Moira,,C20525_SURB4,C2,5/20/25,3/9/26,6,Ephemeroptera,Heptageniidae,L,BL,25,5.2,1.2,2.7,1.3,2.4,2.1,4.8,1.4,1.6,5.5,,,,,
CV,3/30/26,Moira,,C20525_SURB4,C2,5/20/25,3/9/26,6,Ephemeroptera,Baetidae,L,BL,41,1.9,2.9,5.2,0.8,3.3,2.2,2.6,1.5,1.2,3,,,,,
CV,3/30/26,Moira,,C20525_SURB4,C2,5/20/25,3/9/26,6,Ephemeroptera,Leptophlebidae,L,BL,4,4.2,4.9,2.4,6.3,,,,,,,,,,,
CV,3/30/26,Moira,,C20525_SURB4,C2,5/20/25,3/9/26,6,Trichoptera,Brachycentridae,L,BL,3,5.9,5.6,1.6,,,,,,,,,,,,
CV,3/30/26,Moira,,C20525_SURB4,C2,5/20/25,3/9/26,6,Trichoptera,Glossosomatidae,L,BL,8,5.4,1.5,4.9,3.1,1.8,2.5,2.7,1.6,,,,,,,
CV,3/30/26,Moira,,C20525_SURB4,C2,5/20/25,3/9/26,6,Trichoptera,Hydropsychidae,L,BL,13,8.2,13.4,6.8,4.6,17.4,6.4,14.2,15.3,14,13.1,,,,,
CV,3/30/26,Moira,,C20525_SURB4,C2,5/20/25,3/9/26,6,Trichoptera,Lepidostomatidae,L,BL,3,3.7,8.8,2.7,,,,,,,,,,,,
CV,3/30/26,Moira,,C20525_SURB4,C2,5/20/25,3/9/26,6,Coleoptera,Elmidae,L,BL,7,2.6,5.6,5.3,3.2,3,3.4,3.7,,,,,,,,
CV,3/30/26,Moira,,C20525_SURB4,C2,5/20/25,3/9/26,6,Coleoptera,Elmidae,A,BL,2,2.1,2.5,,,,,,,,,,,,,
CV,3/30/26,Moira,,C20525_SURB4,C2,5/20/25,3/9/26,6,Coleoptera,Hydrophilidae,L,BL,1,5.1,,,,,,,,,,,,,,
CV,3/30/26,Moira,,C20525_SURB4,C2,5/20/25,3/9/26,6,Diptera,Chironomidae,L,BL,56,6.4,3.7,0.9,3,3,2.5,1,2.2,1.1,2.3,,,,,
CV,3/30/26,Moira,,C20525_SURB4,C2,5/20/25,3/9/26,6,Diptera,Simuliidae,L,BL,18,4.8,3.7,6,5.9,3.4,5.7,1.8,3.6,4.5,4.3,,,,,
CV,3/30/26,Moira,,C20525_SURB4,C2,5/20/25,3/9/26,6,Diptera,Athericidae,L,BL,2,3.4,4.5,,,,,,,,,,,,,
CV,3/30/26,Moira,,C20525_SURB4,C2,5/20/25,3/9/26,6,Tricladida,Planariidae,A,BL,18,3.7,2.4,3.2,1.5,1.8,1.4,1.6,1.3,1.8,1,,,,,
CV,3/30/26,Moira,,C20525_SURB4,C2,5/20/25,3/9/26,6,Diptera,Chironomidae,P,BL,1,3.4,,,,,,,,,,,,,,
CV,3/30/26,Moira,,C20525_SURB5,C2,5/20/25,2/20/26,7,Plecoptera,Perlodidae,L,BL,1,3.5,,,,,,,,,,,,,,
CV,3/30/26,Moira,,C20525_SURB5,C2,5/20/25,2/20/26,7,Ephemeroptera,Ephemerellidae,L,BL,5,8,8.2,8.4,10.2,10.1,,,,,,,,,,
CV,3/30/26,Moira,,C20525_SURB5,C2,5/20/25,2/20/26,7,Ephemeroptera,Heptageniidae,L,BL,20,5.1,6.8,1.1,2.2,3.8,2.5,0.8,3.4,4.6,1.5,,,,,
CV,3/30/26,Moira,,C20525_SURB5,C2,5/20/25,2/20/26,7,Ephemeroptera,Baetidae,L,BL,35,1.3,1.5,3.5,1.9,3.4,4.2,2.6,2.7,2.6,1.1,,,,,
CV,3/30/26,Moira,,C20525_SURB5,C2,5/20/25,2/20/26,7,Trichoptera,Brachycentridae,L,BL,1,4.2,,,,,,,,,,,,,,
CV,3/30/26,Moira,,C20525_SURB5,C2,5/20/25,2/20/26,7,Trichoptera,Glossosomatidae,L,BL,10,1.5,2.1,2.2,0.9,1.2,2.3,3.3,1.7,1.7,1.6,,,,,
CV,3/30/26,Moira,,C20525_SURB5,C2,5/20/25,2/20/26,7,Trichoptera,Hydropsychidae,L,BL,7,6,11.1,25.8,11.4,21.4,8.1,3.1,,,,,,,,
CV,3/30/26,Moira,,C20525_SURB5,C2,5/20/25,2/20/26,7,Trichoptera,Lepidostomatidae,L,BL,11,1.5,5.4,6.2,2.4,1.8,8.6,1.8,4.5,7.8,4.8,,,,,
CV,3/30/26,Moira,,C20525_SURB5,C2,5/20/25,2/20/26,7,Coleoptera,Elmidae,L,BL,15,4.4,5.1,3.1,2.4,4.2,5.6,5.2,2.7,4.6,3.9,,,,,
CV,3/30/26,Moira,,C20525_SURB5,C2,5/20/25,2/20/26,7,Diptera,Chironomidae,L,BL,100,4.1,0.8,3.2,0.6,4.9,1.3,0.7,1.2,3.4,2.4,,,,,
CV,3/30/26,Moira,,C20525_SURB5,C2,5/20/25,2/20/26,7,Tricladida,Planariidae,A,BL,23,1.5,2.8,3.6,2.2,2.4,3.9,3.4,2.6,3.2,2.8,,,,,
CV,3/30/26,Moira,,C20525_SURB5,C2,5/20/25,2/20/26,7,Diptera,Chironomidae,P,BL,2,1.7,2,,,,,,,,,,,,,
KS,5/14/26,Moira,,T10525_SURB1,T1,5/-/25,3/9/26,5,Ephemeroptera,Ephemerellidae,L,BL,13,4.3,1.2,2.4,2.3,7.6,7.5,1.6,1.7,1.1,1.1,,,,,
KS,5/14/26,Moira,,T10525_SURB1,T1,5/-/25,3/9/26,5,Ephemeroptera,Heptageniidae,L,BL,10,3.7,2.6,1.6,0.9,0.8,1.7,2.7,0.8,1.3,,,,,,
KS,5/14/26,Moira,,T10525_SURB1,T1,5/-/25,3/9/26,5,Ephemeroptera,Heptageniidae,L,HW,1,0.8,,,,,,,,,,,,,,
KS,5/14/26,Moira,,T10525_SURB1,T1,5/-/25,3/9/26,5,Ephemeroptera,Baetidae,L,BL,52,2.3,4.8,4,2,1.2,2.5,1.5,2.4,3.6,1.4,,,,,
KS,5/14/26,Moira,,T10525_SURB1,T1,5/-/25,3/9/26,5,Ephemeroptera,Leptophlebidae,L,BL,10,3.8,2.2,3.1,2.2,2.6,2,2.7,1.9,2.6,2.6,,,,,
KS,5/14/26,Moira,,T10525_SURB1,T1,5/-/25,3/9/26,5,Trichoptera,Brachycentridae,L,BL,10,10,8.2,3.8,10.4,4.3,4.2,3.8,8,4.6,4.2,,,,,
KS,5/14/26,Moira,,T10525_SURB1,T1,5/-/25,3/9/26,5,Trichoptera,Glossosomatidae,L,BL,2,1.9,1.4,,,,,,,,,,,,,
KS,5/14/26,Moira,,T10525_SURB1,T1,5/-/25,3/9/26,5,Trichoptera,Hydropsychidae,L,BL,5,6.2,4.3,6.5,4.4,12.3,,,,,,,,,,
KS,5/14/26,Moira,,T10525_SURB1,T1,5/-/25,3/9/26,5,Coleoptera,Elmidae,L,BL,11,1.5,1.2,1.2,0.8,3.1,1.7,1.6,1.1,1.2,1.3,,,,,
KS,5/14/26,Moira,,T10525_SURB1,T1,5/-/25,3/9/26,5,Diptera,Chironomidae,L,BL,98,5.2,0.7,1,1.8,1.5,1.9,1.6,2.4,0.7,1.9,,,,,
KS,5/14/26,Moira,,T10525_SURB1,T1,5/-/25,3/9/26,5,Planaria,,A,BL,3,3.6,2.5,3.8,,,,,,,,,,,,
KS,5/14/26,Moira,,T10525_SURB1,T1,5/-/25,3/9/26,5,Hydrachnidae,,A,BL,2,0.9,1.2,,,,,,,,,,,,,
KS,5/14/26,Moira,,T10525_SURB1,T1,5/-/25,3/9/26,5,Coleoptera,Hydrophilidae,L,BL,2,10.2,6,,,,,,,,,,,,,
KS,5/14/26,CV,,T10525_SURB2,T1,5/-/25,3/11/26,16,Ephemeroptera,Ephemerellidae,L,BL,5,2.6,6,1.8,3.7,1.1,,,,,,,,,,
KS,5/14/26,CV,,T10525_SURB2,T1,5/-/25,3/11/26,16,Ephemeroptera,Heptageniidae,L,BL,9,1.1,1,1.7,2.9,3.1,2.4,3.5,2,2.6,,,,,,
KS,5/14/26,CV,,T10525_SURB2,T1,5/-/25,3/11/26,16,Ephemeroptera,Baetidae,L,BL,45,1.7,1.2,5.1,1.3,1.8,2.6,1.2,1.4,4.1,1.6,,,,,
KS,5/14/26,CV,,T10525_SURB2,T1,5/-/25,3/11/26,16,Ephemeroptera,Leptophlebidae,L,BL,1,3.1,,,,,,,,,,,,,,
KS,5/14/26,CV,,T10525_SURB2,T1,5/-/25,3/11/26,16,Trichoptera,Brachycentridae,L,BL,14,5.7,6,5.1,4.4,5.9,6.4,4.2,5.9,4.2,6.1,,,,,
KS,5/14/26,CV,,T10525_SURB2,T1,5/-/25,3/11/26,16,Trichoptera,Hydropsychidae,L,BL,1,7.2,,,,,,,,,,,,,,
KS,5/14/26,CV,,T10525_SURB2,T1,5/-/25,3/11/26,16,Coleoptera,Elmidae,A,BL,2,2.3,2.5,,,,,,,,,,,,,
KS,5/14/26,CV,,T10525_SURB2,T1,5/-/25,3/11/26,16,Coleoptera,Elmidae,L,BL,5,2.5,2,1.7,2.1,1.9,,,,,,,,,,
KS,5/14/26,CV,,T10525_SURB2,T1,5/-/25,3/11/26,16,Diptera,Chironomidae,L,BL,38,4.4,7.5,2.6,1,1.8,1.5,1.6,4.8,3,1.2,,,,,
KS,5/14/26,CV,,T10525_SURB2,T1,5/-/25,3/11/26,16,Diptera,Simuliidae,L,BL,3,2.8,3.9,2.5,,,,,,,,,,,,
KS,5/14/26,CV,,T10525_SURB2,T1,5/-/25,3/11/26,16,Diptera,Athericidae,L,BL,1,4.2,,,,,,,,,,,,,,
KS,5/14/26,CV,,T10525_SURB2,T1,5/-/25,3/11/26,16,Diptera,Chironomidae,P,BL,2,3,2.3,,,,,,,,,,,,,
KS,5/14/26,CV,,T10525_SURB2,T1,5/-/25,3/11/26,16,Diptera,Chironomidae,A,BL,1,1.3,,,,,,,,,,,,,,
KS,5/14/26,CV,,T10525_SURB2,T1,5/-/25,3/11/26,16,Planaria,,A,BL,2,3.5,3.5,,,,,,,,,,,,,
KS,5/14/26,Moira,,T10525_SURB3,T1,5/-/25,,4,Ephemeroptera,Ephemerellidae,L,BL,11,7.2,8.7,1.9,1.2,3.6,1.3,1.4,0.9,1.2,1.3,,,,,
KS,5/14/26,Moira,,T10525_SURB3,T1,5/-/25,,4,Ephemeroptera,Heptageniidae,L,BL,8,0.8,0.9,2.5,2.2,4.5,2.7,1.8,0.8,,,,,,,
KS,5/14/26,Moira,,T10525_SURB3,T1,5/-/25,,4,Ephemeroptera,Heptageniidae,L,HW,1,0.6,,,,,,,,,,,,,,
KS,5/14/26,Moira,,T10525_SURB3,T1,5/-/25,,4,Ephemeroptera,Leptophlebidae,L,BL,3,4.1,4,3.6,,,,,,,,,,,,
KS,5/14/26,Moira,,T10525_SURB3,T1,5/-/25,,4,Trichoptera,Brachycentridae,L,BL,6,4.4,6.6,8.6,7.5,3.4,5.2,,,,,,,,,
KS,5/14/26,Moira,,T10525_SURB3,T1,5/-/25,,4,Trichoptera,Glossosomatidae,L,BL,5,1.4,2.7,2.1,1.3,2.8,,,,,,,,,,
KS,5/14/26,Moira,,T10525_SURB3,T1,5/-/25,,4,Trichoptera,Hydropsychidae,L,BL,5,11.2,17.5,18.2,15.9,11.1,,,,,,,,,,
KS,5/14/26,Moira,,T10525_SURB3,T1,5/-/25,,4,Trichoptera,Lepidostomatidae,L,BL,2,8,1.9,,,,,,,,,,,,,
KS,5/14/26,Moira,,T10525_SURB3,T1,5/-/25,,4,Coleoptera,Elmidae,L,BL,2,3,1.4,,,,,,,,,,,,,
KS,5/14/26,Moira,,T10525_SURB3,T1,5/-/25,,4,Coleoptera,Elmidae,A,BL,2,2.5,2.4,,,,,,,,,,,,,
KS,5/14/26,Moira,,T10525_SURB3,T1,5/-/25,,4,Diptera,Chironomidae,L,BL,191,4,0.8,3.5,0.4,0.9,0.6,0.7,0.6,0.7,1.1,,,,,
KS,5/14/26,Moira,,T10525_SURB3,T1,5/-/25,,4,Diptera,Simuliidae,L,BL,11,4.6,3.2,3.2,5.9,2.5,5.4,4.8,3.9,4.7,2.4,,,,,
KS,5/14/26,Moira,,T10525_SURB3,T1,5/-/25,,4,Planaria,,A,BL,6,2.6,2,1.9,1.2,1.8,1.6,,,,,,,,,
KS,5/14/26,Moira,,T10525_SURB3,T1,5/-/25,,4,Hydrachnidae,,A,BL,1,1.1,,,,,,,,,,,,,,
KS,5/14/26,Moira,,T10525_SURB3,T1,5/-/25,,4,Chironomidae,,P,BL,1,1.6,,,,,,,,,,,,,,
KS,5/14/26,Moira,,T10525_SURB4,T1,5/-/25,3/16/26,16,Ephemeroptera,Ephemerellidae,L,BL,2,1,0.7,,,,,,,,,,,,,
KS,5/14/26,Moira,,T10525_SURB4,T1,5/-/25,3/16/26,16,Ephemeroptera,Heptageniidae,L,BL,7,4.8,1.2,3.9,2.4,1.3,0.9,0.9,,,,,,,,
KS,5/14/26,Moira,,T10525_SURB4,T1,5/-/25,3/16/26,16,Ephemeroptera,Heptageniidae,L,HW,1,0.6,,,,,,,,,,,,,,
KS,5/14/26,Moira,,T10525_SURB4,T1,5/-/25,3/16/26,16,Ephemeroptera,Baetidae,L,BL,33,3.1,3,1.3,1.2,3.2,1.7,3.5,2,1.6,2.6,,,,,
KS,5/14/26,Moira,,T10525_SURB4,T1,5/-/25,3/16/26,16,Ephemeroptera,Leptophlebidae,L,BL,4,3,2.2,2.6,2.4,,,,,,,,,,,
KS,5/14/26,Moira,,T10525_SURB4,T1,5/-/25,3/16/26,16,Trichoptera,Hydropsychidae,L,BL,1,11.5,,,,,,,,,,,,,,
KS,5/14/26,Moira,,T10525_SURB4,T1,5/-/25,3/16/26,16,Trichoptera,Lepidostomatidae,L,BL,1,2.2,,,,,,,,,,,,,,
KS,5/14/26,Moira,,T10525_SURB4,T1,5/-/25,3/16/26,16,Coleoptera,Elmidae,L,BL,2,2.6,1.4,,,,,,,,,,,,,
KS,5/14/26,Moira,,T10525_SURB4,T1,5/-/25,3/16/26,16,Coleoptera,Elmidae,A,BL,1,2.4,,,,,,,,,,,,,,
KS,5/14/26,Moira,,T10525_SURB4,T1,5/-/25,3/16/26,16,Diptera,Chironomidae,L,BL,104,3.6,0.8,2.2,3.2,1.3,0.8,0.9,4.6,3.7,1.5,,,,,
KS,5/14/26,Moira,,T10525_SURB4,T1,5/-/25,3/16/26,16,Diptera,Simuliidae,L,BL,4,5,3,3.3,3.2,,,,,,,,,,,
KS,5/14/26,Moira,,T10525_SURB4,T1,5/-/25,3/16/26,16,Planaria,,A,BL,3,2.4,2.8,1.4,,,,,,,,,,,,
KS,5/14/26,Moira,,T10525_SURB4,T1,5/-/25,3/16/26,16,Hydrachnidae,,A,BL,1,1.7,,,,,,,,,,,,,,
KS,5/14/26,Moira,,T10525_SURB4,T1,5/-/25,3/16/26,16,Diptera,Chironomidae,P,BL,3,3.3,2.1,1.8,,,,,,,,,,,,
KS,5/14/26,Moira,,T10525_SURB4,T1,5/-/25,3/16/26,16,Diptera,Chironomidae,A,BL,1,2.4,,,,,,,,,,,,,,
KS,5/14/26,KS,,T10525_SURB5,T1,5/-/25,3/16/26,16,Ephemeroptera,Ephemerellidae,L,BL,10,1.8,2.7,1.5,1.7,1.4,1.5,1.3,5.2,1.3,1.3,,,,,
KS,5/14/26,KS,,T10525_SURB5,T1,5/-/25,3/16/26,16,Ephemeroptera,Heptageniidae,L,BL,9,2.4,5.3,2,4.4,2.9,3.8,1.5,2.1,2,,,,,,
KS,5/14/26,KS,,T10525_SURB5,T1,5/-/25,3/16/26,16,Ephemeroptera,Baetidae,L,BL,79,4.4,3,3.3,3,1.2,5.2,1.8,4.8,1.6,1.4,,,,,
KS,5/14/26,KS,,T10525_SURB5,T1,5/-/25,3/16/26,16,Ephemeroptera,Leptophlebidae,L,BL,7,2.9,4.2,3.2,5,2.4,3.6,2.3,,,,,,,,
KS,5/14/26,KS,,T10525_SURB5,T1,5/-/25,3/16/26,16,Trichoptera,Brachycentridae,L,BL,13,5.4,5.8,4.2,5,8,3.8,6.6,4,4.3,4.2,,,,,
KS,5/14/26,KS,,T10525_SURB5,T1,5/-/25,3/16/26,16,Trichoptera,Glossosomatidae,L,BL,7,1.6,2,2.8,2.4,2.2,2,2.1,,,,,,,,
KS,5/14/26,KS,,T10525_SURB5,T1,5/-/25,3/16/26,16,Trichoptera,Hydropsychidae,L,BL,2,3.4,6.2,,,,,,,,,,,,,
KS,5/14/26,KS,,T10525_SURB5,T1,5/-/25,3/16/26,16,Trichoptera,Rhyacophilidae,L,BL,3,9.2,8,6.2,,,,,,,,,,,,
KS,5/14/26,KS,,T10525_SURB5,T1,5/-/25,3/16/26,16,Coleoptera,Elmidae,A,BL,2,2.5,2.6,,,,,,,,,,,,,
KS,5/14/26,KS,,T10525_SURB5,T1,5/-/25,3/16/26,16,Coleoptera,Elmidae,L,BL,1,1.4,,,,,,,,,,,,,,
KS,5/14/26,KS,,T10525_SURB5,T1,5/-/25,3/16/26,16,Diptera,Chironomidae,L,BL,44,6.6,2.3,1.5,3.7,0.9,3.7,1.4,6.5,4.2,3.7,,,,,
KS,5/14/26,KS,,T10525_SURB5,T1,5/-/25,3/16/26,16,Diptera,Simuliidae,L,BL,5,4.5,3.5,5.3,5.2,5.5,,,,,,,,,,
KS,5/14/26,KS,,T10525_SURB5,T1,5/-/25,3/16/26,16,Diptera,Athericidae,L,BL,2,6,2.8,,,,,,,,,,,,,
KS,5/14/26,KS,,T10525_SURB5,T1,5/-/25,3/16/26,16,Diptera,Chironomidae,P,BL,1,3.5,,,,,,,,,,,,,,
KS,5/14/26,KS,,T20525_SURB1,T2,5/-/25,3/16/26,9,Plecoptera,Perlodidae,L,BL,5,10,8.1,12.4,9.9,3.8,,,,,,,,,,
KS,5/14/26,KS,,T20525_SURB1,T2,5/-/25,3/16/26,9,Ephemeroptera,Ephemerellidae,L,BL,12,3.7,10.5,11.2,1.6,1.4,1.2,2.5,1.5,1.3,3.8,,,,,
KS,5/14/26,KS,,T20525_SURB1,T2,5/-/25,3/16/26,9,Ephemeroptera,Heptageniidae,L,BL,22,4.2,5.2,5.4,7.9,3.5,3.9,4.2,1.8,4.4,3.6,,,,,
KS,5/14/26,KS,,T20525_SURB1,T2,5/-/25,3/16/26,9,Ephemeroptera,Baetidae,L,BL,59,4.9,1.9,2.5,4.7,3.1,5,2.7,4.9,1.4,2.3,,,,,
KS,5/14/26,KS,,T20525_SURB1,T2,5/-/25,3/16/26,9,Ephemeroptera,Leptophlebidae,L,BL,3,4,3.1,4.4,,,,,,,,,,,,
KS,5/14/26,KS,,T20525_SURB1,T2,5/-/25,3/16/26,9,Trichoptera,Brachycentridae,L,BL,7,7.4,9.3,5.3,3.4,3.7,4.6,6.4,,,,,,,,
KS,5/14/26,KS,,T20525_SURB1,T2,5/-/25,3/16/26,9,Trichoptera,Glossosomatidae,L,BL,11,11.2,6,3.7,4.6,3.8,2.7,2.4,3.1,2.4,2.9,,,,,
KS,5/14/26,KS,,T20525_SURB1,T2,5/-/25,3/16/26,9,Trichoptera,Hydropsychidae,L,BL,9,18.5,14,11.2,19.6,10.8,15.2,8.4,12.1,12.2,,,,,,
KS,5/14/26,KS,,T20525_SURB1,T2,5/-/25,3/16/26,9,Trichoptera,Rhyacophilidae,L,BL,3,12.6,9.9,18.9,,,,,,,,,,,,
KS,5/14/26,KS,,T20525_SURB1,T2,5/-/25,3/16/26,9,Trichoptera,Lepidostomatidae,L,BL,1,5.4,,,,,,,,,,,,,,
KS,5/14/26,KS,,T20525_SURB1,T2,5/-/25,3/16/26,9,Coleoptera,Elmidae,L,BL,10,3,2.9,4.1,2.5,3.1,2.8,2.1,3.3,2.4,2.3,,,,,
KS,5/14/26,KS,,T20525_SURB1,T2,5/-/25,3/16/26,9,Diptera,Chironomidae,L,BL,89,3.7,5.8,1.9,1.7,5.7,3.4,2,2.4,3.3,1.2,,,,,
KS,5/14/26,KS,,T20525_SURB1,T2,5/-/25,3/16/26,9,Diptera,Simuliidae,L,BL,9,4.9,4.5,5.1,4.9,5.6,6.2,4.2,2.9,2.2,,,,,,
KS,5/14/26,KS,,T20525_SURB1,T2,5/-/25,3/16/26,9,Diptera,Athericidae,L,BL,1,6.3,,,,,,,,,,,,,,
KS,5/14/26,KS,,T20525_SURB1,T2,5/-/25,3/16/26,9,Diptera,Chironomidae,P,BL,4,5.4,4.3,3.6,3.9,,,,,,,,,,,
KS,5/14/26,Moira,,T20525_SURB2,T2,5/-/25,3/16/26,5,Plecoptera,Perlodidae,L,BL,4,9.5,11.5,8.7,1.4,,,,,,,,,,,
KS,5/14/26,Moira,,T20525_SURB2,T2,5/-/25,3/16/26,5,Plecoptera,Perlidae,L,BL,1,8.9,,,,,,,,,,,,,,
KS,5/14/26,Moira,,T20525_SURB2,T2,5/-/25,3/16/26,5,Ephemeroptera,Ephemerellidae,L,BL,8,9.4,1.6,1,1.3,2.5,1.4,2.6,1.4,,,,,,,
KS,5/14/26,Moira,,T20525_SURB2,T2,5/-/25,3/16/26,5,Ephemeroptera,Heptageniidae,L,BL,18,1.7,3.4,4,2.7,4.2,4.9,3.5,6.8,5,4.9,,,,,
KS,5/14/26,Moira,,T20525_SURB2,T2,5/-/25,3/16/26,5,Ephemeroptera,Baetidae,L,BL,78,2.2,1.2,3,3.1,4.6,1.7,3.9,3.5,6,1.6,,,,,
KS,5/14/26,Moira,,T20525_SURB2,T2,5/-/25,3/16/26,5,Ephemeroptera,Leptophlebidae,L,BL,3,3.8,3.6,3.5,,,,,,,,,,,,
KS,5/14/26,Moira,,T20525_SURB2,T2,5/-/25,3/16/26,5,Trichoptera,Brachycentridae,L,BL,4,9,9.1,4.5,2.6,,,,,,,,,,,
KS,5/14/26,Moira,,T20525_SURB2,T2,5/-/25,3/16/26,5,Trichoptera,Glossosomatidae,L,BL,4,3.1,3.1,4.3,3.1,,,,,,,,,,,
KS,5/14/26,Moira,,T20525_SURB2,T2,5/-/25,3/16/26,5,Trichoptera,Hydropsychidae,L,BL,16,6.2,12.2,13.3,11,22.1,14.9,9.2,10.9,21.3,12.1,,,,,
KS,5/14/26,Moira,,T20525_SURB2,T2,5/-/25,3/16/26,5,Trichoptera,Rhyacophilidae,L,BL,5,15.7,6.2,11.2,14.2,15.2,,,,,,,,,,
KS,5/14/26,Moira,,T20525_SURB2,T2,5/-/25,3/16/26,5,Coleoptera,Elmidae,L,BL,9,1.9,2,3.9,2.8,2.6,3.4,2,2.4,1.6,,,,,,
KS,5/14/26,Moira,,T20525_SURB2,T2,5/-/25,3/16/26,5,Coleoptera,Elmidae,A,BL,1,2.8,,,,,,,,,,,,,,
KS,5/14/26,Moira,,T20525_SURB2,T2,5/-/25,3/16/26,5,Diptera,Chironomidae,L,BL,79,5.4,1.6,2.6,7.2,3.9,2.8,2.5,3.1,1.3,3.2,,,,,
KS,5/14/26,Moira,,T20525_SURB2,T2,5/-/25,3/16/26,5,Diptera,Simuliidae,L,BL,12,3.1,5.3,3.6,6.3,6.1,4.8,4.3,5.2,4.3,5.4,,,,,
KS,5/14/26,Moira,,T20525_SURB2,T2,5/-/25,3/16/26,5,Diptera,Athericidae,L,BL,1,19.8,,,,,,,,,,,,,,
KS,5/14/26,Moira,,T20525_SURB2,T2,5/-/25,3/16/26,5,Planaria,,A,BL,3,3,3,2.5,,,,,,,,,,,,
KS,5/14/26,Moira,,T20525_SURB2,T2,5/-/25,3/16/26,5,Diptera,Chironomidae,P,BL,4,5.3,2.3,1.9,3.1,,,,,,,,,,,
KS,5/14/26,Moira,,T20525_SURB2,T2,5/-/25,3/16/26,5,Diptera,Chironomidae,A,BL,1,1.5,,,,,,,,,,,,,,
KS,5/14/26,Moira,,T20525_SURB3,T2,5/-/25,3/17/26,2,Ephemeroptera,Ephemerellidae,L,BL,5,3,10.3,2.5,1.2,7.6,,,,,,,,,,
KS,5/14/26,Moira,,T20525_SURB3,T2,5/-/25,3/17/26,2,Ephemeroptera,Heptageniidae,L,BL,6,4,5.7,3.4,3.9,1.3,3.4,,,,,,,,,
KS,5/14/26,Moira,,T20525_SURB3,T2,5/-/25,3/17/26,2,Ephemeroptera,Baetidae,L,BL,89,3.6,2.4,3.6,4.4,4.6,1.6,2.4,3.8,5.1,3.2,,,,,
KS,5/14/26,Moira,,T20525_SURB3,T2,5/-/25,3/17/26,2,Ephemeroptera,Leptophlebidae,L,BL,3,2.6,3.4,2.3,,,,,,,,,,,,
KS,5/14/26,Moira,,T20525_SURB3,T2,5/-/25,3/17/26,2,Trichoptera,Brachycentridae,L,BL,1,7.5,,,,,,,,,,,,,,
KS,5/14/26,Moira,,T20525_SURB3,T2,5/-/25,3/17/26,2,Trichoptera,Glossosomatidae,L,BL,5,4.4,2.7,3.6,3.3,5.6,,,,,,,,,,
KS,5/14/26,Moira,,T20525_SURB3,T2,5/-/25,3/17/26,2,Trichoptera,Hydropsychidae,L,BL,10,12.2,13.3,11.4,8.9,9.2,12.2,13.8,4.4,8.3,13.8,,,,,
KS,5/14/26,Moira,,T20525_SURB3,T2,5/-/25,3/17/26,2,Trichoptera,Rhyacophilidae,L,BL,1,17.5,,,,,,,,,,,,,,
KS,5/14/26,Moira,,T20525_SURB3,T2,5/-/25,3/17/26,2,Trichoptera,Lepidostomatidae,L,BL,1,4.3,,,,,,,,,,,,,,
KS,5/14/26,Moira,,T20525_SURB3,T2,5/-/25,3/17/26,2,Coleoptera,Elmidae,L,BL,24,3.2,4.5,4.1,1.2,3.1,3.1,2,2.3,2.1,4.6,,,,,
KS,5/14/26,Moira,,T20525_SURB3,T2,5/-/25,3/17/26,2,Diptera,Chironomidae,L,BL,196,2.6,2.1,6.4,4.8,0.8,4.4,4.5,1.1,5,2.6,,,,,
KS,5/14/26,Moira,,T20525_SURB3,T2,5/-/25,3/17/26,2,Diptera,Simuliidae,L,BL,3,5.9,5,4.8,,,,,,,,,,,,
KS,5/14/26,Moira,,T20525_SURB3,T2,5/-/25,3/17/26,2,Diptera,Athericidae,L,BL,1,7.9,,,,,,,,,,,,,,
KS,5/14/26,Moira,,T20525_SURB3,T2,5/-/25,3/17/26,2,Coleoptera,Elmidae,A,BL,4,2.8,2.8,2.9,1.9,,,,,,,,,,,
KS,5/14/26,Moira,,T20525_SURB3,T2,5/-/25,3/17/26,2,Diptera,Chironomidae,P,BL,6,4,5.4,5.9,3.8,2.8,4.9,,,,,,,,,
KS,5/14/26,Moira,,T20525_SURB3,T2,5/-/25,3/17/26,2,Diptera,Chironomidae,A,BL,1,3,,,,,,,,,,,,,,
KS,5/14/26,Moira,,T20525_SURB3,T2,5/-/25,3/17/26,2,Diptera,Empididae,L,BL,2,5,6.4,,,,,,,,,,,,,
KS,5/14/26,Moira,,T20525_SURB3,T2,5/-/25,3/17/26,2,Planaria,,A,BL,1,3.1,,,,,,,,,,,,,,
KS,5/14/26,Moira,,T20525_SURB4,T2,5/-/25,3/18/26,3,Plecoptera,Perlodidae,L,BL,1,10.1,,,,,,,,,,,,,,
KS,5/14/26,Moira,,T20525_SURB4,T2,5/-/25,3/18/26,3,Ephemeroptera,Ephemerellidae,L,BL,2,9.7,10.8,,,,,,,,,,,,,
KS,5/14/26,Moira,,T20525_SURB4,T2,5/-/25,3/18/26,3,Ephemeroptera,Heptageniidae,L,BL,23,3.7,4.3,4.1,4.6,4.4,2.2,2,5.2,3.3,3.4,,,,,
KS,5/14/26,Moira,,T20525_SURB4,T2,5/-/25,3/18/26,3,Ephemeroptera,Baetidae,L,BL,61,1.9,2.4,4.9,2.9,3.2,4.1,3.4,4.7,2.1,3.6,,,,,
KS,5/14/26,Moira,,T20525_SURB4,T2,5/-/25,3/18/26,3,Trichoptera,Brachycentridae,L,BL,3,4.2,4.9,7.1,,,,,,,,,,,,
KS,5/14/26,Moira,,T20525_SURB4,T2,5/-/25,3/18/26,3,Trichoptera,Hydropsychidae,L,BL,9,5.2,16.2,6.3,8.6,13.5,22.1,16.1,5.9,2.6,,,,,,
KS,5/14/26,Moira,,T20525_SURB4,T2,5/-/25,3/18/26,3,Trichoptera,Rhyacophilidae,L,BL,1,5.2,,,,,,,,,,,,,,
KS,5/14/26,Moira,,T20525_SURB4,T2,5/-/25,3/18/26,3,Trichoptera,Lepidostomatidae,L,BL,3,5.7,6.3,3,,,,,,,,,,,,
KS,5/14/26,Moira,,T20525_SURB4,T2,5/-/25,3/18/26,3,Coleoptera,Elmidae,L,BL,2,1.7,2.6,,,,,,,,,,,,,
KS,5/14/26,Moira,,T20525_SURB4,T2,5/-/25,3/18/26,3,Coleoptera,Elmidae,A,BL,2,2.4,3.2,,,,,,,,,,,,,
KS,5/14/26,Moira,,T20525_SURB4,T2,5/-/25,3/18/26,3,Diptera,Chironomidae,L,BL,91,5.4,2,3.5,2.9,2.5,5.6,7.9,3.1,2.4,1.3,,,,,
KS,5/14/26,Moira,,T20525_SURB4,T2,5/-/25,3/18/26,3,Diptera,Athericidae,L,BL,1,5.4,,,,,,,,,,,,,,
KS,5/14/26,Moira,,T20525_SURB4,T2,5/-/25,3/18/26,3,Planaria,,A,BL,6,1.7,1.6,2.7,2.9,1.3,1.4,,,,,,,,,
KS,5/14/26,Moira,,T20525_SURB4,T2,5/-/25,3/18/26,3,Diptera,Chironomidae,P,BL,2,2.4,3,,,,,,,,,,,,,
KS,5/14/26,Moira,,T20525_SURB5,T2,5/-/25,3/18/26,2,Plecoptera,Perlidae,L,BL,6,9.9,8.9,10.1,11.8,4.7,9.9,,,,,,,,,
KS,5/14/26,Moira,,T20525_SURB5,T2,5/-/25,3/18/26,2,Ephemeroptera,Ephemerellidae,L,BL,4,10.1,3,4,3,,,,,,,,,,,
KS,5/14/26,Moira,,T20525_SURB5,T2,5/-/25,3/18/26,2,Ephemeroptera,Heptageniidae,L,BL,9,6.1,5,1,1.1,2,5.8,1,1,1.3,,,,,,
KS,5/14/26,Moira,,T20525_SURB5,T2,5/-/25,3/18/26,2,Ephemeroptera,Baetidae,L,BL,57,4.6,1.2,0.9,2.2,2.1,3.1,3.6,2.3,3.1,3.3,,,,,
KS,5/14/26,Moira,,T20525_SURB5,T2,5/-/25,3/18/26,2,Ephemeroptera,Leptophlebidae,L,BL,8,2,1.5,1.9,1.9,1.8,1.6,1.3,,,,,,,,
KS,5/14/26,Moira,,T20525_SURB5,T2,5/-/25,3/18/26,2,Trichoptera,Brachycentridae,L,BL,2,3.1,6.6,,,,,,,,,,,,,
KS,5/14/26,Moira,,T20525_SURB5,T2,5/-/25,3/18/26,2,Trichoptera,Hydropsychidae,L,BL,6,12.2,11.8,25,10.1,12.9,12.5,,,,,,,,,
KS,5/14/26,Moira,,T20525_SURB5,T2,5/-/25,3/18/26,2,Trichoptera,Lepidostomatidae,L,BL,2,1.5,2.8,,,,,,,,,,,,,
KS,5/14/26,Moira,,T20525_SURB5,T2,5/-/25,3/18/26,2,Trichoptera,Lepidostomatidae,L,HW,1,0.5,,,,,,,,,,,,,,
KS,5/14/26,Moira,,T20525_SURB5,T2,5/-/25,3/18/26,2,Coleoptera,Elmidae,A,BL,2,3,3.1,,,,,,,,,,,,,
KS,5/14/26,Moira,,T20525_SURB5,T2,5/-/25,3/18/26,2,Coleoptera,Elmidae,L,BL,1,1.9,,,,,,,,,,,,,,
KS,5/14/26,Moira,,T20525_SURB5,T2,5/-/25,3/18/26,2,Diptera,Chironomidae,L,BL,129,9.1,2,2.5,0.7,3.5,6.1,2,2.5,1.8,4,,,,,
KS,5/14/26,Moira,,T20525_SURB5,T2,5/-/25,3/18/26,2,Diptera,Simuliidae,L,BL,2,2.5,5.5,,,,,,,,,,,,,
KS,5/14/26,Moira,,T20525_SURB5,T2,5/-/25,3/18/26,2,Diptera,Athericidae,L,BL,1,3.8,,,,,,,,,,,,,,
KS,5/14/26,Moira,,T20525_SURB5,T2,5/-/25,3/18/26,2,Ephemeroptera,Baetidae,P,BL,3,6.2,5,6.8,,,,,,,,,,,,
KS,5/14/26,Moira,,T20525_SURB5,T2,5/-/25,3/18/26,2,Diptera,Tipulidae,L,BL,2,3,3.9,,,,,,,,,,,,,
KS,5/14/26,Moira,,T20525_SURB5,T2,5/-/25,3/18/26,2,Diptera,,A,BL,8,5.5,5.5,3,3.1,2.5,2,2.9,1.2,,,,,,,
KS,5/14/26,Moira,,T20525_SURB5,T2,5/-/25,3/18/26,2,Diptera,,A,HW,1,0.2,,,,,,,,,,,,,,
KS,5/14/26,Moira,,T30525_SURB1,T3,5/-/25,3/18/26,4,Plecoptera,Perlodidae,L,BL,1,2.2,,,,,,,,,,,,,,
KS,5/14/26,Moira,,T30525_SURB1,T3,5/-/25,3/18/26,4,Ephemeroptera,Ephemerellidae,L,BL,11,8.9,4.6,3.1,3.1,6,10,3.9,3.7,3,3,,,,,
KS,5/14/26,Moira,,T30525_SURB1,T3,5/-/25,3/18/26,4,Ephemeroptera,Heptageniidae,L,BL,4,1.1,1.5,3,0.9,,,,,,,,,,,
KS,5/14/26,Moira,,T30525_SURB1,T3,5/-/25,3/18/26,4,Ephemeroptera,Heptageniidae,L,HW,1,0.5,,,,,,,,,,,,,,
KS,5/14/26,Moira,,T30525_SURB1,T3,5/-/25,3/18/26,4,Ephemeroptera,Baetidae,L,BL,47,2.3,2.7,3.2,1.9,2.8,2,2,4.1,4,2.2,,,,,
KS,5/14/26,Moira,,T30525_SURB1,T3,5/-/25,3/18/26,4,Ephemeroptera,Leptophlebidae,L,BL,11,4.5,6.9,4.1,7.9,3.6,3.1,4.2,3.3,3,3.1,,,,,
KS,5/14/26,Moira,,T30525_SURB1,T3,5/-/25,3/18/26,4,Trichoptera,Brachycentridae,L,BL,1,6.8,,,,,,,,,,,,,,
KS,5/14/26,Moira,,T30525_SURB1,T3,5/-/25,3/18/26,4,Trichoptera,Glossosomatidae,P,BL,2,5.2,5,,,,,,,,,,,,,
KS,5/14/26,Moira,,T30525_SURB1,T3,5/-/25,3/18/26,4,Trichoptera,Hydropsychidae,L,BL,11,4.1,4.2,3,1,2.2,3.1,2.3,3.8,3.1,,,,,,
KS,5/14/26,Moira,,T30525_SURB1,T3,5/-/25,3/18/26,4,Trichoptera,Hydropsychidae,L,HW,1,0.8,,,,,,,,,,,,,,
KS,5/14/26,Moira,,T30525_SURB1,T3,5/-/25,3/18/26,4,Trichoptera,Rhyacophilidae,L,BL,3,2.2,5,2.2,,,,,,,,,,,,
KS,5/14/26,Moira,,T30525_SURB1,T3,5/-/25,3/18/26,4,Trichoptera,Lepidostomatidae,L,BL,6,7,1.9,1.9,2,1.3,3.2,,,,,,,,,
KS,5/14/26,Moira,,T30525_SURB1,T3,5/-/25,3/18/26,4,Coleoptera,Elmidae,L,BL,10,5.1,4.1,2.6,6,4.8,5.8,3,1.2,5.3,3.6,,,,,
KS,5/14/26,Moira,,T30525_SURB1,T3,5/-/25,3/18/26,4,Diptera,Chironomidae,L,BL,200,4,0.9,2.8,9.9,4.1,1.5,7.5,4,0.9,3.5,,,,,
KS,5/14/26,Moira,,T30525_SURB1,T3,5/-/25,3/18/26,4,Diptera,Simuliidae,L,BL,2,1.5,2,,,,,,,,,,,,,
KS,5/14/26,Moira,,T30525_SURB1,T3,5/-/25,3/18/26,4,Diptera,Athericidae,L,BL,1,22,,,,,,,,,,,,,,
KS,5/14/26,Moira,,T30525_SURB1,T3,5/-/25,3/18/26,4,Ephemeroptera,Baetidae,P,BL,2,3.6,5.1,,,,,,,,,,,,,
KS,5/14/26,Moira,,T30525_SURB1,T3,5/-/25,3/18/26,4,Planaria,,A,BL,3,4,2.8,2.9,,,,,,,,,,,,
KS,5/14/26,Moira,,T30525_SURB1,T3,5/-/25,3/18/26,4,Hydrachnidae,,A,BL,1,1,,,,,,,,,,,,,,
KS,5/14/26,Moira,,T30525_SURB1,T3,5/-/25,3/18/26,4,Diptera,Chironomidae,P,BL,7,3,2.1,2.1,3.2,1.5,2,2,,,,,,,,
KS,5/14/26,KS,,T30525_SURB2,T3,5/-/25,3/18/26,8,Plecoptera,Perlodidae,L,BL,1,2.4,,,,,,,,,,,,,,
KS,5/14/26,KS,,T30525_SURB2,T3,5/-/25,3/18/26,8,Ephemeroptera,Ephemerellidae,L,BL,15,11,10.6,9.9,10.1,4.9,7.9,11.8,2.1,3.9,12.8,,,,,
KS,5/14/26,KS,,T30525_SURB2,T3,5/-/25,3/18/26,8,Ephemeroptera,Heptageniidae,L,BL,11,4.6,3.8,5,1.6,1.1,4,4,1.9,5.1,2.1,,,,,
KS,5/14/26,KS,,T30525_SURB2,T3,5/-/25,3/18/26,8,Ephemeroptera,Baetidae,L,BL,63,3.1,3,3.1,4,2.1,1.9,1.1,3,2.1,2.1,,,,,
KS,5/14/26,KS,,T30525_SURB2,T3,5/-/25,3/18/26,8,Ephemeroptera,Leptophlebidae,L,BL,30,3.9,6.7,0.9,6.9,4.5,7.1,5.2,8.9,6,5.5,,,,,
KS,5/14/26,KS,,T30525_SURB2,T3,5/-/25,3/18/26,8,Trichoptera,Brachycentridae,L,BL,12,4.9,3.5,6.8,5,3.8,4.2,3.9,5.1,4.1,6,,,,,
KS,5/14/26,KS,,T30525_SURB2,T3,5/-/25,3/18/26,8,Trichoptera,Hydropsychidae,L,BL,7,5.9,4.1,3.8,4.5,4.1,4.5,4.1,,,,,,,,
KS,5/14/26,KS,,T30525_SURB2,T3,5/-/25,3/18/26,8,Trichoptera,Rhyacophilidae,L,BL,1,3.9,,,,,,,,,,,,,,
KS,5/14/26,KS,,T30525_SURB2,T3,5/-/25,3/18/26,8,Trichoptera,Lepidostomatidae,L,BL,16,6.1,1.5,1.5,2.6,4,2.7,3.2,4.5,2.7,2.1,,,,,
KS,5/14/26,KS,,T30525_SURB2,T3,5/-/25,3/18/26,8,Diptera,Chironomidae,L,BL,63,5.5,8,3.8,4.2,2.1,6,3.7,6.1,2.9,5,,,,,
KS,5/14/26,KS,,T30525_SURB2,T3,5/-/25,3/18/26,8,Diptera,Limoniidae,L,BL,2,6,6.9,,,,,,,,,,,,,
KS,5/14/26,KS,,T30525_SURB2,T3,5/-/25,3/18/26,8,Diptera,Chironomidae,P,BL,1,5.8,,,,,,,,,,,,,,
KS,5/14/26,KS,,T30525_SURB2,T3,5/-/25,3/18/26,8,Coleoptera,Elmidae,L,BL,5,5.2,5.3,5.1,5.9,4.9,,,,,,,,,,
KS,5/14/26,KS,,T30525_SURB2,T3,5/-/25,3/18/26,8,Coleoptera,Elmidae,A,BL,1,2.9,,,,,,,,,,,,,,
KS,5/14/26,KS,,T30525_SURB3,T3,5/-/25,3/19/26,9,Ephemeroptera,Ephemerellidae,L,BL,5,10,9.6,10,3.5,9.5,,,,,,,,,,
KS,5/14/26,KS,,T30525_SURB3,T3,5/-/25,3/19/26,9,Ephemeroptera,Heptageniidae,L,BL,4,7.2,2.2,2.7,1.3,,,,,,,,,,,
KS,5/14/26,KS,,T30525_SURB3,T3,5/-/25,3/19/26,9,Ephemeroptera,Baetidae,L,BL,94,5.1,1.6,3.5,1.6,2,3.6,2.6,5.1,2,2.3,,,,,
KS,5/14/26,KS,,T30525_SURB3,T3,5/-/25,3/19/26,9,Ephemeroptera,Leptophlebidae,L,BL,8,3.5,4.4,2.8,5.7,2.5,2.9,2.5,3.7,,,,,,,
KS,5/14/26,KS,,T30525_SURB3,T3,5/-/25,3/19/26,9,Trichoptera,Brachycentridae,L,BL,3,4.7,6,5.7,,,,,,,,,,,,
KS,5/14/26,KS,,T30525_SURB3,T3,5/-/25,3/19/26,9,Trichoptera,Hydropsychidae,L,BL,3,2.4,12.2,4.9,,,,,,,,,,,,
KS,5/14/26,KS,,T30525_SURB3,T3,5/-/25,3/19/26,9,Trichoptera,Lepidostomatidae,L,BL,13,2.1,2,2.5,3.4,5.1,2.3,2,2,2.9,1.4,,,,,
KS,5/14/26,KS,,T30525_SURB3,T3,5/-/25,3/19/26,9,Coleoptera,Elmidae,L,BL,23,4.2,3.7,3.7,2,3.1,3.5,1.9,3.2,2.4,4.9,,,,,
KS,5/14/26,KS,,T30525_SURB3,T3,5/-/25,3/19/26,9,Coleoptera,Elmidae,A,BL,3,2.6,3,2.7,,,,,,,,,,,,
KS,5/14/26,KS,,T30525_SURB3,T3,5/-/25,3/19/26,9,Diptera,Chironomidae,L,BL,65,9.4,3.5,4.2,2.1,1.6,2.9,2.1,4.4,3.2,2,,,,,
KS,5/14/26,KS,,T30525_SURB3,T3,5/-/25,3/19/26,9,Diptera,Chironomidae,P,BL,1,4.4,,,,,,,,,,,,,,
KS,5/14/26,KS,,T30525_SURB4,T3,5/-/25,3/19/26,15,Plecoptera,Pteronarcyidae,L,BL,1,7,,,,,,,,,,,,,,
KS,5/14/26,KS,,T30525_SURB4,T3,5/-/25,3/19/26,15,Plecoptera,Perlodidae,L,BL,1,8.4,,,,,,,,,,,,,,
KS,5/14/26,KS,,T30525_SURB4,T3,5/-/25,3/19/26,15,Ephemeroptera,Ephemerellidae,L,BL,3,8,7,2.9,,,,,,,,,,,,
KS,5/14/26,KS,,T30525_SURB4,T3,5/-/25,3/19/26,15,Ephemeroptera,Heptageniidae,L,BL,6,2.5,3.6,1.8,0.8,2.9,5.7,,,,,,,,,
KS,5/14/26,KS,,T30525_SURB4,T3,5/-/25,3/19/26,15,Ephemeroptera,Heptageniidae,L,HW,1,1.7,,,,,,,,,,,,,,
KS,5/14/26,KS,,T30525_SURB4,T3,5/-/25,3/19/26,15,Ephemeroptera,Baetidae,L,BL,61,2.1,1.3,2.1,2.4,1.9,4.1,3,4.7,1.9,4.5,,,,,
KS,5/14/26,KS,,T30525_SURB4,T3,5/-/25,3/19/26,15,Ephemeroptera,Leptophlebidae,L,BL,21,7.2,2.3,4.5,4.9,5,6.7,3.6,4.5,4.1,2.5,,,,,
KS,5/14/26,KS,,T30525_SURB4,T3,5/-/25,3/19/26,15,Trichoptera,Brachycentridae,L,BL,14,5.1,4,4.4,6.8,4.3,4.1,3.6,4.3,6.4,4.9,,,,,
KS,5/14/26,KS,,T30525_SURB4,T3,5/-/25,3/19/26,15,Trichoptera,Glossosomatidae,L,BL,6,1.5,2.1,1.3,1.2,1.7,1,,,,,,,,,
KS,5/14/26,KS,,T30525_SURB4,T3,5/-/25,3/19/26,15,Trichoptera,Hydropsychidae,L,BL,8,1.5,4,3.8,11.1,2.7,1.6,10.3,14.3,,,,,,,
KS,5/14/26,KS,,T30525_SURB4,T3,5/-/25,3/19/26,15,Trichoptera,Lepidostomatidae,L,BL,13,7.1,5.3,2.3,2.1,5.8,7.9,2.2,5.3,2,8.1,,,,,
KS,5/14/26,KS,,T30525_SURB4,T3,5/-/25,3/19/26,15,Coleoptera,Elmidae,L,BL,18,4,3.4,2.7,5,3.4,2.8,3.3,4.1,3.6,4,,,,,
KS,5/14/26,KS,,T30525_SURB4,T3,5/-/25,3/19/26,15,Diptera,Chironomidae,L,BL,64,2.4,7.2,6.4,3.5,6.4,8.1,7.6,5.7,2.6,3.5,,,,,
KS,5/14/26,KS,,T30525_SURB5,T3,5/-/25,3/20/26,16,Ephemeroptera,Heptageniidae,L,BL,2,3.9,3.8,,,,,,,,,,,,,
KS,5/14/26,KS,,T30525_SURB5,T3,5/-/25,3/20/26,16,Ephemeroptera,Baetidae,L,BL,30,3,1.7,1.7,3.2,1.8,1.5,1.6,2.7,1.8,1.6,,,,,
KS,5/14/26,KS,,T30525_SURB5,T3,5/-/25,3/20/26,16,Ephemeroptera,Leptophlebidae,L,BL,1,2.7,,,,,,,,,,,,,,
KS,5/14/26,KS,,T30525_SURB5,T3,5/-/25,3/20/26,16,Trichoptera,Brachycentridae,L,BL,1,5.5,,,,,,,,,,,,,,
KS,5/14/26,KS,,T30525_SURB5,T3,5/-/25,3/20/26,16,Trichoptera,Brachycentridae,L,HW,4,0.9,1,0.9,0.6,,,,,,,,,,,
KS,5/14/26,KS,,T30525_SURB5,T3,5/-/25,3/20/26,16,Trichoptera,Hydropsychidae,L,BL,2,10,6,,,,,,,,,,,,,
KS,5/14/26,KS,,T30525_SURB5,T3,5/-/25,3/20/26,16,Trichoptera,Lepidostomatidae,L,HW,4,0.3,0.5,0.3,0.6,,,,,,,,,,,
KS,5/14/26,KS,,T30525_SURB5,T3,5/-/25,3/20/26,16,Coleoptera,Elmidae,L,BL,14,4.8,4.1,2.8,2.5,4.7,3.7,2.6,5.5,4.5,2.9,,,,,
KS,5/14/26,KS,,T30525_SURB5,T3,5/-/25,3/20/26,16,Coleoptera,Elmidae,A,BL,1,2.8,,,,,,,,,,,,,,
KS,5/14/26,KS,,T30525_SURB5,T3,5/-/25,3/20/26,16,Diptera,Chironomidae,L,BL,14,1.7,2.5,4,1.5,1.7,3.3,2,1.9,1.2,1.6,,,,,
KS,5/14/26,KS,,T30525_SURB5,T3,5/-/25,3/20/26,16,Trichoptera,Glossosomatidae,P,HW,1,1,,,,,,,,,,,,,,
KS,5/14/26,KS,,T30525_SURB5,T3,5/-/25,3/20/26,16,Diptera,,P,BL,2,5.7,5.8,,,,,,,,,,,,,
BS,6/4/26,KS,,C1.50825_SURB1,C1.5,8/-/25,3/27/26,16,Ephemeroptera,Baetidae,L,BL,9,2.5,2.5,2.2,1.6,2,2.1,4.7,2.1,,,,,,,
BS,6/4/26,KS,,C1.50825_SURB1,C1.5,8/-/25,3/27/26,16,Diptera,Limoniidae,L,BL,3.7,,,,,,,,,,,,,,,
BS,6/4/26,KS,,C1.50825_SURB1,C1.5,8/-/25,3/27/26,16,Diptera,Chironomidae,L,BL,66,5,5,3.3,1.6,2.6,7.1,3.9,1.8,4.7,3.3,,,,,
BS,6/4/26,KS,,C1.50825_SURB1,C1.5,8/-/25,3/27/26,16,Diptera,Simuliidae,L,BL,2,6.4,2.6,,,,,,,,,,,,,
BS,6/4/26,KS,,C1.50825_SURB1,C1.5,8/-/25,3/27/26,16,Diptera,,P,BL,9,3,2.8,3.5,1.5,2.4,1.6,1.7,3.5,3,,,,,,
BS,6/4/26,KS,,C1.50825_SURB1,C1.5,8/-/25,3/27/26,16,Diptera,,A,BL,1,2.6,,,,,,,,,,,,,,
BS,6/4/26,KS,,C1.50825_SURB1,C1.5,8/-/25,3/27/26,16,Trichoptera ,,P?,BL,1,6.2,,,,,,,,,,,,,,
BS,6/4/26,KS,,C1.50825_SURB1,C1.5,8/-/25,3/27/26,16,Terrestrial ,,A?,BL,2,8.5,4.1,,,,,,,,,,,,,
BS,6/4/26,Moira,,C1.50825_SURB2,C1.5,8/-/25,3/29/26,4,Ephemeroptera,Baetidae,L,BL,8,3.2,1.3,3.2,6.4,5.3,1.9,1.8,2.1,,,,,,,
BS,6/4/26,Moira,,C1.50825_SURB2,C1.5,8/-/25,3/29/26,4,Ephemeroptera,Leptophlebidae,L,BL,1,3.1,,,,,,,,,,,,,,
BS,6/4/26,Moira,,C1.50825_SURB2,C1.5,8/-/25,3/29/26,4,Trichoptera ,Lepidostomatidae,L,BL,1,3.5,,,,,,,,,,,,,,
BS,6/4/26,Moira,,C1.50825_SURB2,C1.5,8/-/25,3/29/26,4,Coleoptera,Elmidae ,L,BL,2,3.8,3.7,,,,,,,,,,,,,
BS,6/4/26,Moira,,C1.50825_SURB2,C1.5,8/-/25,3/29/26,4,Diptera,Chironomidae,L,BL,236,4.7,4.2,0.9,4.9,1.6,3.2,1.4,2.1,3.9,2.3,,,,,
BS,6/4/26,Moira,,C1.50825_SURB2,C1.5,8/-/25,3/29/26,4,Diptera,Simuliidae,L,BL,5,4.6,2.6,4.9,1.8,4.7,,,,,,,,,,
BS,6/4/26,Moira,,C1.50825_SURB2,C1.5,8/-/25,3/29/26,4,Amphipoda,Crangonyctidae,A,BL,2,4.3,2.7,,,,,,,,,,,,,
BS,6/4/26,Moira,,C1.50825_SURB2,C1.5,8/-/25,3/29/26,4,Oligochaeta ,Oligochaeta,A,BL,2,7,17.4,,,,,,,,,,,,,
BS,6/4/26,Moira,,C1.50825_SURB2,C1.5,8/-/25,3/29/26,4,Diptera,Chironomidae,P,BL,19,2.6,2,2,2.7,2.3,3.3,2.2,5.8,3.5,3.5,,,,,
BS,6/4/26,Moira,,C1.50825_SURB2,C1.5,8/-/25,3/29/26,4,Diptera,Chironomidae,A,BL,1,1.5,,,,,,,,,,,,,,
BS,6/4/26,Moira,,C1.50825_SURB3,C1.5,8/-/25,3/29/26,6,Plecoptera,Perlidae,L,BL,1,31.2,,,,,,,,,,,,,,
BS,6/4/26,Moira,,C1.50825_SURB3,C1.5,8/-/25,3/29/26,6,Ephemeroptera,Ephemerellidae,L,BL,1,11.1,,,,,,,,,,,,,,
BS,6/4/26,Moira,,C1.50825_SURB3,C1.5,8/-/25,3/29/26,6,Ephemeroptera,Heptageniidae,L,BL,1,1.2,,,,,,,,,,,,,,
BS,6/4/26,Moira,,C1.50825_SURB3,C1.5,8/-/25,3/29/26,6,Ephemeroptera,Baetidae,L,BL,3,5.6,3,1.2,,,,,,,,,,,,
BS,6/4/26,Moira,,C1.50825_SURB3,C1.5,8/-/25,3/29/26,6,Trichoptera ,Brachycentridae,L,BL,1,5.9,,,,,,,,,,,,,,
BS,6/4/26,Moira,,C1.50825_SURB3,C1.5,8/-/25,3/29/26,6,Coleoptera,Elmidae,L,BL,1,2.1,,,,,,,,,,,,,,
BS,6/4/26,Moira,,C1.50825_SURB3,C1.5,8/-/25,3/29/26,6,Diptera,Chironomidae,L,BL,211,4.9,0.9,3.5,2.7,3.5,5.2,6.6,3.7,4.8,1.3,,,,,
BS,6/4/26,Moira,,C1.50825_SURB3,C1.5,8/-/25,3/29/26,6,Diptera,Simuliidae,L,BL,3,3.5,2.6,4.4,,,,,,,,,,,,
BS,6/4/26,Moira,,C1.50825_SURB3,C1.5,8/-/25,3/29/26,6,Diptera,Athericidae,L,BL,1,5.4,,,,,,,,,,,,,,
BS,6/4/26,Moira,,C1.50825_SURB3,C1.5,8/-/25,3/29/26,6,Diptera,Chironomidae,P,BL,21,3.7,4,2.3,3.1,3.6,3,3.4,3.9,1.8,2.6,,,,,
BS,6/4/26,Moira,,C1.50825_SURB3,C1.5,8/-/25,3/29/26,6,Diptera,Chironomidae,A,BL,1,1.2,,,,,,,,,,,,,,
BS,6/4/26,Moira,,C1.50825_SURB3,C1.5,8/-/25,3/29/26,6,Terrestrial ,,A,BL,4,4.1,1.6,1.1,1.2,,,,,,,,,,,
BS,6/4/26,Moira,,C1.50825_SURB4,C1.5,8/-/25,4/3/26,6,Ephemeroptera,Ephemerellidae,L,BL,2,13.8,2.1,,,,,,,,,,,,,
BS,6/4/26,Moira,,C1.50825_SURB4,C1.5,8/-/25,4/3/26,6,Ephemeroptera,Baetidae,L,BL,15,4.6,2.7,3.2,3.8,2.1,1.7,3.9,5.4,1.1,3.6,,,,,
BS,6/4/26,Moira,,C1.50825_SURB4,C1.5,8/-/25,4/3/26,6,Ephemeroptera,Leptophlebidae,L,BL,1,2.3,,,,,,,,,,,,,,
BS,6/4/26,Moira,,C1.50825_SURB4,C1.5,8/-/25,4/3/26,6,Trichoptera ,Brachycentridae,L,BL,1,5,,,,,,,,,,,,,,
BS,6/4/26,Moira,,C1.50825_SURB4,C1.5,8/-/25,4/3/26,6,Trichoptera,Rhyacophilidae,L,BL,1,5.2,,,,,,,,,,,,,,
BS,6/4/26,Moira,,C1.50825_SURB4,C1.5,8/-/25,4/3/26,6,Trichoptera ,Lepidostomatidae,L,BL,7,3.6,3.2,2.4,4.1,2.1,2.8,3.9,,,,,,,,
BS,6/4/26,Moira,,C1.50825_SURB4,C1.5,8/-/25,4/3/26,6,Coleoptera,Elmidae ,L,BL,9,1.6,3.4,3.6,2.7,2.7,2.1,3.1,5,2.1,,,,,,
BS,6/4/26,Moira,,C1.50825_SURB4,C1.5,8/-/25,4/3/26,6,Diptera,Chironomidae,L,BL,161,3.3,6.2,8.5,0.7,3,6.1,1.2,3.2,2.3,1.3,,,,,
BS,6/4/26,Moira,,C1.50825_SURB4,C1.5,8/-/25,4/3/26,6,Diptera,Chironomidae,P,BL,9,2.7,3.5,3,3.3,3.8,2.6,5.1,2.3,2,,,,,,
BS,6/4/26,Moira,,C1.50825_SURB4,C1.5,8/-/25,4/3/26,6,Diptera,Chironomidae,A,BL,2,0.8,1.4,,,,,,,,,,,,,
BS,6/4/26,Moira,,C1.50825_SURB4,C1.5,8/-/25,4/3/26,6,Oligochaeta ,Oligochaeta,A,BL,3,7.1,4.4,3.2,,,,,,,,,,,,
BS,6/4/26,Moira,,C1.50825_SURB4,C1.5,8/-/25,4/3/26,6,Tricladida ,Planariidae ,A,BL,10,4.4,4.2,1.7,4,3.5,3.3,1.5,3.9,2.8,1.6,,,,,
BS,6/4/26,Moira,,C1.50825_SURB4,C1.5,8/-/25,4/3/26,6,Terrestrial ,,A,BL,1,7.4,,,,,,,,,,,,,,
BS,6/4/26,Moira ,,C1.50825_SURB5,C1.5,8/-/25,4/3/26,5,Ephemeroptera,Baetidae,L,BL,4,4.6,5,2.1,1.1,,,,,,,,,,,
BS,6/4/26,Moira ,,C1.50825_SURB5,C1.5,8/-/25,4/3/26,5,Ephemeroptera,Leptophlebidae,L,BL,2,2.6,1.1,,,,,,,,,,,,,
BS,6/4/26,Moira ,,C1.50825_SURB5,C1.5,8/-/25,4/3/26,5,Trichoptera ,Brachycentridae,L,BL,1,9.2,,,,,,,,,,,,,,
BS,6/4/26,Moira ,,C1.50825_SURB5,C1.5,8/-/25,4/3/26,5,Trichoptera ,Lepidostomatidae,L,BL,2,2.6,1.2,,,,,,,,,,,,,
BS,6/4/26,Moira ,,C1.50825_SURB5,C1.5,8/-/25,4/3/26,5,Coleoptera,Elmidae,L,BL,1,3.3,,,,,,,,,,,,,,
BS,6/4/26,Moira ,,C1.50825_SURB5,C1.5,8/-/25,4/3/26,5,Diptera ,Chironomidae,L,BL,191,3.9,1.9,5.7,7.1,6.3,1.8,1.8,1.3,8.4,2.1,,,,,
BS,6/4/26,Moira ,,C1.50825_SURB5,C1.5,8/-/25,4/3/26,5,Diptera ,Simuliidae,L,BL,1,3.2,,,,,,,,,,,,,,
BS,6/4/26,Moira ,,C1.50825_SURB5,C1.5,8/-/25,4/3/26,5,Oligochaeta ,Oligochaeta,A,BL,4,44.1,6.6,2.2,3.2,,,,,,,,,,,
BS,6/4/26,Moira ,,C1.50825_SURB5,C1.5,8/-/25,4/3/26,5,Amphipoda  ,Crangonyctidae ,A,BL,2,4,5.6,,,,,,,,,,,,,
BS,6/4/26,Moira ,,C1.50825_SURB5,C1.5,8/-/25,4/3/26,5,Tricladida ,Planariidae ,A,BL,2,2.7,1.5,,,,,,,,,,,,,
BS,6/4/26,Moira ,,C1.50825_SURB5,C1.5,8/-/25,4/3/26,5,Diptera ,Chironomidae,P,BL,14,3,2.1,3,2.8,2.6,1.7,1.8,3,1.7,2.8,,,,,
BS,6/4/26,Moira ,,C1.50825_SURB5,C1.5,8/-/25,4/3/26,5,Diptera ,Chironomidae,A,BL,1,1.2,,,,,,,,,,,,,,
BS,6/4/26,Moira ,,C20825_SURB1,C2,8/-/25,4/5/26,7,Plecoptera,Pteronarcyidae,L,BL,1,4.4,,,,,,,,,,,,,,
BS,6/4/26,Moira ,,C20825_SURB1,C2,8/-/25,4/5/26,7,Plecoptera,Chloroperlidae,L,BL,1,2.2,,,,,,,,,,,,,,
BS,6/4/26,Moira ,,C20825_SURB1,C2,8/-/25,4/5/26,7,Ephemeroptera,Heptageniidae,L,BL,1,4.1,,,,,,,,,,,,,,
BS,6/4/26,Moira ,,C20825_SURB1,C2,8/-/25,4/5/26,7,Ephemeroptera,Baetidae,L,BL,3,1.6,0.9,1.2,,,,,,,,,,,,
BS,6/4/26,Moira ,,C20825_SURB1,C2,8/-/25,4/5/26,7,Trichoptera ,Hydroptilidae ,L,BL,1,4.1,,,,,,,,,,,,,,
BS,6/4/26,Moira ,,C20825_SURB1,C2,8/-/25,4/5/26,7,Diptera,Empididae,L,BL,1,5,,,,,,,,,,,,,,
BS,6/4/26,Moira ,,C20825_SURB1,C2,8/-/25,4/5/26,7,Diptera,Chironomidae,L,BL,186,4.6,3.2,0.9,3.5,5.5,1.1,5.9,2.7,3.3,1.2,,,,,
BS,6/4/26,Moira ,,C20825_SURB1,C2,8/-/25,4/5/26,7,Diptera,Simuliidae,L,BL,4,3.6,2.8,3.3,3.2,,,,,,,,,,,
BS,6/4/26,Moira ,,C20825_SURB1,C2,8/-/25,4/5/26,7,Diptera ,Tipulidae,L,BL,1,4,,,,,,,,,,,,,,
BS,6/4/26,Moira ,,C20825_SURB1,C2,8/-/25,4/5/26,7,Tricladida ,Planariidae ,A,BL,4,2.6,3.8,2.6,1.9,,,,,,,,,,,
BS,6/4/26,Moira ,,C20825_SURB1,C2,8/-/25,4/5/26,7,Amphipoda  ,Crangonyctidae,A,BL,1,2.1,,,,,,,,,,,,,,
BS,6/4/26,Moira ,,C20825_SURB1,C2,8/-/25,4/5/26,7,Oligochaeta ,Oligochaeta,A,BL,1,7.4,,,,,,,,,,,,,,
BS,6/4/26,Moira ,,C20825_SURB1,C2,8/-/25,4/5/26,7,Terrestrial ,,A,BL,1,4.1,,,,,,,,,,,,,,
BS,6/4/26,Moira ,,C20825_SURB1,C2,8/-/25,4/5/26,7,Diptera ,Chironomidae,P,BL,11,3.5,3.7,3.5,2.2,2.7,2.7,3.4,2,2.1,0.6(HW),,,,,
BS,6/4/26,Moira ,,C20825_SURB1,C2,8/-/25,4/5/26,7,Diptera ,Chironomidae,A,BL,2,1.5,2.3,,,,,,,,,,,,,
BS,6/4/26,KS,,C20825_SURB2,C2,8/-/25,4/3/26,16,Plecoptera,Taeniopterygidae,L,BL,1,4.5,,,,,,,,,,,,,,
BS,6/4/26,KS,,C20825_SURB2,C2,8/-/25,4/3/26,16,Plecoptera,Perlidae,L,BL,3,4.5,8.2,4,,,,,,,,,,,,
BS,6/4/26,KS,,C20825_SURB2,C2,8/-/25,4/3/26,16,Plecoptera,Pteronarcyidae,L,BL,2,5.4,7.1,,,,,,,,,,,,,
BS,6/4/26,KS,,C20825_SURB2,C2,8/-/25,4/3/26,16,Ephemeroptera,Ephemerellidae,L,BL,1,6.4,,,,,,,,,,,,,,
BS,6/4/26,KS,,C20825_SURB2,C2,8/-/25,4/3/26,16,Ephemeroptera,Baetidae,L,BL,2,3.3,4.6,,,,,,,,,,,,,
BS,6/4/26,KS,,C20825_SURB2,C2,8/-/25,4/3/26,16,Ephemeroptera,Leptophlebidae,L,BL,1,4.2,,,,,,,,,,,,,,
BS,6/4/26,KS,,C20825_SURB2,C2,8/-/25,4/3/26,16,Trichoptera,Brachycentridae,L,BL,1,2.9,,,,,,,,,,,,,,
BS,6/4/26,KS,,C20825_SURB2,C2,8/-/25,4/3/26,16,Trichoptera ,Lepidostomatidae,L,BL,2,16.8,3.1,,,,,,,,,,,,,
BS,6/4/26,KS,,C20825_SURB2,C2,8/-/25,4/3/26,16,Diptera ,Chironomidae,L,BL,174,4.2,3.1,3.8,2.8,5.9,3.1,7.2,3.3,5.7,3.2,,,,,
BS,6/4/26,KS,,C20825_SURB2,C2,8/-/25,4/3/26,16,Diptera ,Simuliidae,L,BL,10,6.1,2.8,3.1,3.2,4.5,4.6,3.7,3.5,4.7,3,,,,,
BS,6/4/26,KS,,C20825_SURB2,C2,8/-/25,4/3/26,16,Diptera ,,P,BL,6,3.6,3.4,3.2,3.9,4,2.6,,,,,,,,,
BS,6/4/26,KS,,C20825_SURB2,C2,8/-/25,4/3/26,16,Diptera ,Limoniidae,L,BL,1,4,,,,,,,,,,,,,,
BS,6/4/26,KS,,C20825_SURB2,C2,8/-/25,4/3/26,16,Amphipoda  ,,A,BL,1,6.4,,,,,,,,,,,,,,
BS,6/4/26,Moira ,,C20825_SURB3,C2,8/-/25,4/10/26,8,Plecoptera,Chloroperlidae,L,BL,1,2.7,,,,,,,,,,,,,,
BS,6/4/26,Moira ,,C20825_SURB3,C2,8/-/25,4/10/26,8,Ephemeroptera,Ephemerellidae,L,BL,2,6.8,6.6,,,,,,,,,,,,,
BS,6/4/26,Moira ,,C20825_SURB3,C2,8/-/25,4/10/26,8,Ephemeroptera,Heptageniidae,L,BL,1,2.6,,,,,,,,,,,,,,
BS,6/4/26,Moira ,,C20825_SURB3,C2,8/-/25,4/10/26,8,Ephemeroptera,Baetidae,L,BL,2,0.9,1.3,,,,,,,,,,,,,
BS,6/4/26,Moira ,,C20825_SURB3,C2,8/-/25,4/10/26,8,Diptera ,Chironomidae,L,BL,208,1.7,5.4,4.2,2.6,4.7,4.1,5.1,1.7,4.9,3.7,,,,,
BS,6/4/26,Moira ,,C20825_SURB3,C2,8/-/25,4/10/26,8,Diptera,Simuliidae,L,Bl,1,4.6,,,,,,,,,,,,,,
BS,6/4/26,Moira ,,C20825_SURB3,C2,8/-/25,4/10/26,8,Oligochaeta ,Oligochaeta,A,BL,6,2.3,4.1,1.5,13.8,5.3,0.9,,,,,,,,,
BS,6/4/26,Moira ,,C20825_SURB3,C2,8/-/25,4/10/26,8,Diptera ,Chironomidae,P,BL,12,4.6,3.2,2.8,1.6,3.3,2,2.2,3.4,2.1,0.8,,,,,
BS,6/4/26,Moira ,,C20825_SURB3,C2,8/-/25,4/10/26,8,Diptera ,Chironomidae,A,BL,4,2.1,3,1.7,3,,,,,,,,,,,
BS,6/4/26,Moira,,C20825_SURB4,C2,8/-/25,4/10/26,2,Plecoptera,Pteronarcyidae,L,BL,5,7.3,4.4,7.8,3.8,4,,,,,,,,,,
BS,6/4/26,Moira,,C20825_SURB4,C2,8/-/25,4/10/26,2,Plecoptera,Perlidae,L,BL,1,34.2,,,,,,,,,,,,,,
BS,6/4/26,Moira,,C20825_SURB4,C2,8/-/25,4/10/26,2,Ephemeroptera,Ephemerellidae,L,BL,2,7.3,1.6,,,,,,,,,,,,,
BS,6/4/26,Moira,,C20825_SURB4,C2,8/-/25,4/10/26,2,Ephemeroptera,Heptageniidae,L,BL,2,2.1,1.7,,,,,,,,,,,,,
BS,6/4/26,Moira,,C20825_SURB4,C2,8/-/25,4/10/26,2,Ephemeroptera,Baetidae,L,BL,22,3.2,1.8,2.1,5.6,1.6,1.9,2,1.7,2.1,1.5,,,,,
BS,6/4/26,Moira,,C20825_SURB4,C2,8/-/25,4/10/26,2,Ephemeroptera,Leptophlebidae,L,BL,3,2.1,2.9,6.4,,,,,,,,,,,,
BS,6/4/26,Moira,,C20825_SURB4,C2,8/-/25,4/10/26,2,Trichoptera ,Hydropsychidae,L,BL,1,2.9,,,,,,,,,,,,,,
BS,6/4/26,Moira,,C20825_SURB4,C2,8/-/25,4/10/26,2,Diptera ,Chironomidae,L,BL,125,3.1,2.6,4.4,2,2.2,5.1,1.6,2.1,1.3,2.4,,,,,
BS,6/4/26,Moira,,C20825_SURB4,C2,8/-/25,4/10/26,2,Diptera ,Simuliidae,L,BL,41,7.2,4.9,4,3.3,3.2,2.9,3.2,4.1,2.6,5.4,,,,,
BS,6/4/26,Moira,,C20825_SURB4,C2,8/-/25,4/10/26,2,Terrestrial ,,A,BL,2,1.9,1.5,,,,,,,,,,,,,
BS,6/4/26,Moira,,C20825_SURB4,C2,8/-/25,4/10/26,2,Diptera ,Chironomidae,P,BL,13,3.2,2,2.3,3.4,4,2.4,3.7,3.3,2.4,2.3,,,,,
BS,6/4/26,Moira,,C20825_SURB4,C2,8/-/25,4/10/26,2,Diptera ,Chironomidae,A,BL,1,1.5,,,,,,,,,,,,,,
BS,6/4/26,Moira,,C20825_SURB5,C2,8/-/25,4/12/26,7,Plecoptera,Pteronarcyidae,L,BL,1,8.1,,,,,,,,,,,,,,
BS,6/4/26,Moira,,C20825_SURB5,C2,8/-/25,4/12/26,7,Ephemeroptera,Heptageniidae,L,BL,1,1.6,,,,,,,,,,,,,,
BS,6/4/26,Moira,,C20825_SURB5,C2,8/-/25,4/12/26,7,Ephemeroptera,Baetidae,L,BL,15,5.8,4.1,1.9,2.1,2.2,1.7,1.4,1.7,1.3,1.5,,,,,
BS,6/4/26,Moira,,C20825_SURB5,C2,8/-/25,4/12/26,7,Ephemeroptera,Leptophlebidae,L,BL,1,5.2,,,,,,,,,,,,,,
BS,6/4/26,Moira,,C20825_SURB5,C2,8/-/25,4/12/26,7,Diptera ,Chironomidae,L,BL,122,4.5,2.4,2.2,3.2,4.1,4.3,4.2,3.2,3.4,3.3,,,,,
BS,6/4/26,Moira,,C20825_SURB5,C2,8/-/25,4/12/26,7,Diptera ,Simuliidae,L,BL,25,2.6,2.4,5.2,4.8,4.5,4.4,5.2,4.4,3.8,2,,,,,
BS,6/4/26,Moira,,C20825_SURB5,C2,8/-/25,4/12/26,7,Diptera ,Tipulidae,L,BL,2,7.4,5.2,,,,,,,,,,,,,
BS,6/4/26,Moira,,C20825_SURB5,C2,8/-/25,4/12/26,7,Tricladida ,Planariidae ,A,BL,1,2.1,,,,,,,,,,,,,,
BS,6/4/26,Moira,,C20825_SURB5,C2,8/-/25,4/12/26,7,Terrestrial ,,A,BL,1,1.7,,,,,,,,,,,,,,
BS,6/4/26,Moira,,C20825_SURB5,C2,8/-/25,4/12/26,7,Oligochaeta ,Oligochaeta,A,BL,4,1.1,1.5,1.3,1.2,,,,,,,,,,,
BS,6/4/26,Moira,,C20825_SURB5,C2,8/-/25,4/12/26,7,Diptera ,Chironomidae,P,BL,28,3.4,2.8,2.5,1.7,2.4,4,3.3,2.2,2.5,3.2,,,,,
BS,6/4/26,Moira,,C20825_SURB5,C2,8/-/25,4/12/26,7,Diptera ,Chironomidae,A,BL,4,1.3,1.2,1.8,1.6,,,,,,,,,,,
BS,6/4/26,KS,,T10825_SURB1,T1,8/-/25,4/10/26,9,Ephemeroptera,Ephemerellidae,L,BL,1,6.3,,,,,,,,,,,,,,
BS,6/4/26,KS,,T10825_SURB1,T1,8/-/25,4/10/26,9,Ephemeroptera,Heptageniidae,L,BL,1,blank,,,,,,,,,,,,,,
BS,6/4/26,KS,,T10825_SURB1,T1,8/-/25,4/10/26,9,Ephemeroptera,Baetidae,L,BL,1,2.9,,,,,,,,,,,,,,
BS,6/4/26,KS,,T10825_SURB1,T1,8/-/25,4/10/26,9,Ephemeroptera,Leptophlebidae,L,BL,2,7.5,4.6,,,,,,,,,,,,,
BS,6/4/26,KS,,T10825_SURB1,T1,8/-/25,4/10/26,9,Trichoptera ,Brachycentridae,L,BL,1,3.3,,,,,,,,,,,,,,
BS,6/4/26,KS,,T10825_SURB1,T1,8/-/25,4/10/26,9,Coleoptera,Elmidae ,L,BL,2,4.5,4.4,,,,,,,,,,,,,
BS,6/4/26,KS,,T10825_SURB1,T1,8/-/25,4/10/26,9,Diptera,Chironomidae,L,BL,190,5.7,4.8,5.3,4.5,4.2,5,3.1,5.6,5.2,6.8,,,,,
BS,6/4/26,KS,,T10825_SURB1,T1,8/-/25,4/10/26,9,"""Worm""",,A,BL,1,23.1,,,,,,,,,,,,,,
BS,6/4/26,KS,,T10825_SURB1,T1,8/-/25,4/10/26,9,Diptera ,,P,BL,15,4.3,3.7,2.1,3,3.9,3.3,3.2,3.7,2.6,3.6,,,,,
BS,6/4/26,KS,,T10825_SURB1,T1,8/-/25,4/10/26,9,Diptera ,,A,BL,1,5.2,,,,,,,,,,,,,,
BS,6/4/26,Moira ,,T10825_SURB2,T1,8/-/25,4/12/26,8,Ephemeroptera,Baetidae,A,BL,9,4.9,8.2,4.7,7.8,6.2,6.1,3.4,4.1,5.9,,,,,,
BS,6/4/26,Moira ,,T10825_SURB2,T1,8/-/25,4/12/26,8,Ephemeroptera,Baetidae,L,BL,3,5.7,2,2.3,,,,,,,,,,,,
BS,6/4/26,Moira ,,T10825_SURB2,T1,8/-/25,4/12/26,8,Coleoptera,Elmidae ,L,BL,2,2.2,2.4,,,,,,,,,,,,,
BS,6/4/26,Moira ,,T10825_SURB2,T1,8/-/25,4/12/26,8,Diptera ,Chironomidae,L,BL,158,4.7,3.8,5.3,4.1,3.2,3.6,4.3,3.3,1.2,6.1,,,,,
BS,6/4/26,Moira ,,T10825_SURB2,T1,8/-/25,4/12/26,8,Diptera ,Simuliidae,L,BL,1,1.6,,,,,,,,,,,,,,
BS,6/4/26,Moira ,,T10825_SURB2,T1,8/-/25,4/12/26,8,Diptera ,Athericidae,L,BL,1,7,,,,,,,,,,,,,,
BS,6/4/26,Moira ,,T10825_SURB2,T1,8/-/25,4/12/26,8,Terrestrial ,,A,BL,13,7,8.1,3.6,5.7,1.7,2,4.3,4.8,6.4,3,,,,,
BS,6/4/26,Moira ,,T10825_SURB2,T1,8/-/25,4/12/26,8,Diptera ,Chironomidae,A,BL,10,2.3,0.9,2.8,1.6,1.3,3.5,1.3,2,4.4,3.1,,,,,
BS,6/4/26,Moira ,,T10825_SURB2,T1,8/-/25,4/12/26,8,Oligochaeta ,Oligochaeta,A,BL,1,2.9,,,,,,,,,,,,,,
BS,6/4/26,Moira ,,T10825_SURB2,T1,8/-/25,4/12/26,8,Diptera ,Chironomidae,P,BL,9,3.2,2.9,3.6,3.2,3,3.9,3.2,1.8,1.3,,,,,,
BS,6/4/26,Moira ,,T10825_SURB2,T1,8/-/25,4/12/26,8,Coleoptera,Hyrdrophilidae? ,L,BL,1,5.6,,,,,,,,,,,,,,
BS,6/4/26,Moira ,,T10825_SURB2,T1,8/-/25,4/12/26,8,Diptera ,Phoridae?,L?,BL,1,3.9,,,,,,,,,,,,,,
BS,6/4/26,Moira ,,T10825_SURB3,T1,8/-/25,4/12/26,4,Ephemeroptera,Baetidae,L,BL,4,3,2.4,1.7,3.1,,,,,,,,,,,
BS,6/4/26,Moira ,,T10825_SURB3,T1,8/-/25,4/12/26,4,Coleoptera,Dytiscidae ,L,BL,2,1.3,1.3,,,,,,,,,,,,,
BS,6/4/26,Moira ,,T10825_SURB3,T1,8/-/25,4/12/26,4,Diptera ,Chironomidae,L,BL,162,5,6.2,4,1.5,4.3,2.7,7.3,7,1.9,5.5,,,,,
BS,6/4/26,Moira ,,T10825_SURB3,T1,8/-/25,4/12/26,4,Diptera,Simuliidae,L,BL,1,4.3,,,,,,,,,,,,,,
BS,6/4/26,Moira ,,T10825_SURB3,T1,8/-/25,4/12/26,4,Oligochaeta ,Oligochaeta,A,BL,15,2,4.9,1.7,1.2,8.1,6.3,3.3,1.6,11.4,2.9,,,,,
BS,6/4/26,Moira ,,T10825_SURB3,T1,8/-/25,4/12/26,4,Diptera ,Chironomidae,P,BL,18,2.8,3.2,2.1,1.9,3.8,3.4,2.6,2.3,3.6,1.5,,,,,
BS,6/4/26,Moira ,,T10825_SURB4,T1,8/-/25,4/12/26,2,Ephemeroptera,Baetidae,A,BL,1,5.8,,,,,,,,,,,,,,
BS,6/4/26,Moira ,,T10825_SURB4,T1,8/-/25,4/12/26,2,Ephemeroptera,Baetidae,L,BL,4,6,1.9,1.8,1.1,,,,,,,,,,,
BS,6/4/26,Moira ,,T10825_SURB4,T1,8/-/25,4/12/26,2,Ephemeroptera,Leptophlebidae,L,BL,1,6.6,,,,,,,,,,,,,,
BS,6/4/26,Moira ,,T10825_SURB4,T1,8/-/25,4/12/26,2,Diptera ,Chironomidae,L,BL,174,4.9,5.3,4.4,1.7,3.7,3.3,5.3,6.2,2.1,2.8,,,,,
BS,6/4/26,Moira ,,T10825_SURB4,T1,8/-/25,4/12/26,2,Terrestrial ,,A,BL,1,2.5,,,,,,,,,,,,,,
BS,6/4/26,Moira ,,T10825_SURB4,T1,8/-/25,4/12/26,2,Oligochaeta ,Oligochaeta,A,BL,5,3.8,1.8,3.6,1.7,1.8,,,,,,,,,,
BS,6/4/26,Moira ,,T10825_SURB4,T1,8/-/25,4/12/26,2,"""Scud""",,A,BL,1,3.3,,,,,,,,,,,,,,
BS,6/4/26,Moira ,,T10825_SURB4,T1,8/-/25,4/12/26,2,Diptera ,Chironomidae,A,BL,4,1.5,2.2,1.4,1.3,,,,,,,,,,,
BS,6/4/26,Moira ,,T10825_SURB4,T1,8/-/25,4/12/26,2,Diptera ,Chironomidae,P,BL,21,3.2,4.3,2.6,3.5,3.1,3.6,3.8,2.5,2.1,3.2,,,,,
BS,6/4/26,KS,,T10825_SURB5,T1,8/-/25,4/16/26,16,Plecoptera,Perlidae,L,BL,1,29.5,,,,,,,,,,,lots of exoskeletons,,,
BS,6/4/26,KS,,T10825_SURB5,T1,8/-/25,4/16/26,16,Ephemeroptera,Baetidae,L,BL,25,5.2,5.4,3.4,3,1.9,2.2,2.4,3.5,1.8,2.9,,lots of exoskeletons,,,
BS,6/4/26,KS,,T10825_SURB5,T1,8/-/25,4/16/26,16,Diptera ,Chironomidae,L,BL,81,9,2.7,5.1,3,4,3.5,5,7.1,4.8,6.4,,lots of exoskeletons,,,
BS,6/4/26,KS,,T10825_SURB5,T1,8/-/25,4/16/26,16,Diptera ,Simuliidae,L,BL,14,3,5.1,5.6,2.3,3.4,3.1,3.7,4.7,3.4,4.6,,lots of exoskeletons,,,
BS,6/4/26,KS,,T10825_SURB5,T1,8/-/25,4/16/26,16,Diptera ,,P,BL,17,3,3.1,3.9,3.8,2.5,2.3,5,3.2,4.2,2.6,,lots of exoskeletons,,,
BS,6/4/26,KS,,T10825_SURB5,T1,8/-/25,4/16/26,16,Terrestrial ,,A,BL,7,4.9(ant),2.1,2.1,2.6,4.1,2.6,7.1(leaf hopper),,,,,lots of exoskeletons,,,
BS,6/4/26,KS,,T20825_SURB1,T2,8/-/25,4/15/26,14,Ephemeroptera,Ephemerellidae,L,BL,3,7.5,7.2,1.7,,,,,,,,,,,,
BS,6/4/26,KS,,T20825_SURB1,T2,8/-/25,4/15/26,14,Ephemeroptera,Baetidae,L,BL,13,5.6,1.7,2.7,5.2,1.8,2.7,3,2.1,1.7,2,,,,,
BS,6/4/26,KS,,T20825_SURB1,T2,8/-/25,4/15/26,14,Ephemeroptera,Leptophlebidae,L,BL,1,4.2,,,,,,,,,,,,,,
BS,6/4/26,KS,,T20825_SURB1,T2,8/-/25,4/15/26,14,Trichoptera,Lepidostomatidae,L,BL,16,3.5,3.6,2.6,3,4.5,3.5,4.1,3,3.6,3.4,,,,,
BS,6/4/26,KS,,T20825_SURB1,T2,8/-/25,4/15/26,14,Coleoptera,Elmidae,L,BL,14,2.5,5.5,4.7,5.5,2.5,2.8,4.6,3.8,4.2,4,,,,,
BS,6/4/26,KS,,T20825_SURB1,T2,8/-/25,4/15/26,14,Coleoptera,Elmidae,A,BL,1,3.3,,,,,,,,,,,,,,
BS,6/4/26,KS,,T20825_SURB1,T2,8/-/25,4/15/26,14,Diptera ,Chironomidae,L,BL,134,4.8,3,3.7,2,7.1,5,4.1,1.7,4.2,7.8,,,,,
BS,6/4/26,KS,,T20825_SURB1,T2,8/-/25,4/15/26,14,Diptera ,Simuliidae,L,BL,3,5.7,5.2,4.4,,,,,,,,,,,,
BS,6/4/26,KS,,T20825_SURB1,T2,8/-/25,4/15/26,14,Terrestrial ,,A,BL,2,4,5.6,,,,,,,,,,,,,
BS,6/4/26,KS,,T20825_SURB1,T2,8/-/25,4/15/26,14,Gastropoda ,,A,BL,2,7,3.3,,,,,,,,,,,,,
BS,6/4/26,KS,,T20825_SURB1,T2,8/-/25,4/15/26,14,Diptera ,,P,BL,20,2.7,2,4.8,3,2.6,2.7,1.4,3.7,2.4,3.5,,,,,
BS,6/4/26,KS,,T20825_SURB1,T2,8/-/25,4/15/26,14,Amphipoda  ,,A,BL,1,2,,,,,,,,,,,,,,
BS,6/4/26,Moira ,,T20825_SURB2,T2,8/-/25,4/17/26,4,Ephemeroptera,Ephemerellidae,L,BL,2,7,6.3,,,,,,,,,,,,,
BS,6/4/26,Moira ,,T20825_SURB2,T2,8/-/25,4/17/26,4,Ephemeroptera,Heptageniidae,L,BL,1,3.8,,,,,,,,,,,,,,
BS,6/4/26,Moira ,,T20825_SURB2,T2,8/-/25,4/17/26,4,Ephemeroptera,Baetidae,L,BL,14,2,5.3,4.1,2.5,2.4,2.9,2.7,8.2,1.4,1.6,,,,,
BS,6/4/26,Moira ,,T20825_SURB2,T2,8/-/25,4/17/26,4,Ephemeroptera,Leptophlebidae,L,BL,1,7,,,,,,,,,,,,,,
BS,6/4/26,Moira ,,T20825_SURB2,T2,8/-/25,4/17/26,4,Trichoptera,Brachycentridae,L,BL,1,10.8,,,,,,,,,,,,,,
BS,6/4/26,Moira ,,T20825_SURB2,T2,8/-/25,4/17/26,4,Trichoptera ,Lepidostomatidae,L,BL,6?,3.1,2.7,4.4,4.1,2.4,3.4,3.3,3.8,4.1,5.3,,,,,
BS,6/4/26,Moira ,,T20825_SURB2,T2,8/-/25,4/17/26,4,Coleoptera,Elmidae,L,BL,9,4.6,2.3,4.4,3.4,3.3,4.1,5,2.5,2.8,,,,,,
BS,6/4/26,Moira ,,T20825_SURB2,T2,8/-/25,4/17/26,4,Diptera ,Chironomidae,L,BL,198,7.7,6.3,1.2,5.2,8.5,1.7,1.9,2.4,3.6,9.1,,,,,
BS,6/4/26,Moira ,,T20825_SURB2,T2,8/-/25,4/17/26,4,Diptera ,Simuliidae,L,BL,4,2.7,5.6,1.7,3.1,,,,,,,,,,,
BS,6/4/26,Moira ,,T20825_SURB2,T2,8/-/25,4/17/26,4,Coleoptera,Elmidae,A,BL,3,2.8,3.1,2.4,,,,,,,,,,,,
BS,6/4/26,Moira ,,T20825_SURB2,T2,8/-/25,4/17/26,4,Oligochaeta ,Oligochaeta,A,BL,1,23.1,,,,,,,,,,,,,,
BS,6/4/26,Moira ,,T20825_SURB2,T2,8/-/25,4/17/26,4,Tricladida ,Planariidae ,A,BL,2,3,2.4,,,,,,,,,,,,,
BS,6/4/26,Moira ,,T20825_SURB2,T2,8/-/25,4/17/26,4,Gastropoda ,,A,BL,3,2,3.5,2.1,,,,,,,,,,,,
BS,6/4/26,Moira ,,T20825_SURB2,T2,8/-/25,4/17/26,4,Diptera,Chironomidae,P,BL,5,2.4,3.7,1.6,2.5,3.1,,,,,,,,,,
BS,6/4/26,Moira ,,T20825_SURB2,T2,8/-/25,4/17/26,4,Diptera,Chironomidae,A,BL,1,1.8,,,,,,,,,,,,,,
BS,6/4/26,KS,,T20825_SURB3,T2,8/-/25,4/17/26,16,Plecoptera,Chloroperlidae,L,BL,1,6.2,,,,,,,,,,,,,,
BS,6/4/26,KS,,T20825_SURB3,T2,8/-/25,4/17/26,16,Ephemeroptera,Ephemerellidae,L,BL,2,5.7,12.3,,,,,,,,,,,,,
BS,6/4/26,KS,,T20825_SURB3,T2,8/-/25,4/17/26,16,Ephemeroptera,Baetidae,L,BL,15,5.2,4,5.6,2.6,2.9,3.7,1.9,2.7,6.4,1.6,,,,,
BS,6/4/26,KS,,T20825_SURB3,T2,8/-/25,4/17/26,16,Ephemeroptera,Leptophlebidae,L,Bl,2,7.8,2,,,,,,,,,,,,,
BS,6/4/26,KS,,T20825_SURB3,T2,8/-/25,4/17/26,16,Trichoptera ,Lepidostomatidae,L,BL,7,3.6,2.9,4.7,3.2,3.9,3.8,2.6,,,,,,,,
BS,6/4/26,KS,,T20825_SURB3,T2,8/-/25,4/17/26,16,Coleoptera,Elmidae,L,BL,19,5,2.5,4.9,2.2,2.8,5.5,2.5,4.1,2.4,5,,,,,
BS,6/4/26,KS,,T20825_SURB3,T2,8/-/25,4/17/26,16,Diptera ,Chironomidae,L,BL,131,8.3,3.3,10.2,3,2.3,4,3.4,4.8,0.7,4.1,,,,,
BS,6/4/26,KS,,T20825_SURB3,T2,8/-/25,4/17/26,16,Diptera ,Simuliidae,L,BL,5,5.1,2.7,2.6,3.6,3.6,,,,,,,,,,
BS,6/4/26,KS,,T20825_SURB3,T2,8/-/25,4/17/26,16,Diptera ,Chironomidae,P,BL,23,1.9,2.7,1.9,2.8,2.4,1.7,2.9,1.7,2.2,1.8,,,,,
BS,6/4/26,KS,,T20825_SURB3,T2,8/-/25,4/17/26,16,Coleoptera,Elmidae,A,BL,1,2.9,,,,,,,,,,,,,,
BS,6/4/26,KS,,T20825_SURB3,T2,8/-/25,4/17/26,16,Terrestrial ,,A,BL,8,1.9,1.7,5.1,2.8,2.8,3.1,1.8,1.5,,,,,,,
BS,6/4/26,Moira ,,T20825_SURB4,T2,8/-/25,4/20/26,6,Ephemeroptera,Ephemerellidae,L,BL,8,12.8,6.7,1.9,2.8,6.1,7.2,5.6,6.6,,,,,,,
BS,6/4/26,Moira ,,T20825_SURB4,T2,8/-/25,4/20/26,6,Ephemeroptera,Heptageniidae,L,BL,9,2.1,1.2,8.6,6.6,1.8,2.3,2,4,2,,,,,,
BS,6/4/26,Moira ,,T20825_SURB4,T2,8/-/25,4/20/26,6,Ephemeroptera,Baetidae,L,BL,14,2.7,1.9,1.9,3.9,2.2,4.1,2.1,3.2,4.1,3.4,,,,,
BS,6/4/26,Moira ,,T20825_SURB4,T2,8/-/25,4/20/26,6,Ephemeroptera,Leptophlebidae,L,BL,1,3.2,,,,,,,,,,,,,,
BS,6/4/26,Moira ,,T20825_SURB4,T2,8/-/25,4/20/26,6,Trichoptera,Brachycentridae,L,BL,1,8.2,,,,,,,,,,,,,,
BS,6/4/26,Moira ,,T20825_SURB4,T2,8/-/25,4/20/26,6,Trichoptera,Glossomatidae,L,BL,3,5.2,5.7,4.2,,,,,,,,,,,,
BS,6/4/26,Moira ,,T20825_SURB4,T2,8/-/25,4/20/26,6,Trichoptera,Lepidostomatidae,L,BL,5,4.4,3.6,4.8,4.3,2.2,,,,,,,,,,
BS,6/4/26,Moira ,,T20825_SURB4,T2,8/-/25,4/20/26,6,Coleoptera,Elmidae,L,BL,12,4.1,2.7,3.9,2.5,3.8,4.4,3.5,2.3,1.7,2,,,,,
BS,6/4/26,Moira ,,T20825_SURB4,T2,8/-/25,4/20/26,6,Diptera ,Chironomidae,L,BL,93,8.2,2.6,1.8,6.3,2.4,8.7,0.8,2.2,3.7,7.4,,,,,
BS,6/4/26,Moira ,,T20825_SURB4,T2,8/-/25,4/20/26,6,Diptera ,Simuliidae,L,BL,50,6.4,4.6,5.2,5.9,5.2,5.7,6.8,1.7,4,6,,,,,
BS,6/4/26,Moira ,,T20825_SURB4,T2,8/-/25,4/20/26,6,Diptera ,Athericidae,L,BL,1,12.9,,,,,,,,,,,,,,
BS,6/4/26,Moira ,,T20825_SURB4,T2,8/-/25,4/20/26,6,Gastropoda ,,A,BL,1,3.2,,,,,,,,,,,,,,
BS,6/4/26,Moira ,,T20825_SURB4,T2,8/-/25,4/20/26,6,Tricladida,Planariidae ,A,BL,6,2.3,2.4,3.4,2.7,2.4,3.2,,,,,,,,,
BS,6/4/26,Moira ,,T20825_SURB4,T2,8/-/25,4/20/26,6,Trombidiformes ,Hydrachnidae ,A?,BL,1,0.9,,,,,,,,,,,,,,
BS,6/4/26,Moira ,,T20825_SURB4,T2,8/-/25,4/20/26,6,Terrestrial ,,A,BL,2,1.7,2.4,,,,,,,,,,,,,
BS,6/4/26,Moira ,,T20825_SURB4,T2,8/-/25,4/20/26,6,"""Scud""",1,A,BL,1,2,,,,,,,,,,,,,,
BS,6/4/26,Moira ,,T20825_SURB4,T2,8/-/25,4/20/26,6,Diptera ,Chironomidae,P,BL,7,2.1,3.3,2.3,1.6,2.9,3.6,3,,,,,,,,
BS,6/4/26,Moira ,,T20825_SURB4,T2,8/-/25,4/20/26,6,Diptera ,Chironomidae,A,BL,3,1.7,2.3,1.4,,,,,,,,,,,,
BS,6/4/26,Moira ,,T20825_SURB5,T2,8/-/25,4/30/26,16,Ephemeroptera,Ephemerellidae,L,BL,3,1.5,4,6.1,,,,,,,,,,,,
BS,6/4/26,Moira ,,T20825_SURB5,T2,8/-/25,4/30/26,16,Ephemeroptera,Heptageniidae,L,BL,6,2.7,2.1,1.4,4.5,3,2.1,,,,,,,,,
BS,6/4/26,Moira ,,T20825_SURB5,T2,8/-/25,4/30/26,16,Ephemeroptera,Baetidae,L,BL,12,4.7,3.2,2.1,1.7,2.2,2.3,1.8,2,1.7,1.5,,,,,
BS,6/4/26,Moira ,,T20825_SURB5,T2,8/-/25,4/30/26,16,Trichoptera ,Brachycentridae,L,BL,3,0.9(HW),0.3(HW),3,,,,,,,,,,,,
BS,6/4/26,Moira ,,T20825_SURB5,T2,8/-/25,4/30/26,16,Trichoptera ,Lepidostomatidae,L,BL,2,3.1,3.2,,,,,,,,,,,,,
BS,6/4/26,Moira ,,T20825_SURB5,T2,8/-/25,4/30/26,16,Coleoptera,Elmidae,L,BL,16,4.5,3.1,4.2,2.5,2.5,6,4.3,2.4,2.6,4,,,,,
BS,6/4/26,Moira ,,T20825_SURB5,T2,8/-/25,4/30/26,16,Diptera ,,P,BL,9,3.6,4.1,2,2.1,1.7,2.2,1.6,2.3,1.8,,,,,,
BS,6/4/26,Moira ,,T20825_SURB5,T2,8/-/25,4/30/26,16,Diptera ,Chironomidae,L,BL,32,4.5,10.5,7,2.5,10.5,6.5,7.5,3.5,7.4,9.6,,,,,
BS,6/4/26,Moira ,,T20825_SURB5,T2,8/-/25,4/30/26,16,Diptera ,Simuliidae,L,BL,13,4.3,4.3,3.7,3.7,4.5,2.7,2.8,2.8,2.8,3,,,,,
BS,6/4/26,Moira ,,T20825_SURB5,T2,8/-/25,4/30/26,16,Trichoptera ,Brachycentridae,P,BL,5,6.6,4.3,5.5,8,7.1,,,,,,,,,,
BS,6/4/26,Moira ,,T20825_SURB5,T2,8/-/25,4/30/26,16,Trichoptera ,Glossomatidae,P,BL,5,3.6,5.2,4.6,4.1,5.4,,,,,,,,,,
BS,6/4/26,Moira ,,T20825_SURB5,T2,8/-/25,4/30/26,16,Gastropoda ,,A,BL,3,2.2,1.8,2,,,,,,,,,,,,
BS,6/4/26,Moira ,,T20825_SURB5,T2,8/-/25,4/30/26,16,Terrestrial ,,A,BL,5,3.2,1.4,14.2,2.8,2.9,,,,,,,,,,
BS,6/4/26,Moira ,,T20825_SURB5,T2,8/-/25,4/30/26,16,Amphipoda  ,,A,BL,1,2.1,,,,,,,,,,,,,,
BS,6/4/26,Moira ,,T20825_SURB5,T2,8/-/25,4/30/26,16,Diptera ,Deuterophlebiidae,L?,BL,4,3.5,3,2.4,1.9,,,,,,,,,,,
BS,6/4/26,Moira ,,T20825_SURB5,T2,8/-/25,4/30/26,16,Leech,,A,BL,3,2.8,2.6,1.9,,,,,,,,,,,,
BS,6/4/26,Moira ,,T20825_SURB5,T2,8/-/25,4/30/26,16,Coleoptera,Elmidae,A,BL,2,2.8,2.5,,,,,,,,,,,,,
BS,6/4/26,Moira ,,T30825_SURB1,T3,8/-/25,4/30/26,16,Ephemeroptera,Ephemerellidae,L,BL,2,6.1,2.2,,,,,,,,,,,,,
BS,6/4/26,Moira ,,T30825_SURB1,T3,8/-/25,4/30/26,16,Ephemeroptera,Heptageniidae,L,BL,4,6.8,4.6,3.8,2.2,,,,,,,,,,,
BS,6/4/26,Moira ,,T30825_SURB1,T3,8/-/25,4/30/26,16,Ephemeroptera,Leptophlebidae,L,BL,10,2.3,1.3,2.3,2.4,1.6,1.1,2.1,1.8,2,?,,,,,
BS,6/4/26,Moira ,,T30825_SURB1,T3,8/-/25,4/30/26,16,Coleoptera,Elmidae ,L,BL,1,4.3,,,,,,,,,,,,,,
BS,6/4/26,Moira ,,T30825_SURB1,T3,8/-/25,4/30/26,16,Diptera ,Chironomidae,L,BL,88,4.3,8.1,3.9,5.7,1.3,1.5,3.2,2.9,4.9,1.9,,,,,
BS,6/4/26,Moira ,,T30825_SURB1,T3,8/-/25,4/30/26,16,Diptera,Simuliidae,L,BL,83,6,5.2,3.2,2.5,6.1,6.6,3,2.7,4.7,2.6,,,,,
BS,6/4/26,Moira ,,T30825_SURB1,T3,8/-/25,4/30/26,16,Gastropoda ,,A,BL,2,7,2.5,,,,,,,,,,,,,
BS,6/4/26,Moira ,,T30825_SURB1,T3,8/-/25,4/30/26,16,Terrestrial ,,A,BL,2,1.9,1.7,,,,,,,,,,,,,
BS,6/4/26,Moira ,,T30825_SURB1,T3,8/-/25,4/30/26,16,Amphipoda  ,,A,BL,1,2.1,,,,,,,,,,,,,,
BS,6/4/26,Moira ,,T30825_SURB1,T3,8/-/25,4/30/26,16,Elmidae,Dytiscidae?,L?,BL,1,2.2,,,,,,,,,,,,,,
BS,6/4/26,Moira ,,T30825_SURB1,T3,8/-/25,4/30/26,16,Diptera,,P,BL,11,3,2.7,3.9,3.1,3,2.9,2,4.5,2,2.1,,,,,
BS,6/4/26,KS,,T30825_SURB2,T3,8/-/25,4/30/26,16,Ephemeroptera,Baetidae,L,BL,14,1.7,2.1,2.6,2.7,4.3,2.4,2.8,2.5,2,1.8,,,,,
BS,6/4/26,KS,,T30825_SURB2,T3,8/-/25,4/30/26,16,Diptera ,Culicidae,L?,BL,1,3.8,,,,,,,,,,,,,,
BS,6/4/26,KS,,T30825_SURB2,T3,8/-/25,4/30/26,16,Diptera ,Chironomidae,L,BL,82,4.2,2.1,3.4,2.4,5.5,2,3,5.4,1.4,1.6,,,,,
BS,6/4/26,KS,,T30825_SURB2,T3,8/-/25,4/30/26,16,Diptera ,Simuliidae,L,BL,127,6.4,4.5,2,4.7,7.1,6,3.1,2.8,3.6,4.1,,,,,
BS,6/4/26,KS,,T30825_SURB2,T3,8/-/25,4/30/26,16,Diptera ,,P,BL,4,3,2.3,3.9,2.1,,,,,,,,,,,
BS,6/4/26,KS,,T30825_SURB2,T3,8/-/25,4/30/26,16,Terrestrial ,,A,BL,8,2.1,2.9,2.2,2.4,3.5,3.9,3,2.8,,,,,,,
BS,6/4/26,KS,,T30825_SURB3,T3,8/-/25,4/30/26,14,Ephemeroptera,Baetidae,L,BL,3,4.7,2.9,2.7,,,,,,,,,,,,
BS,6/4/26,KS,,T30825_SURB3,T3,8/-/25,4/30/26,14,Coleoptera,Elmidae ,L,BL,6,3.2,2.5,3.9,5.2,5.2,3,,,,,,,,,
BS,6/4/26,KS,,T30825_SURB3,T3,8/-/25,4/30/26,14,Diptera,Chironomidae,L,BL,160,8.8,5.6,2.6,4.5,3.9,5.1,7.7,2.2,5.3,5.7,,,,,
BS,6/4/26,KS,,T30825_SURB3,T3,8/-/25,4/30/26,14,Diptera,Simuliidae,L,BL,9,4,5.2,4.2,3.3,2.7,3.1,2.8,5.4,1.6,,,,,,
BS,6/4/26,KS,,T30825_SURB3,T3,8/-/25,4/30/26,14,Diptera ,,P,BL,16,3.4,4.5,4,2.7,3.4,3.2,2.6,3.5,3.9,1.8,,,,,
BS,6/4/26,KS,,T30825_SURB3,T3,8/-/25,4/30/26,14,Gastropoda ,,A,BL,9,5.2,7.2,2.4,2.2,2.7,2.6,4.1,1.6,1.5,,,,,,
BS,6/4/26,KS,,T30825_SURB4,T3,8/-/25,5/1/26,5,Ephemeroptera,Ephemerellidae,L ,BL,1,3.5,,,,,,,,,,,,,,
BS,6/4/26,KS,,T30825_SURB4,T3,8/-/25,5/1/26,5,Ephemeroptera,Heptageniidae,L,BL,2,7.4,8.8,,,,,,,,,,,,,
BS,6/4/26,KS,,T30825_SURB4,T3,8/-/25,5/1/26,5,Ephemeroptera,Baetidae,L,BL,12,2.1,1.5,1.4,1.7,1.8,2.5,2.2,2.2,1.5,1.9,,,,,
BS,6/4/26,KS,,T30825_SURB4,T3,8/-/25,5/1/26,5,Ephemeroptera,Leptophlebidae,L,BL,1,4.2,,,,,,,,,,,,,,
BS,6/4/26,KS,,T30825_SURB4,T3,8/-/25,5/1/26,5,Coleoptera,Elmidae,A,BL,1,2.8,,,,,,,,,,,,,,
BS,6/4/26,KS,,T30825_SURB4,T3,8/-/25,5/1/26,5,Diptera ,Chironomidae,L,BL,90,5.1,2.5,7.5,5.5,2.6,5.2,1.8,5.5,3.1,7.9,,,,,
BS,6/4/26,KS,,T30825_SURB4,T3,8/-/25,5/1/26,5,Diptera ,Simuliidae,L,BL,98,5.1,4,3.9,5.7,1.5,2.5,3.1,5.8,4.2,3.6,,,,,
BS,6/4/26,KS,,T30825_SURB4,T3,8/-/25,5/1/26,5,Terrestrial ,,A,BL,4,2.8,2.9,2.9,1.8,,,,,,,,,,,
BS,6/4/26,KS,,T30825_SURB4,T3,8/-/25,5/1/26,5,Collembola ,,A?,BL,1,2.1,,,,,,,,,,,,,,
BS,6/4/26,KS,,T30825_SURB4,T3,8/-/25,5/1/26,5,Gastropoda ,,A,BL,1,1.3,,,,,,,,,,,,,,
BS,6/4/26,KS,,T30825_SURB4,T3,8/-/25,5/1/26,5,"""Aquatic worm?""",,A?,BL,2,4.9,8,,,,,,,,,,,,,
BS,6/4/26,KS,,T30825_SURB4,T3,8/-/25,5/1/26,5,Diptera ,,P,BL,4,2.7,3.3,3.7,2.5,,,,,,,,,,,
BS,6/4/26,KS,,T30825_SURB5,T3,8/-/25,5/1/26,16,Ephemeroptera,Ephemerellidae,L,BL,1,3.2,,,,,,,,,,,,,,
BS,6/4/26,KS,,T30825_SURB5,T3,8/-/25,5/1/26,16,Ephemeroptera,Baetidae,L,BL,8,3.5,3.5,1.8,3.4,3,1.6,1.6,1.8,,,,,,,
BS,6/4/26,KS,,T30825_SURB5,T3,8/-/25,5/1/26,16,Coleoptera,Elmidae,L,BL,4,5.4,3.6,4.8,4.3,,,,,,,,,,,
BS,6/4/26,KS,,T30825_SURB5,T3,8/-/25,5/1/26,16,Diptera ,Chironomidae,L,BL,161,8.3,3.4,6.4,4.1,2.8,6.4,1.8,2.5,3.8,3.6,,,,,
BS,6/4/26,KS,,T30825_SURB5,T3,8/-/25,5/1/26,16,Diptera ,Simuliidae,L,BL,3,3,4,3.1,,,,,,,,,,,,
BS,6/4/26,KS,,T30825_SURB5,T3,8/-/25,5/1/26,16,Muscidae ,,A,BL,1,14.5,,,,,,,,,,,,,,
BS,6/4/26,KS,,T30825_SURB5,T3,8/-/25,5/1/26,16,Diptera ,,P,BL,18,2.3,3,4.2,3.6,1.7,3,2.9,2,1.9,2.4,,,,,
BS,6/4/26,KS,,T30825_SURB5,T3,8/-/25,5/1/26,16,Terrestrial ,,A,BL,3,4.9,2,2.1,,,,,,,,,,,,
BS,6/4/26,KS,,T30825_SURB5,T3,8/-/25,5/1/26,16,Gastropoda ,,A,BL,2,4,1.2,,,,,,,,,,,,,
BS,6/5/26,Moira ,,C1.51025_SURB1,C1.5,10/-/25,5/5/26,3,Ephemeroptera,Baetidae,L,BL,5,0.6,1.2,1,0.5,1.5,,,,,,,,,,
BS,6/5/26,Moira ,,C1.51025_SURB1,C1.5,10/-/25,5/5/26,3,Trichoptera ,Brachycentridae,L,BL,1,1.2,,,,,,,,,,,,,,
BS,6/5/26,Moira ,,C1.51025_SURB1,C1.5,10/-/25,5/5/26,3,Coleoptera,Elmidae,L,BL,5,5,4.9,4.2,1.3,1.1,,,,,,,,,,
BS,6/5/26,Moira ,,C1.51025_SURB1,C1.5,10/-/25,5/5/26,3,Diptera ,Chironomidae,L,BL,200,4.1,7.5,5.7,1.2,0.8,1.3,2.1,1.1,0.8,1.5,,,,,
BS,6/5/26,Moira ,,C1.51025_SURB1,C1.5,10/-/25,5/5/26,3,"""Aquatic worm?""",,A,BL,1,5.3,,,,,,,,,,,,,,
BS,6/5/26,Moira ,,C1.51025_SURB1,C1.5,10/-/25,5/5/26,3,Diptera ,Empididae,L,BL,1,1.6,,,,,,,,,,,,,,
BS,6/5/26,Moira ,,C1.51025_SURB1,C1.5,10/-/25,5/5/26,3,unknown ,,,BL,1,6.6,,,,,,,,,,,looked like a rectangular rigid deflated hexatoma ,,,
BS,6/5/26,Moira ,,C1.51025_SURB2,C1.5,10/-/25,5/5/26,16,Ephemeroptera,Baetidae,L,BL,9,1.4,1.2,1.7,1.4,1.4,1.2,1.4,0.8,1,,,,,,
BS,6/5/26,Moira ,,C1.51025_SURB2,C1.5,10/-/25,5/5/26,16,Trichoptera ,Rhyacophilidae,L,BL,1,1.7,,,,,,,,,,,,,,
BS,6/5/26,Moira ,,C1.51025_SURB2,C1.5,10/-/25,5/5/26,16,Trichoptera,Brachycentridae,L,BL,2,2,2,,,,,,,,,,,,,
BS,6/5/26,Moira ,,C1.51025_SURB2,C1.5,10/-/25,5/5/26,16,Trichoptera,Lepidostomatidae,L,BL,1,2,,,,,,,,,,,,,,
BS,6/5/26,Moira ,,C1.51025_SURB2,C1.5,10/-/25,5/5/26,16,Coleoptera,Elmidae,L,BL,1,3.9,,,,,,,,,,,,,,
BS,6/5/26,Moira ,,C1.51025_SURB2,C1.5,10/-/25,5/5/26,16,Diptera ,Tipulidae,L,BL,1,6.5,,,,,,,,,,,,,,
BS,6/5/26,Moira ,,C1.51025_SURB2,C1.5,10/-/25,5/5/26,16,Diptera,Chironomidae,L,BL,114,4,2.5,0.9,1.1,2.6,0.8,2,1.4,0.7,0.9,,,,,
BS,6/5/26,Moira ,,C1.51025_SURB2,C1.5,10/-/25,5/5/26,16,Diptera,,P,Bl,1,3.1,,,,,,,,,,,,,,
BS,6/5/26,KS,,C1.51025_SURB3,C1.5,10/-/25,5/5/26,16,Ephemeroptera,Baetidae,L,BL,3,1.8,1.6,1.3,,,,,,,,,very light,,,
BS,6/5/26,KS,,C1.51025_SURB3,C1.5,10/-/25,5/5/26,16,Trichoptera ,Brachycentridae,L,BL,1,2.5,,,,,,,,,,,,,,
BS,6/5/26,KS,,C1.51025_SURB3,C1.5,10/-/25,5/5/26,16,Coleoptera,Elmidae,L,BL,1,4.5,,,,,,,,,,,,,,
BS,6/5/26,KS,,C1.51025_SURB3,C1.5,10/-/25,5/5/26,16,Diptera ,Chironomidae,L,BL,81,4.8,4.2,1.7,2.2,2,1.4,2.3,1,1.2,2.6,,,,,
BS,6/5/26,KS,,C1.51025_SURB3,C1.5,10/-/25,5/5/26,16,Diptera,,P,BL,1,3,,,,,,,,,,,,,,
BS,6/5/26,KS,,C1.51025_SURB4,C1.5,10/-/25,5/6/26,12,Ephemeroptera,Baetidae,L,BL,22,3.5,2.4,1.6,1.5,2.1,0.7,1.5,1.3,0.9,2.1,,heavier on Didymo ,,,
BS,6/5/26,KS,,C1.51025_SURB4,C1.5,10/-/25,5/6/26,12,Trichoptera ,Brachycentridae,L,BL,7,2.3,2.1,2.8,2.5,2.3,2.1,0.4(HW),,,,,,,,
BS,6/5/26,KS,,C1.51025_SURB4,C1.5,10/-/25,5/6/26,12,Trichoptera ,Lepidostomatidae,L,BL,5,4.6,4.8,0.8(HW),2.2,2.3,,,,,,,,,,
BS,6/5/26,KS,,C1.51025_SURB4,C1.5,10/-/25,5/6/26,12,Coleoptera,Elmidae,L,BL,3,2.3,5.1,5.1,,,,,,,,,,,,
BS,6/5/26,KS,,C1.51025_SURB4,C1.5,10/-/25,5/6/26,12,Diptera,Empididae,L,BL,1,5,,,,,,,,,,,,,,
BS,6/5/26,KS,,C1.51025_SURB4,C1.5,10/-/25,5/6/26,12,Diptera,Chironomidae,L,BL,162,5.9,1.7,1.2,2.5,2.6,4.5,3.6,1.5,1.2,1,,,,,
BS,6/5/26,KS,,C1.51025_SURB4,C1.5,10/-/25,5/6/26,12,Diptera,,P,BL,2,2.4,4.1,,,,,,,,,,,,,
BS,6/5/26,KS,,C1.51025_SURB4,C1.5,10/-/25,5/6/26,12,Amphipoda  ,,A,BL,3,2.4,3.3,1.6,,,,,,,,,,,,
BS,6/5/26,KS,,C1.51025_SURB4,C1.5,10/-/25,5/6/26,12,Diptera,Tipulidae,L,BL,1,4.5,,,,,,,,,,,,,,
BS,6/5/26,KS,,C1.51025_SURB4,C1.5,10/-/25,5/6/26,12,Gastropoda ,,A,BL,1,5.1,,,,,,,,,,,,,,
BS,6/5/26,KS,,C1.51025_SURB4,C1.5,10/-/25,5/6/26,12,Oligochaeta ,Oligochaeta,A,BL,1,24.8,,,,,,,,,,,,,,
BS,6/5/26,KS,,C1.51025_SURB5,C1.5,10/-/25,5/6/26,16,Ephemeroptera,Ephemerellidae,L,BL,1,5.8,,,,,,,,,,,light sample,,,
BS,6/5/26,KS,,C1.51025_SURB5,C1.5,10/-/25,5/6/26,16,Ephemeroptera,Heptageniidae,L,BL,1,2.8,,,,,,,,,,,,,,
BS,6/5/26,KS,,C1.51025_SURB5,C1.5,10/-/25,5/6/26,16,Ephemeroptera,Baetidae,L,BL,15,2,1.2,2,2,2,1.2,1.6,1.7,1.2,1.1,,,,,
BS,6/5/26,KS,,C1.51025_SURB5,C1.5,10/-/25,5/6/26,16,Trichoptera,Brachycentridae,L,BL,10,2.2,2.3,2.4,2.2,1.9,2.6,2,2.7,2.3,2.1,,,,,
BS,6/5/26,KS,,C1.51025_SURB5,C1.5,10/-/25,5/6/26,16,Trichoptera,Lepidostomatidae,L,BL,10,2.8,3.7,1.4,4.3,4.8,2.2,1.5,0.4(HW),2.1,2.3,,,,,
BS,6/5/26,KS,,C1.51025_SURB5,C1.5,10/-/25,5/6/26,16,Coleoptera,Elmidae,L,BL,1,6.1,,,,,,,,,,,,,,
BS,6/5/26,KS,,C1.51025_SURB5,C1.5,10/-/25,5/6/26,16,Diptera,Tipulidae,L,BL,1,8.3,,,,,,,,,,,,,,
BS,6/5/26,KS,,C1.51025_SURB5,C1.5,10/-/25,5/6/26,16,Diptera,Chironomidae,L,BL,127,5.5,2.2,3.7,2.1,1.2,0.9,2.3,3.8,2.1,1.7,,,,,
BS,6/5/26,KS,,C1.51025_SURB5,C1.5,10/-/25,5/6/26,16,Amphipoda  ,,A,BL,5,5.6,3.5,3.4,3.5,2.8,,,,,,,,,,
BS,6/5/26,KS,,C1.51025_SURB5,C1.5,10/-/25,5/6/26,16,Podocopida,Ostracod,A,BL,4,1.2,1.1,1.1,1,,,,,,,,,,,
BS,6/5/26,KS,,C21025_SURB1,C2,10/-/25,5/7/26,16,Plecoptera,Perlidae,L,BL,1,4.5,,,,,,,,,,,"lots of Didymo, hard to see",,,
BS,6/5/26,KS,,C21025_SURB1,C2,10/-/25,5/7/26,16,Ephemeroptera,Ephemerellidae,L,BL,3,6.1,7.3,1.7,,,,,,,,,,,,
BS,6/5/26,KS,,C21025_SURB1,C2,10/-/25,5/7/26,16,Ephemeroptera,Heptageniidae,L,BL,1,1.6,,,,,,,,,,,,,,
BS,6/5/26,KS,,C21025_SURB1,C2,10/-/25,5/7/26,16,Ephemeroptera,Baetidae,L,BL,7,4.3,1.4,1.6,1.2,1.4,1.4,1.6,,,,,,,,
BS,6/5/26,KS,,C21025_SURB1,C2,10/-/25,5/7/26,16,Trichoptera,Brachycentridae,L,BL,29,2.9,2.9,3.1,2.6,2.5,10,2.1,2.2,7.2,2.7,,,,,
BS,6/5/26,KS,,C21025_SURB1,C2,10/-/25,5/7/26,16,Trichoptera,Hydropsychidae,L,BL,1,4.5,,,,,,,,,,,,,,
BS,6/5/26,KS,,C21025_SURB1,C2,10/-/25,5/7/26,16,Trichoptera,Lepidostomatidae,L,BL,5,2.3,3.5,1.8,1.9,5.3,,,,,,,,,,
BS,6/5/26,KS,,C21025_SURB1,C2,10/-/25,5/7/26,16,Coleoptera,Elmidae,L,BL,13,6.6,5.1,3.2,4.7,3.5,5.4,2.4,5.6,5,5,,,,,
BS,6/5/26,KS,,C21025_SURB1,C2,10/-/25,5/7/26,16,Diptera,Chironomidae,L,BL,118,2.8,1.2,1.1,2.3,5.4,5.3,2,3.4,1.9,2.6,,,,,
BS,6/5/26,KS,,C21025_SURB1,C2,10/-/25,5/7/26,16,Diptera ,Simuliidae,L,BL,8,2.7,2.9,2,2.8,1.5,2.5,2.6,2,,,,,,,
BS,6/5/26,KS,,C21025_SURB1,C2,10/-/25,5/7/26,16,Diptera,,P,BL,2,4.3,3.3,,,,,,,,,,,,,
BS,6/5/26,KS,,C21025_SURB1,C2,10/-/25,5/7/26,16,Amphipoda  ,,A,BL,1,2.9,,,,,,,,,,,,,,
BS,6/5/26,KS,,C21025_SURB1,C2,10/-/25,5/7/26,16,Diptera,Tipulidae,L,BL,1,18.4,,,,,,,,,,,,,,
BS,6/5/26,KS,,C21025_SURB1,C2,10/-/25,5/7/26,16,Diptera,Limoniidae,L,BL,1,3.8,,,,,,,,,,,,,,
BS,6/5/26,KS,,C21025_SURB1,C2,10/-/25,5/7/26,16,Gastropoda ,,A,BL,4,4.7,4.6,2.2,2,,,,,,,,,,,
BS,6/5/26,Moira ,,C21025_SURB2,C2,10/-/25,5/8/26,2,Plecoptera,Perlidae,L,BL,1,8.2,,,,,,,,,,,,,,
BS,6/5/26,Moira ,,C21025_SURB2,C2,10/-/25,5/8/26,2,Ephemeroptera,Ephemerellidae,L,BL,1,7.6,,,,,,,,,,,,,,
BS,6/5/26,Moira ,,C21025_SURB2,C2,10/-/25,5/8/26,2,Ephemeroptera,Heptageniidae,L,BL,1,2.6,,,,,,,,,,,,,,
BS,6/5/26,Moira ,,C21025_SURB2,C2,10/-/25,5/8/26,2,Ephemeroptera,Baetidae,L,BL,26,1.6,1.1,3.3,0.9,1.4,0.4,1.5,1.2,2.1,1.7,,,,,
BS,6/5/26,Moira ,,C21025_SURB2,C2,10/-/25,5/8/26,2,Ephemeroptera,Leptophlebidae,L,BL,1,1.3,,,,,,,,,,,,,,
BS,6/5/26,Moira ,,C21025_SURB2,C2,10/-/25,5/8/26,2,Trichoptera,Brachycentridae,L,BL,6,3.7,3.4,2.1,3,2.3,2.6,,,,,,,,,
BS,6/5/26,Moira ,,C21025_SURB2,C2,10/-/25,5/8/26,2,Trichoptera,Hydropsychidae,L,BL,3,1.3,1.9,1.4,,,,,,,,,,,,
BS,6/5/26,Moira ,,C21025_SURB2,C2,10/-/25,5/8/26,2,Trichoptera ,Lepidostomatidae,L,BL,2,6.2,5.9,,,,,,,,,,,,,
BS,6/5/26,Moira ,,C21025_SURB2,C2,10/-/25,5/8/26,2,Coleoptera,Elmidae,L,BL,5,6,1.3,4.2,4.8,4.5,,,,,,,,,,
BS,6/5/26,Moira ,,C21025_SURB2,C2,10/-/25,5/8/26,2,Diptera ,Chironomidae,L,BL,224,1,0.8,2.3,0.7,1,2.1,0.9,1.6,0.6,5,,,,,
BS,6/5/26,Moira ,,C21025_SURB2,C2,10/-/25,5/8/26,2,Oligochaeta ,Oligochaeta,A,BL,1,4.3,,,,,,,,,,,,,,
BS,6/5/26,Moira ,,C21025_SURB2,C2,10/-/25,5/8/26,2,Tricladida,Planariidae ,A,BL,1,1.6,,,,,,,,,,,,,,
BS,6/5/26,Moira ,,C21025_SURB2,C2,10/-/25,5/8/26,2,Diptera ,Empididae,L,BL,1,3.4,,,,,,,,,,,,,,
BS,6/5/26,Moira ,,C21025_SURB3,C2,10/-/25,5/8/26,2,Plecoptera,Chloroperlidae,L,BL,1,4.6,,,,,,,,,,,,,,
BS,6/5/26,Moira ,,C21025_SURB3,C2,10/-/25,5/8/26,2,Ephemeroptera,Ephemerellidae,L,BL,1,5.4,,,,,,,,,,,,,,
BS,6/5/26,Moira ,,C21025_SURB3,C2,10/-/25,5/8/26,2,Ephemeroptera,Heptageniidae,L,BL,1,2.1,,,,,,,,,,,,,,
BS,6/5/26,Moira ,,C21025_SURB3,C2,10/-/25,5/8/26,2,Ephemeroptera,Baetidae,L,BL,12,1.6,3.9,1.1,2.1,1.5,1.4,1.6,2,0.4,1.8,,,,,
BS,6/5/26,Moira ,,C21025_SURB3,C2,10/-/25,5/8/26,2,Trichoptera,Brachycentridae,L,BL,18,3.8,7.1,2.1,2.4,2.5,2.5,1.7,2.4,3.9,3.3,,,,,
BS,6/5/26,Moira ,,C21025_SURB3,C2,10/-/25,5/8/26,2,Coleoptera,Elmidae,L,BL,6,5.9,3.7,3.7,2.7,2.6,3.6,,,,,,,,,
BS,6/5/26,Moira ,,C21025_SURB3,C2,10/-/25,5/8/26,2,Diptera,Chironomidae,L,BL,159,1.8,0.6,0.7,0.8,0.9,0.8,0.9,1,0.8,5.6,,,,,
BS,6/5/26,Moira ,,C21025_SURB3,C2,10/-/25,5/8/26,2,Diptera,Chironomidae,L,BL,4,2.4,3.5,2.2,2.1,,,,,,,,,,,
BS,6/5/26,Moira ,,C21025_SURB3,C2,10/-/25,5/8/26,2,Oligochaeta ,Oligochaeta,A,BL,6,3.2,4.1,1.3,2.7,12.4,11.3,,,,,,,,,
BS,6/5/26,Moira ,,C21025_SURB3,C2,10/-/25,5/8/26,2,Diptera,Chironomidae,P,BL,2,4,3.2,,,,,,,,,,,,,
BS,6/5/26,Moira ,,C21025_SURB3,C2,10/-/25,5/8/26,2,Diptera ,Empididae,L,BL,1,2.6,,,,,,,,,,,,,,
BS,6/5/26,KS,,C21025_SURB4,C2,10/-/25,5/8/26,10,Plecoptera,Chloroperlidae,L,BL,1,2.4,,,,,,,,,,,,,,
BS,6/5/26,KS,,C21025_SURB4,C2,10/-/25,5/8/26,10,Ephemeroptera,Ephemerellidae,L,BL,4,5.6,7.2,8.2,7.7,,,,,,,,,,,
BS,6/5/26,KS,,C21025_SURB4,C2,10/-/25,5/8/26,10,Ephemeroptera,Heptageniidae,L,BL,2,2,2.5,,,,,,,,,,,,,
BS,6/5/26,KS,,C21025_SURB4,C2,10/-/25,5/8/26,10,Ephemeroptera,Baetidae,L,BL,43,1.2,1.5,1.4,1.2,3.7,2.3,3.6,2.1,1.6,1.2,,,,,
BS,6/5/26,KS,,C21025_SURB4,C2,10/-/25,5/8/26,10,Trichoptera ,Brachycentridae,L,BL,33,2.2,6.4,2.4,2.7,8.9,6.6,2.1,2.4,1.9,2,,,,,
BS,6/5/26,KS,,C21025_SURB4,C2,10/-/25,5/8/26,10,Trichoptera ,Glossomatidae,L,BL,6,1.8,5.2,1.2,1.4,4.3,1.8,,,,,,,,,
BS,6/5/26,KS,,C21025_SURB4,C2,10/-/25,5/8/26,10,Trichoptera ,Hydropsychidae,L,BL,11,5.6,6.3,3.7,6.3,2.4,5.3,3.6,3.8,3,1.3,,,,,
BS,6/5/26,KS,,C21025_SURB4,C2,10/-/25,5/8/26,10,Trichoptera ,Lepidostomatidae,L,BL,12,5.1,1.7,3.8,5.6,4.8,3.6,4.8,3.3,3.1,1.2,,,,,
BS,6/5/26,KS,,C21025_SURB4,C2,10/-/25,5/8/26,10,Coleoptera,Elmidae,L,BL,17,4.4,2.5,5.4,1.5,5.3,4.4,3.8,5.1,4.2,4.6,,,,,
BS,6/5/26,KS,,C21025_SURB4,C2,10/-/25,5/8/26,10,Diptera,Chironomidae,L,BL,48,2.3,1.1,1.1,2.1,5.1,3.4,2.9,1.7,1.4,2.3,,,,,
BS,6/5/26,KS,,C21025_SURB4,C2,10/-/25,5/8/26,10,Diptera,Simuliidae,L,BL,21,2.1,2.2,3.1,1.4,2.4,2.6,2.7,1.8,1.9,2.3,,,,,
BS,6/5/26,KS,,C21025_SURB4,C2,10/-/25,5/8/26,10,Diptera,Athericidae,L,BL,2,3.3,3.4,,,,,,,,,,,,,
BS,6/5/26,KS,,C21025_SURB4,C2,10/-/25,5/8/26,10,"""Scud""",,A,BL,2,1.9,1.9,,,,,,,,,,,,,
BS,6/5/26,KS,,C21025_SURB5,C2,10/-/25,5/8/26,11,Plecoptera,Chloroperlidae,L,BL,1,2,,,,,,,,,,,,,,
BS,6/5/26,KS,,C21025_SURB5,C2,10/-/25,5/8/26,11,Plecoptera,Perlodidae,L,BL,1,2.8,,,,,,,,,,,,,,
BS,6/5/26,KS,,C21025_SURB5,C2,10/-/25,5/8/26,11,Ephemeroptera,Ephemerellidae,L,BL,8,7,4.7,5.7,6.2,4.5,5.1,4.4,5.4,,,,,,,
BS,6/5/26,KS,,C21025_SURB5,C2,10/-/25,5/8/26,11,Ephemeroptera,Heptageniidae,L,BL,1,3.3,,,,,,,,,,,,,,
BS,6/5/26,KS,,C21025_SURB5,C2,10/-/25,5/8/26,11,Ephemeroptera,Baetidae,L,BL,19,1.7,2,1.5,1,1.5,1.6,1.7,1.1,1.2,2.1,,,,,
BS,6/5/26,KS,,C21025_SURB5,C2,10/-/25,5/8/26,11,Trichoptera ,Brachycentridae,L,BL,42,8.3,2.2,2.9,1.3,1.4,1.5,2.2,1.7,1.3,2.7,,,,,
BS,6/5/26,KS,,C21025_SURB5,C2,10/-/25,5/8/26,11,Trichoptera ,Glossomatidae,L,BL,9,6.3,5.1,4.1,3.6,6.3,2.5,5.2,3.3,3.8,,,,,,
BS,6/5/26,KS,,C21025_SURB5,C2,10/-/25,5/8/26,11,Trichoptera ,Hydropsychidae,L,BL,24,3.2,2.5,3.2,3.5,1.6,16.4,3.7,4,2.4,2.6,,,,,
BS,6/5/26,KS,,C21025_SURB5,C2,10/-/25,5/8/26,11,Trichoptera ,Rhyacophilidae,L,BL,1,1.8,,,,,,,,,,,,,,
BS,6/5/26,KS,,C21025_SURB5,C2,10/-/25,5/8/26,11,Trichoptera ,Lepidostomatidae,L,BL,9,3.9,4.1,2.7,2.2,3,1.2,1.6,1.6,1.4,,,,,,
BS,6/5/26,KS,,C21025_SURB5,C2,10/-/25,5/8/26,11,Coleoptera,Elmidae,L,BL,12,4.1,4,4.1,3.6,2.7,2.9,4.6,4.8,2.7,3.1,,,,,
BS,6/5/26,KS,,C21025_SURB5,C2,10/-/25,5/8/26,11,Diptera,Chironomidae,L,BL,52,1.4,1.3,2.9,2.3,1.4,1.7,1.5,1.8,1.7,1.7,,,,,
BS,6/5/26,KS,,C21025_SURB5,C2,10/-/25,5/8/26,11,Diptera,Simuliidae,L,BL,11,1.7,1.8,1.1,3.3,1.7,2.5,1.6,2,2.1,2.4,,,,,
BS,6/5/26,KS,,C21025_SURB5,C2,10/-/25,5/8/26,11,Coleoptera,elmidae,A,BL,1,2.5,,,,,,,,,,,,,,
BS,6/5/26,KS,,C21025_SURB5,C2,10/-/25,5/8/26,11,Diptera,Limoniidae,L,BL,15,6.3,7.1,6.8,1.6,5.3,8.4,6.1,5,3.2,3.3,,,,,
BS,6/5/26,KS,,C21025_SURB5,C2,10/-/25,5/8/26,11,Diptera,Empididae,L,Bl,1,2.2,,,,,,,,,,,,,,
BS,6/5/26,KS,,C21025_SURB5,C2,10/-/25,5/8/26,11,Diptera,,P,BL,1,1.8,,,,,,,,,,,,,,
BS,6/5/26,Moira ,,T11025_SURB1,T1,10/-/25,5/8/26,1,Ephemeroptera,Baetidae,L,BL,47,1.1,0.8,3.1,0.9,1.3,1.9,1.8,1,3.2,1.1,,373 bugs in one square-OMG!,,,
BS,6/5/26,Moira ,,T11025_SURB1,T1,10/-/25,5/8/26,1,Trichoptera,Brachycentridae,L,BL,7,2.9,3.4,1.3,2,2.8,4.8,3.3,,,,,,,,
BS,6/5/26,Moira ,,T11025_SURB1,T1,10/-/25,5/8/26,1,Coleoptera,Elmidae,L,BL,2,2.7,1.3,,,,,,,,,,,,,
BS,6/5/26,Moira ,,T11025_SURB1,T1,10/-/25,5/8/26,1,Diptera,Chironomidae,L,BL,313,2,2.2,0.6,0.7,0.5,1.1,0.8,2.1,0.6,1.8,,,,,
BS,6/5/26,Moira ,,T11025_SURB1,T1,10/-/25,5/8/26,1,Diptera,Simuliidae,L,BL,1,2.4,,,,,,,,,,,,,,
BS,6/5/26,Moira ,,T11025_SURB1,T1,10/-/25,5/8/26,1,Trombidiformes,Hydrachnidae,A,BL,1,0.7,,,,,,,,,,,,,,
BS,6/5/26,Moira ,,T11025_SURB1,T1,10/-/25,5/8/26,1,Diptera,Empididae,L,BL,1,1.1,,,,,,,,,,,,,,
BS,6/5/26,Moira ,,T11025_SURB2,T1,10/-/25,5/9/26,3,Ephemeroptera,Ephemerellidae,L,BL,1,1,,,,,,,,,,,,,,
BS,6/5/26,Moira ,,T11025_SURB2,T1,10/-/25,5/9/26,3,Ephemeroptera,Baetidae,L,BL,1,0.7,,,,,,,,,,,,,,
BS,6/5/26,Moira ,,T11025_SURB2,T1,10/-/25,5/9/26,3,Trichoptera,Lepidostomatidae,L,BL,1,7.6,,,,,,,,,,,,,,
BS,6/5/26,Moira ,,T11025_SURB2,T1,10/-/25,5/9/26,3,Diptera,Chironomidae,L,BL,241,1.6,1,1.1,1.7,1.8,0.7,1.5,1.6,0.8,1.4,,,,,
BS,6/5/26,Moira ,,T11025_SURB2,T1,10/-/25,5/9/26,3,Oligochaeta ,Oligochaeta,A,BL,1,10.2,,,,,,,,,,,,,,
BS,6/5/26,Moira ,,T11025_SURB2,T1,10/-/25,5/9/26,3,"""Scud""",,A,BL,1,1.3,,,,,,,,,,,,,,
BS,6/5/26,Moira ,,T11025_SURB3,T1,10/-/25,5/9/26,4,Ephemeroptera,Ephemerellidae,L,BL,1,6.1,,,,,,,,,,,,,,
BS,6/5/26,Moira ,,T11025_SURB3,T1,10/-/25,5/9/26,4,Ephemeroptera,Baetidae,L,BL,62,1.6,1.9,1.4,1.3,1.3,1.4,0.7,1.1,1.7,1.2,,,,,
BS,6/5/26,Moira ,,T11025_SURB3,T1,10/-/25,5/9/26,4,Trichoptera,Brachycentridae,L,BL,9,2.3,1.7,6.5,8.7,2.2,1.5,2.1,1.8,1.2,,,,,,
BS,6/5/26,Moira ,,T11025_SURB3,T1,10/-/25,5/9/26,4,Trichoptera,Glossomatidae,L,BL,3,5.6,2.3,1.4,,,,,,,,,,,,
BS,6/5/26,Moira ,,T11025_SURB3,T1,10/-/25,5/9/26,4,Trichoptera,Hydropsychidae,L,BL,7,5.4,4.3,5.6,4.3,5.2,3.3,2.1,,,,,,,,
BS,6/5/26,Moira ,,T11025_SURB3,T1,10/-/25,5/9/26,4,Trichoptera,Rhyacophilidae,L,BL,2,1.6,2,,,,,,,,,,,,,
BS,6/5/26,Moira ,,T11025_SURB3,T1,10/-/25,5/9/26,4,Coleoptera,Elmidae,L,BL,1,3.8,,,,,,,,,,,,,,
BS,6/5/26,Moira ,,T11025_SURB3,T1,10/-/25,5/9/26,4,Diptera,Chironomidae,L,BL,48,5.1,4.2,2.3,1.6,2.1,2,1.4,0.8,2.4,0.9,,,,,
BS,6/5/26,Moira ,,T11025_SURB3,T1,10/-/25,5/9/26,4,Diptera,Simuliidae,L,BL,137,3.3,1.4,4.1,6.2,1.9,1.5,4.6,2.1,2.1,1.8,,,,,
BS,6/5/26,Moira ,,T11025_SURB3,T1,10/-/25,5/9/26,4,Trombidiformes,Hydrachnidae,L,BL,1,0.7,,,,,,,,,,,,,,
BS,6/5/26,Moira ,,T11025_SURB3,T1,10/-/25,5/9/26,4,Diptera ,Chironomidae,P,BL,1,2,,,,,,,,,,,,,,
BS,6/5/26,Moira ,,T11025_SURB4,T1,10/-/25,5/11/26,1,Ephemeroptera,Ephemerellidae,L,BL,1,4,,,,,,,,,,,,,,
BS,6/5/26,Moira ,,T11025_SURB4,T1,10/-/25,5/11/26,1,Ephemeroptera,Heptageniidae,L,BL,1,0.7,,,,,,,,,,,,,,
BS,6/5/26,Moira ,,T11025_SURB4,T1,10/-/25,5/11/26,1,Ephemeroptera,Baetidae,L,BL,18,1.1,1.3,0.6,0.7,1.4,1.1,1.8,0.4,1.3,1.1,,,,,
BS,6/5/26,Moira ,,T11025_SURB4,T1,10/-/25,5/11/26,1,Trichoptera,Hydroptilidae ,L,BL,1,1.7,,,,,,,,,,,,,,
BS,6/5/26,Moira ,,T11025_SURB4,T1,10/-/25,5/11/26,1,Trichoptera,Brachycentridae,L,BL,9,2.2,2.4,3.2,1.7,1.9,3.2,2.3,2.1,2.4,,,,,,
BS,6/5/26,Moira ,,T11025_SURB4,T1,10/-/25,5/11/26,1,Trichoptera,Glossomatidae,L,BL,1,6.2,,,,,,,,,,,,,,
BS,6/5/26,Moira ,,T11025_SURB4,T1,10/-/25,5/11/26,1,Coleoptera,Elmidae,L,BL,1,2.4,,,,,,,,,,,,,,
BS,6/5/26,Moira ,,T11025_SURB4,T1,10/-/25,5/11/26,1,Diptera,Chironomidae,L,BL,172,4.2,1.3,0.8,0.7,0.8,1.7,1,3.7,1.1,2.2,,,,,
BS,6/5/26,Moira ,,T11025_SURB4,T1,10/-/25,5/11/26,1,Diptera ,Simuliidae,L,BL,1,2.2,,,,,,,,,,,,,,
BS,6/5/26,Moira ,,T11025_SURB4,T1,10/-/25,5/11/26,1,Terrestrial ,,A,BL,1,1.4,,,,,,,,,,,,,,
BS,6/5/26,Moira ,,T11025_SURB5,T1,10/-/25,No date listed ,2,Ephemeroptera,Baetidae,L,BL,20,1.4,1.3,0.8,1.4,0.8,0.8,0.9,1.1,1,1.3,,,,,
BS,6/5/26,Moira ,,T11025_SURB5,T1,10/-/25,No date listed ,2,Trichoptera,Brachycentridae,L,BL,26,2.5,1.3,2.1,2.4,2.3,1.8,3.7,2.9,2.1,3.2,,,,,
BS,6/5/26,Moira ,,T11025_SURB5,T1,10/-/25,No date listed ,2,Trichoptera,Hydropsychidae,L,BL,1,5.2,,,,,,,,,,,,,,
BS,6/5/26,Moira ,,T11025_SURB5,T1,10/-/25,No date listed ,2,Coleoptera,Elmidae,L,BL,1,1.1,,,,,,,,,,,,,,
BS,6/5/26,Moira ,,T11025_SURB5,T1,10/-/25,No date listed ,2,Diptera,Chironomidae,L,BL,223,1.3,2.1,4.7,1.2,2.1,2,0.7,0.6,4.3,0.9,,,,,
BS,6/5/26,Moira ,,T11025_SURB5,T1,10/-/25,No date listed ,2,Gastropoda ,,A,BL,1,6,,,,,,,,,,,,,,
BS,6/5/26,Moira ,,T11025_SURB5,T1,10/-/25,No date listed ,2,Diptera,Chironomidae,P,BL,1,4.1,,,,,,,,,,,,,,
BS,6/5/26,Moira ,,T21025_SURB1,T2,10/-/25,5/11/26,3,Plecoptera,Perlodidae,L,BL,1,4.7,,,,,,,,,,,,,,
BS,6/5/26,Moira ,,T21025_SURB1,T2,10/-/25,5/11/26,3,Ephemeroptera,Baetidae,L,BL,15,1.9,3.8,1.8,2,1.3,1.8,0.8,1.1,2.2,2.3,,,,,
BS,6/5/26,Moira ,,T21025_SURB1,T2,10/-/25,5/11/26,3,Trichoptera,Brachycentridae,L,BL,2,2.1,3,,,,,,,,,,,,,
BS,6/5/26,Moira ,,T21025_SURB1,T2,10/-/25,5/11/26,3,Trichoptera,Glossomatidae,L,BL,2,5.8,1.4,,,,,,,,,,,,,
BS,6/5/26,Moira ,,T21025_SURB1,T2,10/-/25,5/11/26,3,Trichoptera,Hydropsychidae,L,BL,8,3.2,9.4,13.9,10.3,6.3,5,2.3,1.2,,,,,,,
BS,6/5/26,Moira ,,T21025_SURB1,T2,10/-/25,5/11/26,3,Trichoptera,Rhyacophilidae,L,BL,1,2.4,,,,,,,,,,,,,,
BS,6/5/26,Moira ,,T21025_SURB1,T2,10/-/25,5/11/26,3,Trichoptera,Lepidostomatidae,L,BL,6,1.5,6.2,5.7,2.6,2.2,1.8,,,,,,,,,
BS,6/5/26,Moira ,,T21025_SURB1,T2,10/-/25,5/11/26,3,Coleoptera,Elmidae,L,BL,2,3.8,2,,,,,,,,,,,,,
BS,6/5/26,Moira ,,T21025_SURB1,T2,10/-/25,5/11/26,3,Diptera,Chironomidae,L,BL,96,3.6,0.9,1,4.9,0.8,0.9,1,1.3,0.6,2.6,,,,,
BS,6/5/26,Moira ,,T21025_SURB1,T2,10/-/25,5/11/26,3,Diptera,Simuliidae,L,BL,68,2.3,2.6,2.1,2,2.4,3.6,2.3,3.4,3.1,2.9,,,,,
BS,6/5/26,Moira ,,T21025_SURB1,T2,10/-/25,5/11/26,3,Diptera,Athericidae,L,BL,2,4.2,3.6,,,,,,,,,,,,,
BS,6/5/26,Moira ,,T21025_SURB1,T2,10/-/25,5/11/26,3,Terrestrial ,,A,BL,1,3.2,,,,,,,,,,,,,,
BS,6/5/26,Moira ,,T21025_SURB1,T2,10/-/25,5/11/26,3,Tricladida,Planariidae ,A,BL,1,2.7,,,,,,,,,,,,,,
BS,6/5/26,Moira ,,T21025_SURB1,T2,10/-/25,5/11/26,3,Diptera,Chironomidae,L,BL,1,2.9,,,,,,,,,,,,,,
BS,6/5/26,Moira ,,T21025_SURB1,T2,10/-/25,5/11/26,3,Diptera,Empididae,L,BL,1,3,,,,,,,,,,,,,,
BS,6/5/26,KS,,T21025_SURB2,T2,10/-/25,5/11/26,10,Plecoptera,Nemouridae,L,BL,1,5,,,,,,,,,,,,,,
BS,6/5/26,KS,,T21025_SURB2,T2,10/-/25,5/11/26,10,Ephemeroptera,Ephemerellidae,L,BL,2,7,3.2,,,,,,,,,,,,,
BS,6/5/26,KS,,T21025_SURB2,T2,10/-/25,5/11/26,10,Ephemeroptera,Heptageniidae,L,BL,1,4,,,,,,,,,,,,,,
BS,6/5/26,KS,,T21025_SURB2,T2,10/-/25,5/11/26,10,Ephemeroptera,Baetidae,L,BL,32,1.5,1.1,2.2,5,1.9,2.5,1.9,1.3,2.3,2,,,,,
BS,6/5/26,KS,,T21025_SURB2,T2,10/-/25,5/11/26,10,Trichoptera,Brachycentridae,L,BL,2,1.8,3,,,,,,,,,,,,,
BS,6/5/26,KS,,T21025_SURB2,T2,10/-/25,5/11/26,10,Trichoptera,Glossomatidae,L,BL,2,5,2,,,,,,,,,,,,,
BS,6/5/26,KS,,T21025_SURB2,T2,10/-/25,5/11/26,10,Trichoptera,Hydropsychidae,L,BL,10,7,11,15,5,5.5,4.5,7.8,14.8,4,3,,,,,
BS,6/5/26,KS,,T21025_SURB2,T2,10/-/25,5/11/26,10,Trichoptera,Rhyacophilidae,L,BL,2,11,16.1,,,,,,,,,,,,,
BS,6/5/26,KS,,T21025_SURB2,T2,10/-/25,5/11/26,10,Trichoptera,Lepidostomatidae,L,BL,3,4.5,1.8,1.8,,,,,,,,,,,,
BS,6/5/26,KS,,T21025_SURB2,T2,10/-/25,5/11/26,10,Coleoptera,Elmidae,L,BL,8,4.5,4.5,6.2,3.5,2,3.7,3,5.8,,,,,,,
BS,6/5/26,KS,,T21025_SURB2,T2,10/-/25,5/11/26,10,Diptera,Limoniidae,L,BL,4,7,4.6,4.5,5,,,,,,,,,,,
BS,6/5/26,KS,,T21025_SURB2,T2,10/-/25,5/11/26,10,Diptera,Chironomidae,L,BL,65,7.5,2.1,4,2.5,6.2,1.5,1.1,2.2,3,1.3,,,,,
BS,6/5/26,KS,,T21025_SURB2,T2,10/-/25,5/11/26,10,Diptera,Simuliidae,L,BL,100,3.5,1.7,2.1,3.2,1.4,2,3.1,2.7,2.2,2.2,,,,,
BS,6/5/26,Moira ,,T21025_SURB3,T2,10/-/25,5/11/26,3,Ephemeroptera,Ephemerellidae,L,BL,1,2.4,,,,,,,,,,,,,,
BS,6/5/26,Moira ,,T21025_SURB3,T2,10/-/25,5/11/26,3,Ephemeroptera,Heptageniidae,L,BL,2,1.5,0.9,,,,,,,,,,,,,
BS,6/5/26,Moira ,,T21025_SURB3,T2,10/-/25,5/11/26,3,Ephemeroptera,Baetidae,L,BL,32,2.5,2.2,1.8,1.3,2,1.6,1.2,1.1,1.2,1.3,,,,,
BS,6/5/26,Moira ,,T21025_SURB3,T2,10/-/25,5/11/26,3,Trichoptera,Glossomatidae,L,BL,1,6.1,,,,,,,,,,,,,,
BS,6/5/26,Moira ,,T21025_SURB3,T2,10/-/25,5/11/26,3,Trichoptera,Hydropsychidae,L,BL,9,6.3,1.3,1.1,3,2.6,1.9,1.7,2.3,2.7,,,,,,
BS,6/5/26,Moira ,,T21025_SURB3,T2,10/-/25,5/11/26,3,Trichoptera,Lepidostomatidae,L,BL,3,4,3.7,1.7,,,,,,,,,,,,
BS,6/5/26,Moira ,,T21025_SURB3,T2,10/-/25,5/11/26,3,Coleoptera,Elmidae,L,BL,1,4.7,,,,,,,,,,,,,,
BS,6/5/26,Moira ,,T21025_SURB3,T2,10/-/25,5/11/26,3,Diptera,Chironomidae,L,BL,57,1.8,2.7,1.8,1.1,1.4,0.9,0.7,0.8,0.9,0.8,,,,,
BS,6/5/26,Moira ,,T21025_SURB3,T2,10/-/25,5/11/26,3,Diptera,Simuliidae,L,BL,159,2.3,3,3.9,3.1,2,2.9,2.2,2.4,2.1,3.1,,,,,
BS,6/5/26,Moira ,,T21025_SURB3,T2,10/-/25,5/11/26,3,Tricladida,Planariidae ,L,BL,3,3.6,1.5,1.6,,,,,,,,,,,,
BS,6/5/26,Moira ,,T21025_SURB4,T2,10/-/25,5/12/26,4,Ephemeroptera,Ephemerellidae,L,BL,1,2.5,,,,,,,,,,,,,,
BS,6/5/26,Moira ,,T21025_SURB4,T2,10/-/25,5/12/26,4,Ephemeroptera,Baetidae,L,BL,19,1.8,2.9,1.4,2.4,1.9,1.7,1.6,1.6,1.1,1.2,,,,,
BS,6/5/26,Moira ,,T21025_SURB4,T2,10/-/25,5/12/26,4,Trichoptera,Brachycentridae,L,BL,2,2.4,3.2,,,,,,,,,,,,,
BS,6/5/26,Moira ,,T21025_SURB4,T2,10/-/25,5/12/26,4,Trichoptera,Hydropsychidae,L,BL,6,11.4,3.5,4.1,5,6.6,1.6,,,,,,,,,
BS,6/5/26,Moira ,,T21025_SURB4,T2,10/-/25,5/12/26,4,Trichoptera,Lepidostomatidae,L,BL,2,2.2,2.1,,,,,,,,,,,,,
BS,6/5/26,Moira ,,T21025_SURB4,T2,10/-/25,5/12/26,4,Coleoptera,Elmidae,L,BL,1,3.5,,,,,,,,,,,,,,
BS,6/5/26,Moira ,,T21025_SURB4,T2,10/-/25,5/12/26,4,Diptera,Chironomidae,L,BL,125,3.2,0.8,1.3,1.5,0.9,3.5,1,3.3,0.9,0.6,,,,,
BS,6/5/26,Moira ,,T21025_SURB4,T2,10/-/25,5/12/26,4,Diptera,Simuliidae,L,BL,55,1.7,1.8,2.4,2.8,3.2,2.4,2.5,1.7,1.8,2.4,,,,,
BS,6/5/26,Moira ,,T21025_SURB4,T2,10/-/25,5/12/26,4,Diptera,Athericidae,L,BL,2,4.1,2,,,,,,,,,,,,,
BS,6/5/26,Moira ,,T21025_SURB4,T2,10/-/25,5/12/26,4,Gastropoda ,,A,BL,1,6.5,,,,,,,,,,,,,,
BS,6/5/26,Moira ,,T21025_SURB4,T2,10/-/25,5/12/26,4,Tricladida,Planariidae ,A,BL,1,3.3,,,,,,,,,,,,,,
BS,6/5/26,Moira ,,T21025_SURB5,T2,10/-/25,5/12/26,3,Ephemeroptera,Ephemerellidae,L,BL,1,3.6,,,,,,,,,,,,,,
BS,6/5/26,Moira ,,T21025_SURB5,T2,10/-/25,5/12/26,3,Ephemeroptera,Baetidae,L,BL,16,1.4,1.8,1.9,1,1.1,1.5,1.2,1.6,0.9,1.1,,,,,
BS,6/5/26,Moira ,,T21025_SURB5,T2,10/-/25,5/12/26,3,Trichoptera,Brachycentridae,L,BL,3,7.1,2.2,2.6,,,,,,,,,,,,
BS,6/5/26,Moira ,,T21025_SURB5,T2,10/-/25,5/12/26,3,Trichoptera,Glossomatidae,L,BL,2,4.4,2.4,,,,,,,,,,,,,
BS,6/5/26,Moira ,,T21025_SURB5,T2,10/-/25,5/12/26,3,Trichoptera,Hydropsychidae,L,BL,21,9.2,2.3,5.3,12.3,7.9,1.8,11.6,5.6,10.8,10.3,,,,,
BS,6/5/26,Moira ,,T21025_SURB5,T2,10/-/25,5/12/26,3,Trichoptera,Rhyacophilidae,L,BL,1,1.6,,,,,,,,,,,,,,
BS,6/5/26,Moira ,,T21025_SURB5,T2,10/-/25,5/12/26,3,Trichoptera,Lepidostomatidae,L,BL,8,4.3,6.1,5,4.3,1.5,2.6,1.7,1.1,,,,,,,
BS,6/5/26,Moira ,,T21025_SURB5,T2,10/-/25,5/12/26,3,Coleoptera,elmidae,L,BL,4,4.8,4.9,2.2,1.9,,,,,,,,,,,
BS,6/5/26,Moira ,,T21025_SURB5,T2,10/-/25,5/12/26,3,Diptera,Chironomidae,L,BL,139,1.1,3.2,1,4.8,1,1.3,2.4,1.2,9.2,4,,,,,
BS,6/5/26,Moira ,,T21025_SURB5,T2,10/-/25,5/12/26,3,Diptera,Simuliidae,L,BL,36,2.6,2.8,5.6,2.6,1.6,2.2,3.4,1.9,1.6,1.2,,,,,
BS,6/5/26,Moira ,,T21025_SURB5,T2,10/-/25,5/12/26,3,Diptera,Athericidae,L,BL,2,5.7,5,,,,,,,,,,,,,
BS,6/5/26,Moira ,,T21025_SURB5,T2,10/-/25,5/12/26,3,Tricladida,Planariidae ,A,BL,5,2.8,3.1,3,1.9,2,,,,,,,,,,
BS,6/5/26,KS,,T31025_SURB1,T3,10/-/25,5/12/26,2,Ephemeroptera,Heptageniidae,L,BL,1,1.1,,,,,,,,,,,So much didymo ,,,
BS,6/5/26,KS,,T31025_SURB1,T3,10/-/25,5/12/26,2,Ephemeroptera,Baetidae,L,BL,39,2,0.9,1,1.3,1.6,1.4,1.6,1.7,0.8,1.7,,,,,
BS,6/5/26,KS,,T31025_SURB1,T3,10/-/25,5/12/26,2,Trichoptera,Brachycentridae,L,BL,2,4,4.3,,,,,,,,,,,,,
BS,6/5/26,KS,,T31025_SURB1,T3,10/-/25,5/12/26,2,Trichoptera,Hydropsychidae,L,BL,1,2.4,,,,,,,,,,,,,,
BS,6/5/26,KS,,T31025_SURB1,T3,10/-/25,5/12/26,2,Trichoptera,Lepidostomatidae,L,BL,6,3.5,4.3,1.2,1.3,4.6,1.6,,,,,,,,,
BS,6/5/26,KS,,T31025_SURB1,T3,10/-/25,5/12/26,2,Coleoptera,Elmidae,L,BL,12,4.1,4.4,4.7,4.6,1.5,4.7,1.9,4.7,3.2,3.1,,,,,
BS,6/5/26,KS,,T31025_SURB1,T3,10/-/25,5/12/26,2,Diptera,Chironomidae,L,BL,142,5.1,1.1,1,1.3,1.1,2.3,1.4,5,1.4,2.8,,,,,
BS,6/5/26,KS,,T31025_SURB1,T3,10/-/25,5/12/26,2,Diptera,Simuliidae,L,BL,6,1.7,2.2,2,1.8,1.4,2,,,,,,,,,
BS,6/5/26,KS,,T31025_SURB1,T3,10/-/25,5/12/26,2,Tricladida,Planariidae ,L,BL,1,1.7,,,,,,,,,,,,,,
BS,6/5/26,KS,,T31025_SURB1,T3,10/-/25,5/12/26,2,Diptera,Chironomidae,P,BL,5,3.3,3,2.1,2.3,3.5,,,,,,,,,,
BS,6/5/26,KS,,T31025_SURB2,T3,10/-/25,5/13/26,1,Ephemeroptera,Ephemerellidae,L,BL,1,4,,,,,,,,,,,Super dense didymo,,,
BS,6/5/26,KS,,T31025_SURB2,T3,10/-/25,5/13/26,1,Ephemeroptera,Heptageniidae,L,BL,1,1.6,,,,,,,,,,,,,,
BS,6/5/26,KS,,T31025_SURB2,T3,10/-/25,5/13/26,1,Ephemeroptera,Baetidae,L,BL,33,2.2,3.4,1,1.9,0.9,3.1,1.7,1.4,1.1,2,,,,,
BS,6/5/26,KS,,T31025_SURB2,T3,10/-/25,5/13/26,1,Trichoptera,Brachycentridae,L,BL,1,1.9,,,,,,,,,,,,,,
BS,6/5/26,KS,,T31025_SURB2,T3,10/-/25,5/13/26,1,Trichoptera,Hydropsychidae,L,BL,1,2.7,,,,,,,,,,,,,,
BS,6/5/26,KS,,T31025_SURB2,T3,10/-/25,5/13/26,1,Trichoptera,Rhyacophilidae,L,BL,1,2.4,,,,,,,,,,,,,,
BS,6/5/26,KS,,T31025_SURB2,T3,10/-/25,5/13/26,1,Trichoptera,Lepidostomatidae,L,BL,5,2.2,4.7,3.3,1.5,1.2,,,,,,,,,,
BS,6/5/26,KS,,T31025_SURB2,T3,10/-/25,5/13/26,1,Coleoptera,Elmidae,L,BL,3,5.2,2.5,5.1,,,,,,,,,,,,
BS,6/5/26,KS,,T31025_SURB2,T3,10/-/25,5/13/26,1,Diptera,Empididae,L,BL,1,6.5,,,,,,,,,,,,,,
BS,6/5/26,KS,,T31025_SURB2,T3,10/-/25,5/13/26,1,Diptera,Chironomidae,L,BL,107,1.4,2,5.2,6.2,6.9,0.8,2.1,2.4,1.9,0.9,,,,,
BS,6/5/26,KS,,T31025_SURB2,T3,10/-/25,5/13/26,1,Diptera,Simuliidae,L,BL,52,5.6,1.9,3.3,1.4,2.5,2.6,0.9,2.3,1.7,3.2,,,,,
BS,6/5/26,KS,,T31025_SURB2,T3,10/-/25,5/13/26,1,Terrestrial ,,A,BL,1,2.8,,,,,,,,,,,,,,
BS,6/5/26,KS,,T31025_SURB2,T3,10/-/25,5/13/26,1,Gastropoda ,,A,BL,2,12.5,3.6,,,,,,,,,,,,,
BS,6/5/26,KS,,T31025_SURB2,T3,10/-/25,5/13/26,1,Amphipoda  ,,A,BL,1,5.2,,,,,,,,,,,,,,
BS,6/5/26,KS,,T31025_SURB2,T3,10/-/25,5/13/26,1,Diptera,,P,BL,1,2.4,,,,,,,,,,,,,,
BS,6/5/26,Moira ,,T31025_SURB3,T3,10/-/25,5/14/26,2,Ephemeroptera,Baetidae,L,BL,11,1.2,0.9,1,1.3,1.5,2.2,0.8,1.3,1.3,1.6,,,,,
BS,6/5/26,Moira ,,T31025_SURB3,T3,10/-/25,5/14/26,2,Trichoptera,Lepidostomatidae,L,BL,5,6.2,2.1,2,1.6,2,,,,,,,,,,
BS,6/5/26,Moira ,,T31025_SURB3,T3,10/-/25,5/14/26,2,Coleoptera,Elmidae,L,BL,7,3.2,2.4,3.9,1.4,2.5,1.6,1.1,,,,,,,,
BS,6/5/26,Moira ,,T31025_SURB3,T3,10/-/25,5/14/26,2,Diptera,Chironomidae,L,BL,175,2.8,4.4,1,2.1,0.9,0.8,1,1.3,1.6,0.8,,,,,
BS,6/5/26,Moira ,,T31025_SURB3,T3,10/-/25,5/14/26,2,Diptera,Simuliidae,L,BL,8,2,1.6,1.6,1.1,2.6,1.9,1.8,1.3,,,,,,,
BS,6/5/26,Moira ,,T31025_SURB3,T3,10/-/25,5/14/26,2,Tricladida,Planariidae ,A,BL,3,2.4,2.3,2.8,,,,,,,,,,,,
BS,6/5/26,Moira ,,T31025_SURB3,T3,10/-/25,5/14/26,2,Oligochaeta ,Oligochaeta,A,BL,16,1.1,1.5,0.9,1.4,2.1,1.6,1.1,2,1,1.3,,,,,
BS,6/5/26,Moira ,,T31025_SURB3,T3,10/-/25,5/14/26,2,Amphipoda  ,,A,BL,2,4.1,3.2,,,,,,,,,,,,,
BS,6/5/26,Moira ,,T31025_SURB3,T3,10/-/25,5/14/26,2,Diptera,Chironomidae,P,BL,1,1.9,,,,,,,,,,,,,,
BS,6/5/26,Moira ,,T31025_SURB4,T3,10/-/25,5/14/26,2,Ephemeroptera,Heptageniidae,L,BL,1,1.6,,,,,,,,,,,,,,
BS,6/5/26,Moira ,,T31025_SURB4,T3,10/-/25,5/14/26,2,Ephemeroptera,Baetidae,L,BL,25,3.3,1.5,0.9,1.1,2.2,1,1.3,0.9,1.1,0.8,,,,,
BS,6/5/26,Moira ,,T31025_SURB4,T3,10/-/25,5/14/26,2,Ephemeroptera,Leptophlebidae,L,BL,1,1.7,,,,,,,,,,,,,,
BS,6/5/26,Moira ,,T31025_SURB4,T3,10/-/25,5/14/26,2,Trichoptera,Hydrachnidae,L,BL,1,2.7,,,,,,,,,,,,,,
BS,6/5/26,Moira ,,T31025_SURB4,T3,10/-/25,5/14/26,2,Trichoptera,Lepidostomatidae,L,BL,6,5.7,5.9,1.8,2.3,2.1,1.2,,,,,,,,,
BS,6/5/26,Moira ,,T31025_SURB4,T3,10/-/25,5/14/26,2,Coleoptera,,L,BL,6,3.8,4.1,1.3,4,3.3,1.1,,,,,,,,,
BS,6/5/26,Moira ,,T31025_SURB4,T3,10/-/25,5/14/26,2,Diptera,Chironomidae,L,BL,151,4.2,0.7,1.7,1.1,1.2,0.8,0.9,3.5,1.8,1.5,,,,,
BS,6/5/26,Moira ,,T31025_SURB4,T3,10/-/25,5/14/26,2,Diptera,Simuliidae,L,BL,22,2.5,1.4,2.3,1.7,1.8,2.1,1.3,1.9,2.1,2.2,,,,,
BS,6/5/26,Moira ,,T31025_SURB4,T3,10/-/25,5/14/26,2,Tricladida,Planariidae ,A,BL,1,2.6,,,,,,,,,,,,,,
BS,6/5/26,Moira ,,T31025_SURB4,T3,10/-/25,5/14/26,2,Terrestrial ,,A,BL,1,3.6,,,,,,,,,,,,,,
BS,6/5/26,Moira ,,T31025_SURB4,T3,10/-/25,5/14/26,2,Diptera,Chironomidae,P,BL,1,3.1,,,,,,,,,,,,,,
BS,6/5/26,Moira ,,T31025_SURB5,T3,10/-/25,5/14/26,1,Ephemeroptera,Ephemerellidae,L,BL,2,3.8,1.4,,,,,,,,,,,,,
BS,6/5/26,Moira ,,T31025_SURB5,T3,10/-/25,5/14/26,1,Ephemeroptera,Baetidae,L,BL,14,1.4,1.1,1.3,1.2,0.9,1.3,3.1,2.7,1.4,0.9,,,,,
BS,6/5/26,Moira ,,T31025_SURB5,T3,10/-/25,5/14/26,1,Trichoptera,Brachycentridae,L,BL,1,4.3,,,,,,,,,,,,,,
BS,6/5/26,Moira ,,T31025_SURB5,T3,10/-/25,5/14/26,1,Trichoptera,Lepidostomatidae,L ,BL,2,6.8,4,,,,,,,,,,,,,
BS,6/5/26,Moira ,,T31025_SURB5,T3,10/-/25,5/14/26,1,Coleoptera,,L,BL,8,4.6,3.7,5.1,4.7,5,3.9,4.6,1.6,,,,,,,
BS,6/5/26,Moira ,,T31025_SURB5,T3,10/-/25,5/14/26,1,Diptera,Chironomidae,L,BL,317,1.2,3,4.1,0.8,1.4,0.9,0.8,1,1.2,5,,,,,
BS,6/5/26,Moira ,,T31025_SURB5,T3,10/-/25,5/14/26,1,Diptera,Simuliidae,L,BL,1,2.4,,,,,,,,,,,,,,
BS,6/5/26,Moira ,,T31025_SURB5,T3,10/-/25,5/14/26,1,Trichoptera,Hydrachnidae,L,BL,1,1,,,,,,,,,,,,,,
BS,6/5/26,Moira ,,T31025_SURB5,T3,10/-/25,5/14/26,1,Gastropoda ,,A,BL,1,5.9,,,,,,,,,,,,,,
BS,6/5/26,Moira ,,T31025_SURB5,T3,10/-/25,5/14/26,1,Amphipoda  ,,A,BL,1,6.9,,,,,,,,,,,,,,